country_code,country_name,year,barley_export_qty_t,barley_export_value_ths_usd,butter_of_cow_milk_export_qty_t,butter_of_cow_milk_export_value_ths_usd,cattle_export_qty_an,cattle_export_value_ths_usd,cheese_from_milk_of_sheep_export_qty_t,cheese_from_milk_of_sheep_export_value_ths_usd,cheese_from_whole_cow_milk_export_qty_t,cheese_from_whole_cow_milk_export_value_ths_usd,chickens_export_qty_ths_an,chickens_export_value_ths_usd,cream_fresh_export_qty_t,cream_fresh_export_value_ths_usd,crops_and_livestock_products_export_value_ths_usd,dairy_products_export_qty_t,dairy_products_export_value_ths_usd,eggs_liquid_export_qty_t,eggs_liquid_export_value_ths_usd,goats_export_qty_an,goats_export_value_ths_usd,hen_eggs_in_shell_fresh_export_qty_t,hen_eggs_in_shell_fresh_export_value_ths_usd,meat_of_cattle_boneless_export_qty_t,meat_of_cattle_boneless_export_value_ths_usd,meat_of_cattle_with_the_bone_export_qty_t,meat_of_cattle_with_the_bone_export_value_ths_usd,meat_of_chickens_export_qty_t,meat_of_chickens_export_value_ths_usd,meat_of_goat_export_qty_t,meat_of_goat_export_value_ths_usd,meat_of_pig_boneless_export_qty_t,meat_of_pig_boneless_export_value_ths_usd,meat_of_pig_with_the_bone_export_qty_t,meat_of_pig_with_the_bone_export_value_ths_usd,meat_of_sheep_export_qty_t,meat_of_sheep_export_value_ths_usd,oats_export_qty_t,oats_export_value_ths_usd,oats_rolled_export_qty_t,oats_rolled_export_value_ths_usd,other_vegetables_fresh_export_qty_t,other_vegetables_fresh_export_value_ths_usd,potatoes_export_qty_t,potatoes_export_value_ths_usd,raw_milk_of_cattle_export_qty_t,raw_milk_of_cattle_export_value_ths_usd,sheep_export_qty_an,sheep_export_value_ths_usd,skim_milk_and_whey_powder_export_qty_t,skim_milk_and_whey_powder_export_value_ths_usd,skim_milk_condensed_export_qty_t,skim_milk_condensed_export_value_ths_usd,skim_milk_of_cows_export_qty_t,skim_milk_of_cows_export_value_ths_usd,swine_per_pigs_export_qty_an,swine_per_pigs_export_value_ths_usd,vegetable_products_export_qty_t,vegetable_products_export_value_ths_usd,vegetables_frozen_export_qty_t,vegetables_frozen_export_value_ths_usd,wheat_export_qty_t,wheat_export_value_ths_usd,whole_milk_condensed_export_qty_t,whole_milk_condensed_export_value_ths_usd,whole_milk_powder_export_qty_t,whole_milk_powder_export_value_ths_usd,wool_degreased_or_carbonized_export_qty_t,wool_degreased_or_carbonized_export_value_ths_usd,wool_hair_waste_export_qty_t,wool_hair_waste_export_value_ths_usd,wool_shoddy_export_qty_t,wool_shoddy_export_value_ths_usd
32,Argentina,2000,36926.56,4991.0,6039.24,8822.0,14021.0,2180.0,,,24955.45,59414.0,1215.0,2367.0,695.82,638.0,10777172.99,8645.27,4687.0,18.16,28.0,0.0,0.0,29.85,74.0,156131.62,493135.0,3705.8,4523.0,16616.07,8530.0,30.47,46.0,6.4,12.0,0.0,0.0,1492.7,3888.0,16924.66,1892.0,413.87,389.0,1044.33,614.0,39244.9,4443.0,23498.67,7339.0,100.0,7.0,22028.62,41841.0,,,123.72,45.0,0.0,0.0,0.0,0.0,729.19,686.0,11019021.0,1218077.0,303.0,314.0,97667.78,187366.0,6792.88,15167.0,2038.51,2867.0,,
32,Argentina,2001,201329.0,27320.0,2308.0,2992.0,79.0,11.0,,,17546.0,49396.0,953.0,1871.0,456.0,408.0,10959286.39,11162.0,7154.0,0.0,0.0,0.0,0.0,469.0,1373.0,42620.0,113557.0,416.0,549.0,17171.0,10366.0,13.0,19.0,45.0,78.0,0.0,0.0,983.0,1959.0,15964.0,1723.0,335.0,325.0,1246.0,506.0,16950.0,1972.0,6731.0,1980.0,0.0,0.0,19796.0,41839.0,,,87.0,35.0,0.0,0.0,1.0,2.0,729.0,624.0,10790517.0,1301552.0,59.0,88.0,84758.0,169917.0,7490.0,15282.0,2231.0,2762.0,,
32,Argentina,2002,112898.0,15903.0,3996.0,3877.0,0.0,0.0,,,25781.0,54183.0,547.0,328.0,153.0,108.0,11022645.97,6194.0,4227.0,0.0,0.0,0.0,0.0,163.0,1155.0,159039.0,345216.0,992.0,1058.0,27389.0,16800.0,72.0,86.0,36.0,35.0,0.0,0.0,1907.0,3861.0,8475.0,843.0,407.0,336.0,1578.0,427.0,17094.0,1600.0,10155.0,2446.0,3800.0,71.0,21387.0,30541.0,,,0.0,0.0,10.0,4.0,11.0,16.0,891.0,632.0,9051610.0,1097362.0,79.0,67.0,136306.0,194629.0,7757.0,14355.0,3366.0,3868.0,,
32,Argentina,2003,66150.0,9731.0,558.0,878.0,1420.0,751.0,,,23208.0,53589.0,0.0,1.0,25.0,31.0,13867212.31,8894.0,8548.0,33.0,28.0,0.0,0.0,146.0,107.0,177932.0,455467.0,5575.0,6077.0,40348.0,32403.0,297.0,413.0,0.0,0.0,0.0,0.0,4588.0,10543.0,65.0,15.0,346.0,305.0,2663.0,692.0,11855.0,829.0,1902.0,603.0,10698.0,199.0,13884.0,21125.0,,,0.0,0.0,450.0,54.0,48.0,61.0,798.0,580.0,6169213.0,940518.0,44.0,53.0,100403.0,180033.0,7984.0,17600.0,3969.0,4975.0,,
32,Argentina,2004,196665.0,31781.0,3900.0,7287.0,1429.0,558.0,,,34823.0,87383.0,0.0,0.0,78.0,98.0,15807156.4,8707.0,11838.0,140.0,188.0,0.0,0.0,849.0,563.0,317946.0,811298.0,9105.0,12339.0,64669.0,55642.0,364.0,455.0,24.0,41.0,0.0,0.0,6224.0,17797.0,135.0,34.0,458.0,402.0,5040.0,1367.0,20712.0,1924.0,7423.0,2522.0,35519.0,1399.0,17266.0,32927.0,,,72.0,26.0,186.0,24.0,0.0,0.0,1179.0,926.0,9976599.0,1365480.0,29.0,38.0,176981.0,362539.0,5824.0,14256.0,4809.0,7645.0,,
32,Argentina,2005,325359.0,40970.0,1675.0,3396.0,1037.0,1167.0,,,52081.0,143756.0,0.0,0.0,515.0,718.0,17952610.57,9644.0,14503.0,488.0,585.0,50.0,10.0,2917.0,2277.0,428307.0,1158375.0,9240.0,12531.0,111696.0,110209.0,324.0,438.0,34.0,65.0,0.0,0.0,8555.0,27155.0,2483.0,297.0,548.0,475.0,9191.0,2542.0,33207.0,2863.0,12735.0,4739.0,0.0,0.0,16016.0,33860.0,,,421.0,137.0,26.0,18.0,33.0,51.0,2118.0,1628.0,10431146.0,1280585.0,5.0,10.0,162745.0,372169.0,4598.0,13430.0,4107.0,7584.0,,
32,Argentina,2006,389707.0,55974.0,12367.0,21284.0,1903.0,2077.0,,,58197.0,162881.0,14.0,25.0,1362.0,1365.0,19581847.93,7182.0,14288.0,239.0,262.0,0.0,0.0,2542.0,2274.0,304898.0,1096573.0,10778.0,19245.0,117835.0,111750.0,274.0,396.0,0.0,0.0,0.0,0.0,7340.0,22906.0,1758.0,261.0,478.0,449.0,10029.0,3046.0,16330.0,1550.0,15017.0,5729.0,59.0,34.0,22686.0,48245.0,,,1394.0,432.0,101.0,69.0,102.0,140.0,2249.0,2100.0,9697359.0,1472023.0,0.0,0.0,212519.0,473191.0,4666.0,16014.0,3956.0,8224.0,,
32,Argentina,2007,523179.0,93490.0,12744.0,27987.0,1950.0,2046.0,,,45372.0,146700.0,150.0,378.0,798.0,1110.0,27142279.19,5565.0,29403.0,237.0,299.0,0.0,0.0,2141.0,2549.0,292739.0,1201542.0,4352.0,7790.0,151048.0,186061.0,233.0,333.0,40.0,60.0,0.0,0.0,5869.0,17386.0,1840.0,564.0,698.0,676.0,11274.0,4003.0,8285.0,1214.0,9212.0,5382.0,141.0,71.0,10597.0,32037.0,,,89.0,48.0,0.0,0.0,71.0,115.0,2016.0,1900.0,9645491.0,2015981.0,0.0,0.0,101524.0,313588.0,8033.0,27163.0,4408.0,9215.0,,
32,Argentina,2008,960090.0,262024.0,14557.0,49122.0,1573.0,2332.0,,,36213.0,171023.0,187.0,543.0,396.0,647.0,35556849.09,6094.0,38918.0,179.0,313.0,0.0,0.0,1417.0,1942.0,214260.0,1349317.0,7921.0,19495.0,193159.0,278779.0,172.0,279.0,347.0,283.0,478.0,987.0,5771.0,22141.0,1091.0,525.0,2500.0,2028.0,15883.0,6119.0,17094.0,2855.0,22343.0,15330.0,759.0,50.0,13935.0,50669.0,,,43.0,29.0,0.0,0.0,207.0,386.0,3311.0,3807.0,8772264.0,2547287.0,0.0,0.0,103419.0,394331.0,5495.0,17242.0,5131.0,11580.0,,
32,Argentina,2009,1011887.0,189317.0,14141.0,26184.0,2785.0,2985.0,,,48076.0,149050.0,223.0,679.0,528.0,576.0,26642988.58,4839.0,21070.0,173.0,214.0,0.0,0.0,1486.0,1756.0,372464.0,1513497.0,6826.0,16375.0,209271.0,259873.0,219.0,422.0,256.0,174.0,75.0,116.0,7158.0,26796.0,4786.0,1637.0,4280.0,1573.0,20904.0,7508.0,20220.0,3685.0,21543.0,10898.0,16.0,8.0,12530.0,27991.0,,,33.0,20.0,91.0,116.0,101.0,224.0,2492.0,2870.0,5118007.0,1001972.0,0.0,0.0,146824.0,347805.0,2500.0,7649.0,3420.0,7703.0,,
32,Argentina,2010,535794.0,107458.0,10477.0,40873.0,960.0,1691.0,,,45547.0,191322.0,340.0,1126.0,655.0,815.0,32781403.02,3865.0,16704.0,192.0,264.0,0.0,0.0,1080.0,1631.0,152180.0,1040999.0,2600.0,8015.0,251019.0,379140.0,901.0,2024.0,13.0,16.0,0.0,0.0,7326.0,30015.0,556.0,229.0,838.0,910.0,19825.0,8624.0,29771.0,7517.0,17430.0,11180.0,4599.0,194.0,19891.0,61489.0,,,54.0,35.0,0.0,0.0,96.0,210.0,4009.0,4428.0,4038997.0,901823.0,0.0,0.0,129135.0,459581.0,2928.0,12495.0,3852.0,9722.0,,
32,Argentina,2011,2149148.0,552184.0,19345.0,85564.0,421.0,682.0,,,60626.0,286444.0,283.0,1179.0,976.0,1295.0,43206466.6,3416.0,16097.0,71.0,230.0,0.0,0.0,1051.0,1374.0,124903.0,1135297.0,4848.0,18904.0,266487.0,432099.0,736.0,2101.0,5.0,4.0,0.0,0.0,5383.0,30890.0,6368.0,1533.0,781.0,904.0,16776.0,9953.0,20020.0,4897.0,13446.0,9845.0,76.0,35.0,18556.0,68659.0,,,1088.0,837.0,0.0,0.0,16.0,58.0,4299.0,5079.0,8411136.0,2508660.0,0.0,0.0,202019.0,843459.0,1981.0,11903.0,3194.0,11381.0,,
32,Argentina,2012,3448276.0,842808.0,17123.0,59277.0,2398.0,4714.0,,,55500.0,254933.0,243.0,1161.0,0.0,0.0,40691544.0,2628.0,10895.0,0.0,0.0,0.0,0.0,538.0,771.0,111419.0,992045.0,357.0,1476.0,329124.0,528655.0,105.0,328.0,26.0,34.0,0.0,0.0,2963.0,15024.0,13673.0,2851.0,1110.0,1199.0,1713.0,966.0,15047.0,3408.0,5867.0,4623.0,5.0,13.0,14136.0,49811.0,,,55.0,40.0,0.0,0.0,386.0,1833.0,1090.0,1651.0,11461359.0,2937805.0,0.0,0.0,204489.0,768717.0,951.0,5233.0,3072.0,11544.0,,
32,Argentina,2013,3359576.0,912296.0,12997.0,54565.0,280.0,616.0,,,53159.0,254977.0,289.0,1190.0,0.0,0.0,40052231.0,3869.0,12412.0,0.0,0.0,0.0,0.0,0.0,0.0,124986.0,976371.0,4106.0,16741.0,365516.0,649339.0,35.0,35.0,60.0,85.0,0.0,0.0,1604.0,6753.0,1811.0,706.0,849.0,912.0,1400.0,1230.0,47114.0,11328.0,4263.0,3187.0,49.0,47.0,25379.0,106507.0,,,43.0,33.0,0.0,0.0,4.0,18.0,288.0,642.0,2388934.0,725394.0,0.0,0.0,189029.0,845118.0,1917.0,11855.0,2267.0,8687.0,,
32,Argentina,2014,2730126.59,627916.0,9717.33,45306.0,622.0,1569.0,,,57227.12,286354.0,196.0,1144.0,,,35866213.48,2612.66,8900.0,,,,,725.61,2345.0,138147.61,1036372.0,886.13,2418.0,310197.93,546677.0,68.57,44.0,24.36,27.0,27.0,32.0,3303.71,13954.0,1939.46,854.0,733.9,911.0,1506.95,1320.0,15220.15,3916.0,3897.59,2837.0,16.0,49.0,21701.34,92275.0,,,15.76,13.0,94.0,93.0,24.71,49.0,446.73,807.0,1852411.34,603676.0,,,144724.73,713530.0,2070.67,10630.0,2263.76,8045.0,6.19,15.0
32,Argentina,2015,1541983.11,348782.0,7614.07,25941.0,334.0,731.0,,,43274.1,175478.0,181.0,1059.0,,,32745692.47,2641.06,6488.0,69.34,172.0,,,1088.83,4045.0,130945.14,862970.0,552.88,925.0,212674.84,307779.0,173.04,184.0,361.3,520.0,,,1453.92,5918.0,1640.24,623.0,545.93,782.0,1717.11,1761.0,30082.79,5372.0,2422.57,1831.0,27.0,33.0,24228.48,62144.0,,,20.87,17.0,157.0,117.0,,,732.82,1197.0,4311206.53,1032845.0,,,138279.53,496027.0,1792.8,8816.0,1988.64,7339.0,,
32,Argentina,2016,3227439.35,599701.0,4052.34,15243.0,375.0,871.0,,,52626.41,189551.0,127.0,740.0,,,34879708.28,2446.5,5545.0,434.76,1117.0,3.0,3.0,17.48,47.0,149570.26,1013573.0,4758.69,14182.0,183347.33,237602.0,183.93,334.0,524.0,625.0,,,1527.83,6698.0,3392.42,1035.0,1541.61,1140.0,1635.08,1369.0,75486.16,19203.0,1194.68,822.0,25.0,26.0,25790.89,57283.0,,,51.58,34.0,8.0,23.0,34.94,143.0,585.69,813.0,10266234.05,1867745.0,,,109555.99,294336.0,1853.38,11253.0,1912.19,8038.0,,
32,Argentina,2017,2564499.82,456491.0,3028.39,16707.0,202.0,750.0,,,44077.36,197852.0,440.0,1445.0,,,33176619.45,1948.53,5388.0,114.41,294.0,,,144.11,189.0,203924.75,1282110.0,4652.1,14109.0,204098.83,285244.0,171.51,477.0,900.83,1764.0,857.59,1868.0,1734.78,7985.0,837.99,390.0,1020.86,1026.0,1439.85,1338.0,43508.61,6366.0,1517.77,945.0,10.0,10.0,20117.68,51609.0,,,30.17,24.0,269.0,129.0,10.9,17.0,728.4,1150.0,13099132.92,2361855.0,,,70842.13,231059.0,1198.94,6834.0,2119.83,9083.0,,
32,Argentina,2018,2587695.8,537089.0,5090.26,23440.0,208.0,836.0,,,48784.9,198417.0,,,,,31073789.01,,,,,,,,,363637.26,1929503.0,2016.0,2375.0,162443.43,238736.0,,,3400.38,8108.0,5815.58,12275.0,927.8,5427.0,70.27,39.0,619.0,617.0,1421.53,918.0,40417.45,3452.0,415.02,267.0,26.0,27.0,21271.63,46613.0,,,,,,,,,162.16,164.0,11724765.36,2419213.0,,,122159.81,362938.0,845.99,4680.0,1444.07,5105.0,,
32,Argentina,2019,2517497.4,587557.0,9216.51,43771.0,402.0,1051.0,,,50071.74,198028.0,,,,,35946818.36,,,,,,,,,543389.13,3005844.0,18892.26,68265.0,230513.9,358972.0,189.37,368.0,4924.12,13293.0,5891.76,12066.0,1058.61,5066.0,,,,,1496.69,831.0,61086.25,7718.0,505.31,293.0,58.0,38.0,22209.34,53412.0,,,,,,,,,,,10542597.82,2295535.0,,,92986.42,286030.0,699.52,2965.0,1244.19,7170.0,,
32,Argentina,2020,2233130.0,457326.0,14126.77,52453.0,125.0,221.0,,,57392.73,219394.0,,,,,33308378.29,,,,,,,,,553945.31,2576998.0,62032.43,130095.0,179460.36,246749.0,,,12069.85,28875.0,10963.79,23120.0,1111.06,5918.0,3085.16,517.0,62.33,16.0,1927.2,760.0,60710.56,5202.0,2283.09,1086.0,,,24702.98,64140.0,,,,,,,,,,,10196930.53,2029494.0,,,142458.86,428290.0,134.65,394.0,486.77,2574.0,,
32,Argentina,2021,2295881.24,543271.0,14933.95,59605.0,,,,,55018.57,230033.0,,,,,37784613.85,,,,,,,,,451654.0,2512822.0,108269.85,220537.0,156542.47,231652.0,,,7498.28,18732.0,8778.36,20427.0,81.48,406.0,440.96,57.0,,,1540.43,730.0,53731.97,5969.0,963.75,550.0,,,13809.71,41331.0,,,,,,,,,346.47,169.0,9485175.01,2454059.0,,,128565.55,442458.0,44.73,182.0,,,,
32,Argentina,2022,3684543.7,1161362.0,17622.65,87199.0,113.0,118.0,,,65736.69,306932.0,,,,,50219284.1,,,,,,,,,527694.65,3246475.0,101271.39,188794.0,179621.83,298838.0,272.73,324.0,460.56,133.0,,,1672.72,5961.0,514.78,174.0,,,2047.83,911.0,54702.26,8312.0,6024.13,3692.0,42.0,11.0,29208.5,108052.0,,,,,,,,,1187.7,605.0,12938182.07,4000808.0,,,151400.08,602695.0,363.96,1753.0,770.56,4871.0,,
32,Argentina,2023,2837265.0,914898.0,15214.73,68606.0,165.0,190.0,,,66714.17,306961.0,,,,,32777888.27,,,,,,,,,550693.61,2571249.0,129904.82,187565.0,115296.42,116270.0,123.31,129.0,1231.61,740.0,,,1443.7,3371.0,81.52,38.0,,,1967.05,832.0,42306.34,6242.0,8583.78,5916.0,,,20880.36,70759.0,,,4812.45,3312.0,,,,,1443.92,827.0,2844595.54,999432.0,,,103025.55,371818.0,299.67,1246.0,625.69,3995.0,,
36,Australia,2000,2956215.0,389939.0,114849.0,169032.0,895982.0,279900.0,,,232735.0,529316.0,2322.0,486.0,12290.0,10900.0,15512645.0,4567.0,10264.0,685.0,902.0,51301.0,1789.0,129.0,715.0,880289.0,1994933.0,49508.0,86249.0,14127.0,9977.0,10569.0,22095.0,,,39007.0,93187.0,300123.0,479903.0,138639.0,15519.0,17234.0,6180.0,8577.0,8099.0,30698.0,8554.0,67605.0,32565.0,5421408.0,123503.0,219267.0,349958.0,,,7205.0,4245.0,373.0,258.0,501.0,723.0,4453.0,4143.0,17724364.0,2219498.0,15719.0,14547.0,203915.0,371840.0,108759.0,365628.0,13134.0,17221.0,,
36,Australia,2001,2189180.0,282241.0,97411.0,147930.0,826274.0,282011.0,,,206303.0,507237.0,8.0,9.0,14524.0,12925.0,15772403.16,1954.0,5269.0,762.0,931.0,105817.0,3489.0,96.0,493.0,938345.0,2253006.0,32297.0,62380.0,20367.0,12006.0,10599.0,18555.0,,,52751.0,122541.0,295924.0,559361.0,86352.0,11918.0,18269.0,6303.0,12689.0,8439.0,37284.0,8064.0,59235.0,28733.0,6818250.0,189506.0,180559.0,360809.0,,,8142.0,4540.0,2448.0,798.0,342.0,675.0,5148.0,4158.0,15542103.0,2239694.0,24227.0,21261.0,189846.0,395102.0,91560.0,322476.0,10618.0,16030.0,,
36,Australia,2002,3687653.0,457254.0,110117.0,143617.0,972340.0,331865.0,,,206742.0,488609.0,52.0,68.0,18820.0,17763.0,16030888.0,1673.0,4119.0,914.0,1078.0,136125.0,5574.0,96.0,513.0,911237.0,2170330.0,39463.0,76314.0,16853.0,9436.0,13773.0,25741.0,,,61898.0,145630.0,280828.0,590502.0,202921.0,28111.0,25551.0,9377.0,11372.0,8482.0,38229.0,11543.0,59150.0,30999.0,6076802.0,223067.0,240588.0,330235.0,,,9300.0,5642.0,2419.0,806.0,213.0,348.0,3423.0,2801.0,14697182.0,2249551.0,22948.0,21477.0,245229.0,425729.0,75217.0,345570.0,8699.0,11641.0,,
36,Australia,2003,2205071.0,354033.0,80864.0,121248.0,774226.0,316918.0,,,209359.0,485476.0,0.0,0.0,23658.0,24599.0,15146159.0,1534.0,3809.0,726.0,921.0,72335.0,8081.0,108.0,571.0,840054.0,2275259.0,32163.0,75056.0,15778.0,9986.0,13469.0,31494.0,,,58020.0,141166.0,233943.0,634935.0,97927.0,20081.0,25638.0,12598.0,7625.0,7670.0,46846.0,16129.0,55730.0,33458.0,4742432.0,222902.0,133994.0,206184.0,,,8199.0,5554.0,556.0,249.0,573.0,1288.0,2708.0,3460.0,9503389.0,1574014.0,14589.0,15697.0,165416.0,342518.0,51301.0,293464.0,5914.0,10676.0,,
36,Australia,2004,6710009.0,957696.0,73617.0,142688.0,637152.0,351391.0,,,238026.0,643575.0,37.0,70.0,27826.0,37908.0,20915211.0,2272.0,5786.0,845.0,1228.0,50486.0,3449.0,750.0,2374.0,929026.0,3296695.0,34785.0,96400.0,14474.0,10719.0,16431.0,43879.0,,,46140.0,122346.0,258651.0,786435.0,214513.0,30230.0,36058.0,16327.0,6483.0,8575.0,52345.0,19995.0,50002.0,35920.0,3397140.0,168647.0,151854.0,304847.0,,,6857.0,5573.0,1173.0,371.0,121.0,243.0,5023.0,5954.0,18450822.0,3089044.0,14128.0,18140.0,172115.0,408747.0,54768.0,292517.0,3914.0,9880.0,,
36,Australia,2005,3928049.0,566860.0,67559.0,161143.0,572799.0,311255.0,,,208043.0,642154.0,251.0,450.0,22245.0,36870.0,20074891.0,3294.0,9047.0,468.0,778.0,41732.0,3885.0,85.0,925.0,923138.0,3398957.0,53831.0,167920.0,17466.0,12785.0,20199.0,56747.0,,,41557.0,100604.0,293017.0,924273.0,134862.0,25419.0,41810.0,19453.0,6341.0,8941.0,50356.0,18700.0,56088.0,39785.0,4184920.0,214321.0,165699.0,378456.0,,,11144.0,9370.0,1362.0,404.0,143.0,420.0,3954.0,4563.0,13914503.0,2280547.0,13768.0,19154.0,156701.0,411521.0,48600.0,251559.0,2775.0,5776.0,,
36,Australia,2006,4799488.0,698931.0,78355.0,149419.0,637082.0,337367.0,,,209548.0,630559.0,1446.0,2468.0,18795.0,29477.0,21145546.0,1442.0,5474.0,340.0,580.0,57527.0,5369.0,157.0,839.0,954118.0,3494841.0,52983.0,167191.0,16149.0,11068.0,21952.0,68268.0,,,44853.0,113683.0,320746.0,969503.0,185574.0,35284.0,47609.0,22700.0,6154.0,9779.0,34809.0,14880.0,52615.0,34733.0,4185538.0,221067.0,184486.0,397982.0,,,10463.0,8840.0,455.0,241.0,335.0,698.0,2090.0,3493.0,14975540.0,2540673.0,15581.0,22175.0,168655.0,383236.0,46397.0,236287.0,1818.0,4279.0,,
36,Australia,2007,1840143.0,451357.0,65433.0,157931.0,719527.0,436137.0,,,217219.0,744778.0,1138.0,3925.0,16908.0,27264.0,20986053.0,1838.0,9827.0,228.0,428.0,89933.0,9510.0,90.0,786.0,940625.0,3582282.0,51320.0,181448.0,24541.0,18709.0,15988.0,51637.0,,,40550.0,115295.0,320978.0,1049351.0,30207.0,10795.0,46927.0,34212.0,5340.0,10290.0,25538.0,12214.0,50894.0,39273.0,3773029.0,219749.0,133689.0,449113.0,,,10124.0,9651.0,468.0,481.0,141.0,290.0,2030.0,3590.0,6755804.0,1606491.0,16881.0,27591.0,116107.0,407178.0,37244.0,258482.0,1470.0,4988.0,,
36,Australia,2008,3485080.0,1071782.0,47515.0,176652.0,868510.0,545637.0,,,157931.0,773333.0,2036.0,5413.0,10405.0,26136.0,24160981.0,1086.0,6189.0,237.0,463.0,79763.0,7860.0,172.0,1279.0,939356.0,4061227.0,55052.0,187635.0,27189.0,25322.0,17528.0,53113.0,,,35580.0,104651.0,315783.0,1128818.0,191670.0,52433.0,59929.0,40169.0,6127.0,11898.0,15547.0,10284.0,45590.0,41970.0,4214989.0,274673.0,125582.0,437259.0,,,8815.0,9623.0,312.0,255.0,128.0,326.0,1949.0,3863.0,8278014.0,2541255.0,15418.0,31973.0,140887.0,600542.0,33446.0,220529.0,979.0,4334.0,,
36,Australia,2009,3247894.0,605938.0,83466.0,178612.0,954143.0,527377.0,,,162412.0,554512.0,1778.0,6843.0,10393.0,21153.0,22312598.0,255.0,539.0,400.0,735.0,97621.0,9093.0,165.0,1241.0,917905.0,3302972.0,46366.0,105261.0,29231.0,26529.0,24758.0,68249.0,,,30041.0,93656.0,310328.0,1151699.0,168218.0,38677.0,70886.0,41826.0,6531.0,12005.0,30254.0,16550.0,50964.0,44340.0,3567609.0,255559.0,167435.0,359145.0,,,10040.0,11750.0,83.0,66.0,284.0,588.0,2497.0,4233.0,14996065.0,3254699.0,15159.0,28547.0,133358.0,351594.0,32136.0,170507.0,766.0,2155.0,,
36,Australia,2010,3948638.0,740695.0,56732.0,226704.0,873573.0,624151.0,,,160071.0,682834.0,698.0,5971.0,8242.0,21440.0,26748908.0,252.0,609.0,210.0,417.0,81014.0,9513.0,74.0,454.0,911844.0,3843237.0,56749.0,176965.0,24741.0,28477.0,26221.0,104062.0,,,31418.0,99141.0,268282.0,1356014.0,207718.0,46461.0,76754.0,49555.0,4447.0,9202.0,36577.0,21945.0,58469.0,56960.0,2978154.0,297337.0,132097.0,401666.0,,,8950.0,10801.0,249.0,162.0,385.0,961.0,2220.0,4836.0,15888042.0,3845505.0,14000.0,33444.0,114585.0,408582.0,25995.0,197447.0,463.0,1657.0,,
36,Australia,2011,4484743.0,1266559.0,22800.0,112782.0,625435.0,581985.0,,,132898.0,601223.0,695.0,5502.0,7723.0,22705.0,32982055.0,305.0,1371.0,371.0,805.0,58615.0,7775.0,385.0,1921.0,853516.0,4168951.0,53166.0,203726.0,29235.0,35263.0,25149.0,120554.0,17244.0,51146.0,11355.0,50918.0,234803.0,1440579.0,195495.0,34272.0,69616.0,57602.0,3909.0,9556.0,37291.0,26596.0,64527.0,67596.0,2308449.0,317954.0,126697.0,436404.0,,,7881.0,9811.0,0.0,0.0,291.0,190.0,1162.0,2209.0,17657181.0,5709036.0,8352.0,29576.0,105820.0,419341.0,23796.0,248028.0,83.0,161.0,,
36,Australia,2012,5110851.0,1364177.0,42692.0,156569.0,617301.0,627381.0,,,145687.0,656137.0,802.0,4242.0,0.0,0.0,37623082.0,774.0,2225.0,167.0,794.0,61880.0,9337.0,714.0,4139.0,936077.0,4706629.0,63515.0,221287.0,31260.0,43151.0,31559.0,138021.0,17705.0,50711.0,8757.0,38429.0,311696.0,1560091.0,164123.0,50497.0,81644.0,65753.0,2408.0,6667.0,40071.0,29652.0,82586.0,106507.0,2279622.0,287158.0,167671.0,533705.0,,,12594.0,15236.0,0.0,0.0,57.0,61.0,804.0,2294.0,23535862.0,6765442.0,8194.0,24476.0,109106.0,409197.0,22063.0,217989.0,58.0,86.0,,
36,Australia,2013,5120168.0,1483403.0,40885.0,170299.0,850923.0,731188.0,,,150969.0,646752.0,258.0,1170.0,0.0,0.0,37806669.0,215.0,787.0,223.0,496.0,75107.0,8109.0,424.0,2716.0,1079594.0,5202380.0,87981.0,324240.0,33101.0,40553.0,36427.0,155758.0,18945.0,41049.0,8501.0,37257.0,413278.0,1883153.0,20416.0,8320.0,97349.0,66576.0,3957.0,7868.0,42191.0,27384.0,94442.0,113354.0,1973418.0,166681.0,120974.0,478766.0,,,13185.0,15505.0,323.0,346.0,71.0,242.0,2427.0,3526.0,18001619.0,5895652.0,9572.0,22524.0,99757.0,464688.0,21803.0,214435.0,28.0,38.0,,
36,Australia,2014,6133773.34,1588631.0,36418.81,158372.0,1294036.0,1111396.0,,,138883.57,609347.0,106.0,306.0,,,37061184.36,462.44,1927.0,51.21,139.0,88531.0,9378.0,165.85,963.0,1240540.69,6582678.0,114379.33,416883.0,39346.67,49214.0,40168.76,218100.0,14862.94,38049.0,13307.11,46931.0,458340.97,2315552.0,16957.47,7027.0,109383.27,70123.0,4212.23,9487.0,27474.66,18945.0,143332.68,150682.0,2310155.0,211611.0,165991.37,668227.0,,,18950.73,19489.0,350.0,230.0,79.36,191.0,1331.76,3345.0,18282772.72,5343410.0,12478.06,31106.0,83425.91,376031.0,25702.76,237078.0,96.2,72.0,0.83,36.0
36,Australia,2015,5192286.74,1308451.0,25267.54,92272.0,1331377.0,1102093.0,,,159877.37,574392.0,167.0,329.0,,,34477956.29,369.9,1100.0,291.86,610.0,90190.0,7759.0,246.02,579.0,1257538.55,6654293.0,100110.6,342863.0,28355.94,35892.0,32058.87,183129.0,13040.0,33056.0,14854.83,50415.0,426032.5,1903783.0,16157.99,6889.0,101412.72,60168.0,6295.9,10386.0,23825.05,14420.0,158862.24,145774.0,1959761.0,184921.0,204093.21,478615.0,,,17639.43,17812.0,19.0,2.0,82.67,438.0,830.63,1894.0,17053209.04,4371502.0,11291.48,22318.0,67430.97,216228.0,24197.96,213694.0,47.21,41.0,4.0,38.0
36,Australia,2016,5808572.21,1131059.0,23653.59,81280.0,1130328.0,1071125.0,,,153634.6,520868.0,216.0,1533.0,,,32821236.95,316.33,1172.0,316.17,728.0,54703.0,5952.0,223.41,1173.0,994624.97,5244133.0,86147.29,280592.0,31241.26,36376.0,27177.71,149554.0,24444.13,57500.0,16666.3,59747.0,414920.57,1822280.0,10681.19,4998.0,107037.09,66366.0,7984.24,13634.0,43029.39,23493.0,185174.08,151502.0,1870412.0,162262.0,166273.68,343889.0,,,18035.07,17123.0,24.0,39.0,368.81,2240.0,953.22,1837.0,16148016.23,3621345.0,15725.94,27812.0,73651.82,253952.0,20495.23,191710.0,21.63,35.0,0.02,13.0
36,Australia,2017,8860855.0,1618501.0,11451.62,62353.0,881576.0,898089.0,,,153268.28,616081.0,1215.0,8262.0,,,38127484.83,381.79,1351.0,237.78,695.0,13764.0,2244.0,1212.23,6232.0,965213.83,5397717.0,85748.78,319560.0,38283.68,46957.0,28155.59,197228.0,15313.28,36813.0,17477.18,59739.0,426587.1,2333062.0,18639.0,7677.0,89085.82,59388.0,8883.92,16219.0,33716.0,21293.0,188124.52,168676.0,1950057.0,190584.0,157740.46,373685.0,,,20465.38,20700.0,,,433.53,2252.0,911.08,2470.0,21985914.0,4650329.0,19681.53,37603.0,54746.43,246680.0,18928.73,190297.0,14.1,12.0,,
36,Australia,2018,6123369.44,1392423.0,10660.92,64803.0,1138124.0,1088317.0,,,152351.87,645555.0,1036.0,5198.0,,,35067536.53,1327.1,4818.0,388.97,1026.0,23413.0,5752.0,1607.78,9778.0,1073165.55,6099279.0,103629.54,368215.0,35186.82,46356.0,21099.17,136296.0,16391.98,36764.0,18399.64,53638.0,471445.94,2666519.0,16127.82,6648.0,109295.64,68342.0,9901.05,16349.0,45277.28,27685.0,198586.35,186303.0,1214475.0,118203.0,155034.36,340477.0,,,21897.96,22669.0,,,172.2,1057.0,1132.35,2406.0,12352837.22,3036049.0,19066.61,35075.0,54918.24,257982.0,19142.89,234598.0,0.5,4.0,16.99,13.0
36,Australia,2019,2872279.0,724937.0,11748.29,62512.0,1340055.0,1240645.0,,,141505.98,584346.0,1246.0,7688.0,,,33495969.23,322.53,1024.0,379.27,1102.0,19673.0,4888.0,474.73,2139.0,1161816.78,7017529.0,143665.06,502616.0,37364.53,46420.0,20853.6,164065.0,13267.97,32782.0,13816.59,43402.0,494810.48,2843427.0,12248.1,6130.0,117268.48,75604.0,9580.89,16189.0,50015.4,26929.0,222596.04,198097.0,1069731.0,99328.0,127556.53,328831.0,,,24492.6,23769.0,,,294.46,1851.0,826.24,2010.0,9591795.62,2482945.0,22230.59,32982.0,41876.43,215441.0,14517.93,153744.0,17.38,10.0,1.42,14.0
36,Australia,2020,4258209.37,908420.0,11967.8,55771.0,1109817.0,1122499.0,,,137222.97,559407.0,192.0,1104.0,,,30549667.11,2708.89,4246.0,469.97,1444.0,8459.0,3549.0,189.13,693.0,976696.83,6196012.0,127010.01,419222.0,34229.66,50258.0,13063.98,100072.0,13605.07,38974.0,15915.77,59316.0,433726.82,2536796.0,130359.12,42428.0,137031.88,91136.0,7703.16,14471.0,43831.11,26709.0,236240.42,212177.0,842968.0,90172.0,128551.87,381122.0,,,25492.67,24575.0,,,176.25,1024.0,905.32,2237.0,10400418.49,2698498.0,20254.71,32607.0,36806.46,185951.0,9851.57,83490.0,,,,
36,Australia,2021,8723613.52,2013394.0,19292.22,101342.0,786611.0,1034881.0,,,144850.46,628379.0,201.0,3954.0,,,43009332.0,1437.47,4279.0,370.27,1215.0,11736.0,3583.0,305.84,871.0,847613.23,6352337.0,125938.72,491839.0,43821.54,65096.0,19291.99,181845.0,15332.14,43041.0,17500.69,63742.0,439177.35,3049137.0,402686.61,117900.0,159441.7,102851.0,7935.52,17502.0,47793.79,30354.0,331415.37,250061.0,567856.0,71929.0,157066.56,591848.0,,,21074.46,19435.0,,,193.71,1140.0,958.19,4074.0,25563035.49,7105524.0,22400.54,35913.0,51513.98,278749.0,13980.18,122004.0,0.66,43.0,,
36,Australia,2022,8002359.77,2322934.0,12070.69,63645.0,587364.0,871024.0,,,131945.55,634093.0,490.0,5718.0,,,50935863.82,416.55,1987.0,404.46,1299.0,4895.0,2679.0,578.56,4294.0,817401.38,6634622.0,113400.75,515933.0,50152.78,74841.0,21342.46,181412.0,16178.12,35014.0,12280.54,41364.0,458470.14,3208514.0,587229.1,178812.0,174973.75,109976.0,6922.37,15270.0,46754.17,28446.0,308127.93,234577.0,524908.0,56906.0,154241.32,743956.0,,,17830.55,14256.0,,,109.78,624.0,623.73,2261.0,28781090.41,10008195.0,18534.21,32861.0,57553.55,292424.0,16112.12,137760.0,0.57,2.0,,
36,Australia,2023,8280186.12,2259101.0,6455.12,37988.0,623119.0,631053.0,,,115171.57,586278.0,361.0,3495.0,,,49832435.61,364.05,1551.0,470.77,1965.0,14331.0,4701.0,1714.91,7468.0,1043650.8,7136344.0,135002.56,523881.0,46731.48,86234.0,33642.55,157786.0,17037.77,46894.0,22998.14,82455.0,574236.04,2957619.0,523577.59,168815.0,156286.46,101656.0,7186.48,14920.0,45921.6,31012.0,191503.32,204909.0,684287.0,49020.0,133628.12,569878.0,,,11861.78,11964.0,,,47.86,385.0,486.64,1710.0,29292037.83,9276804.0,17205.75,31083.0,38063.9,209606.0,12492.34,98112.0,0.0,1.0,,
40,Austria,2000,260576.0,33064.0,3006.0,10416.0,144593.0,67584.0,20.0,80.0,37131.0,129361.0,1497.0,1047.0,33400.0,34892.0,3388077.76,4560.0,686.0,82.0,120.0,1368.0,53.0,797.0,1448.0,15241.0,34602.0,42523.0,103891.0,4268.0,9166.0,4.0,26.0,44611.0,90338.0,46113.0,72063.0,41.0,304.0,1354.0,249.0,1082.0,507.0,4321.0,3408.0,33938.0,7358.0,348353.0,102391.0,15019.0,790.0,5875.0,12771.0,,,318646.0,71061.0,26188.0,2408.0,296.0,607.0,3678.0,5263.0,509823.0,74951.0,54.0,91.0,1656.0,3801.0,34.0,63.0,268.0,322.0,,
40,Austria,2001,101838.0,14744.0,2976.0,10476.0,103127.0,39997.0,28.0,125.0,49863.0,167058.0,2290.0,1019.0,37591.0,21421.0,3763237.0,3350.0,407.0,482.0,470.0,671.0,21.0,1463.0,2157.0,25675.0,49868.0,44943.0,86084.0,6476.0,15942.0,12.0,79.0,42198.0,107765.0,54189.0,101323.0,338.0,1277.0,2600.0,410.0,913.0,551.0,5170.0,3692.0,60539.0,10071.0,378148.0,129030.0,14752.0,824.0,2564.0,6027.0,,,257197.0,56728.0,25165.0,2643.0,113.0,296.0,6678.0,5419.0,539481.0,81987.0,57.0,65.0,2347.0,6168.0,30.0,89.0,220.0,317.0,,
40,Austria,2002,74539.0,10447.0,2790.0,10894.0,98710.0,43028.0,19.0,82.0,57095.0,187276.0,1242.0,875.0,41650.0,33445.0,4167969.0,1554.0,296.0,324.0,508.0,2922.0,114.0,2018.0,2691.0,25128.0,56804.0,38673.0,94456.0,10292.0,18515.0,2.0,12.0,46955.0,108627.0,68276.0,111115.0,265.0,1025.0,8253.0,1201.0,919.0,678.0,5707.0,4784.0,33898.0,8070.0,292126.0,104027.0,13712.0,797.0,6177.0,11082.0,,,292122.0,52829.0,53469.0,5337.0,286.0,797.0,7457.0,5898.0,763255.0,111166.0,2033.0,1395.0,9573.0,19126.0,20.0,86.0,49.0,85.0,,
40,Austria,2003,62998.0,11652.0,1962.0,9116.0,118251.0,65206.0,59.0,177.0,59140.0,247268.0,5133.0,3003.0,37257.0,36867.0,5630923.01,13869.0,842.0,2016.0,2467.0,2759.0,109.0,5326.0,8346.0,24924.0,72275.0,45180.0,134118.0,12493.0,27764.0,8.0,62.0,53315.0,131705.0,51117.0,94420.0,559.0,3149.0,8991.0,1540.0,1146.0,967.0,5904.0,6356.0,36196.0,6938.0,259251.0,107491.0,12574.0,836.0,11670.0,24088.0,,,246324.0,58230.0,52683.0,5481.0,399.0,930.0,6720.0,7730.0,592378.0,114907.0,1564.0,1216.0,14581.0,32322.0,66.0,214.0,41.0,95.0,,
40,Austria,2004,63956.0,12596.0,2231.0,10899.0,108806.0,73029.0,32.0,283.0,59425.0,277713.0,2986.0,2315.0,48262.0,46614.0,7470031.0,2973.0,1911.0,545.0,1126.0,1688.0,105.0,4191.0,7378.0,29333.0,100706.0,46527.0,155433.0,12551.0,33241.0,10.0,106.0,62748.0,181418.0,54538.0,115286.0,663.0,4085.0,5112.0,1186.0,714.0,509.0,6084.0,6170.0,27038.0,7705.0,291608.0,130014.0,16587.0,1254.0,9807.0,25773.0,,,265446.0,69462.0,114289.0,10396.0,202.0,856.0,6003.0,9318.0,417406.0,87632.0,325.0,342.0,20282.0,32314.0,44.0,177.0,40.0,81.0,,
40,Austria,2005,86667.0,14261.0,2464.0,11676.0,129912.0,95416.0,94.0,521.0,57159.0,281570.0,3785.0,3052.0,44866.0,47095.0,8619341.0,4725.0,6349.0,520.0,929.0,2394.0,185.0,3765.0,5430.0,27216.0,114195.0,44650.0,164387.0,18318.0,37348.0,0.0,1.0,71694.0,215614.0,63067.0,140101.0,95.0,873.0,12880.0,1975.0,699.0,495.0,7080.0,8080.0,47173.0,8720.0,294819.0,132286.0,27465.0,2413.0,2957.0,7319.0,,,230617.0,59943.0,101910.0,12603.0,300.0,941.0,5979.0,8032.0,799601.0,138114.0,364.0,424.0,17823.0,53282.0,25.0,139.0,23.0,23.0,,
40,Austria,2006,158183.0,25345.0,2617.0,12124.0,128458.0,105990.0,17.0,206.0,62769.0,309297.0,1883.0,2106.0,40295.0,41360.0,10097554.0,6205.0,7313.0,467.0,781.0,2340.0,156.0,4176.0,5255.0,27852.0,124822.0,50311.0,199592.0,18642.0,30980.0,0.0,1.0,72938.0,227107.0,64825.0,157534.0,70.0,800.0,8598.0,1853.0,809.0,611.0,7289.0,9287.0,70016.0,20562.0,359557.0,168973.0,24431.0,1963.0,9148.0,11191.0,,,216885.0,63075.0,95087.0,9649.0,260.0,1009.0,16575.0,14863.0,573874.0,109832.0,764.0,664.0,13559.0,40355.0,214.0,742.0,7.0,20.0,,
40,Austria,2007,76926.0,22680.0,3188.0,18412.0,131519.0,132875.0,117.0,916.0,66268.0,380230.0,1848.0,2589.0,19384.0,30437.0,10578164.34,9025.0,12867.0,573.0,1096.0,1861.0,101.0,6013.0,10129.0,33631.0,159759.0,50068.0,211953.0,25358.0,45467.0,0.0,1.0,79531.0,261404.0,71534.0,179584.0,70.0,1180.0,7008.0,2267.0,750.0,753.0,7150.0,11578.0,55795.0,31929.0,402492.0,237719.0,13305.0,1262.0,5656.0,12444.0,,,213092.0,80440.0,102844.0,8694.0,131.0,526.0,28154.0,22409.0,590187.0,183296.0,347.0,340.0,9367.0,37243.0,114.0,452.0,5.0,10.0,,
40,Austria,2008,51072.0,17753.0,3279.0,21737.0,128591.0,145483.0,28.0,317.0,64533.0,430336.0,2553.0,4241.0,24133.0,38732.0,12390760.25,9268.0,12673.0,1558.0,3227.0,2146.0,112.0,5310.0,12337.0,43334.0,239008.0,49913.0,248485.0,25976.0,54222.0,0.0,0.0,93975.0,347828.0,82022.0,230924.0,65.0,1365.0,5232.0,2354.0,590.0,745.0,9123.0,14457.0,60164.0,26193.0,490335.0,337077.0,9582.0,1133.0,7299.0,17926.0,,,195356.0,72185.0,112340.0,13618.0,157.0,500.0,30881.0,27973.0,578637.0,237605.0,255.0,427.0,6766.0,30858.0,53.0,305.0,6.0,12.0,,
40,Austria,2009,66650.0,16078.0,3001.0,15892.0,116313.0,105478.0,48.0,585.0,70425.0,387320.0,4895.0,5459.0,17999.0,25874.0,10630137.0,8391.0,9176.0,1446.0,2707.0,2500.0,194.0,5570.0,14418.0,50620.0,268603.0,49033.0,212666.0,29400.0,68735.0,0.0,5.0,88019.0,288587.0,82889.0,210524.0,58.0,1207.0,7105.0,2443.0,506.0,579.0,9930.0,16294.0,81701.0,22752.0,516213.0,265682.0,10661.0,1242.0,5796.0,10595.0,,,185270.0,46321.0,116451.0,13326.0,205.0,572.0,25065.0,23105.0,544204.0,144765.0,272.0,1033.0,8067.0,25886.0,61.0,297.0,1.0,10.0,,
40,Austria,2010,82642.0,17175.0,2480.0,14195.0,126546.0,118007.0,65.0,560.0,73341.0,403592.0,9051.0,8773.0,15381.0,24659.0,11060671.0,9305.0,11736.0,1621.0,2877.0,1798.0,121.0,6079.0,14838.0,56182.0,271714.0,48690.0,203532.0,30867.0,71980.0,0.0,7.0,99844.0,306779.0,70566.0,173456.0,88.0,1251.0,14137.0,3026.0,705.0,616.0,8463.0,14684.0,84069.0,26508.0,554114.0,288218.0,13693.0,1418.0,3048.0,9846.0,,,146153.0,43298.0,125009.0,12341.0,240.0,767.0,30793.0,29436.0,710045.0,202894.0,413.0,1080.0,7252.0,24913.0,34.0,180.0,7.0,15.0,,
40,Austria,2011,70650.0,24387.0,1565.0,10132.0,157136.0,202839.0,637.0,4233.0,73402.0,447458.0,11944.0,10082.0,9824.0,22997.0,12808562.0,6681.0,8298.0,2272.0,3867.0,1955.0,126.0,8151.0,16094.0,49443.0,276857.0,54307.0,273799.0,26376.0,76217.0,1.0,26.0,113506.0,386950.0,69826.0,184098.0,109.0,1761.0,15588.0,6231.0,968.0,1090.0,9203.0,16121.0,77292.0,30130.0,605828.0,355969.0,16389.0,1748.0,2645.0,10518.0,,,138457.0,50346.0,116973.0,12038.0,413.0,1388.0,34833.0,35138.0,619754.0,248775.0,98.0,952.0,5354.0,24947.0,41.0,280.0,6.0,8.0,,
40,Austria,2012,75722.0,26678.0,1907.0,9812.0,140642.0,173464.0,0.0,0.0,78485.0,417064.0,10783.0,10345.0,13249.0,23780.0,12345189.44,2304.0,5313.0,2587.0,6108.0,1917.0,143.0,5269.0,12498.0,50222.0,294911.0,50317.0,253221.0,30226.0,84100.0,1.0,11.0,65908.0,224780.0,96003.0,287524.0,143.0,2070.0,21467.0,8269.0,706.0,871.0,9333.0,13534.0,92988.0,20885.0,634776.0,332266.0,16760.0,1911.0,2599.0,8842.0,,,184666.0,58333.0,52993.0,7015.0,391.0,1172.0,30618.0,29923.0,587833.0,205418.0,218.0,2206.0,4897.0,18986.0,41.0,319.0,1.0,8.0,,
40,Austria,2013,77593.0,26380.0,1756.0,10110.0,120064.0,127193.0,0.0,0.0,75852.0,446624.0,9805.0,9075.0,16337.0,37923.0,13060894.0,2163.0,5647.0,3518.0,8299.0,1600.0,345.0,2236.0,6825.0,51872.0,312003.0,52457.0,262515.0,29998.0,100180.0,5.0,55.0,73562.0,257359.0,78798.0,243816.0,142.0,1874.0,9690.0,4237.0,950.0,1066.0,7974.0,12292.0,65832.0,30825.0,609499.0,378428.0,12408.0,1406.0,3030.0,15652.0,,,184368.0,76845.0,30180.0,3475.0,107.0,432.0,25290.0,26517.0,543329.0,205739.0,96.0,890.0,3217.0,16808.0,51.0,381.0,7.0,14.0,,
40,Austria,2014,43078.39,13272.0,1959.54,11830.0,133841.0,129424.0,384.38,3152.0,72724.46,445156.0,12669.0,11758.0,15908.97,41534.0,13368144.29,2346.98,8310.0,3469.3,7185.0,2013.0,455.0,2571.23,8670.0,59174.72,324255.0,50762.7,242382.0,33695.61,113917.0,0.74,18.0,85773.1,289075.0,90852.29,268712.0,95.98,1328.0,12941.2,4531.0,1183.23,1350.0,9002.4,13334.0,68768.72,25031.0,587755.62,377598.0,15043.0,1582.0,2488.36,13992.0,282.0,528.0,171495.99,65623.0,59789.0,6647.0,108.54,672.0,26057.33,26875.0,880504.72,290427.0,69.76,687.0,5060.86,23732.0,34.07,235.0,1.2,9.0,,
40,Austria,2015,112050.37,23915.0,3980.5,17624.0,124529.0,112061.0,357.18,2751.0,82581.75,394455.0,14574.0,10489.0,15326.2,30326.0,11484017.11,1455.61,2516.0,4557.65,7745.0,1867.0,328.0,2471.76,8159.0,59607.3,281970.0,51607.91,210351.0,32830.99,99578.0,0.14,3.0,82618.9,206857.0,77814.83,171652.0,98.38,1144.0,18871.4,5408.0,1555.54,1368.0,7441.56,10331.0,35019.14,11408.0,573173.2,272564.0,13049.0,1251.0,3386.85,15339.0,851.7,1105.0,160062.84,45368.0,49145.0,4170.0,43.56,322.0,31183.86,26772.0,825290.05,236626.0,32.57,224.0,6411.22,27346.0,38.56,231.0,6.2,11.0,,
40,Austria,2016,115194.25,23687.0,4427.91,19435.0,118922.0,113268.0,363.82,2625.0,89965.72,401873.0,16633.0,11913.0,17477.7,31998.0,11823795.48,1406.74,2617.0,5208.55,7862.0,2046.0,370.0,4027.12,10700.0,58733.13,276224.0,44444.52,176871.0,34701.64,111855.0,0.36,7.0,95204.23,255426.0,71729.19,154866.0,92.09,1140.0,21923.65,6442.0,1693.11,1396.0,6942.19,9685.0,34251.19,13226.0,531937.66,238069.0,12724.0,1120.0,6196.06,31337.0,171.11,386.0,108138.27,23556.0,50029.0,4117.0,41.1,566.0,34763.18,29139.0,741327.19,192220.0,71.57,506.0,8608.36,46013.0,51.87,292.0,4.81,6.0,,
40,Austria,2017,118299.78,25647.0,3746.9,22788.0,118717.0,128671.0,347.82,2573.0,101156.65,489983.0,14968.0,13086.0,14031.24,33546.0,12933019.52,1680.86,4242.0,8490.01,15230.0,3926.0,1256.0,3946.4,9961.0,61487.96,308108.0,44803.98,193256.0,38056.66,132684.0,0.17,3.0,85610.37,265349.0,68957.94,165997.0,161.2,1983.0,12764.94,4681.0,1877.64,1644.0,7238.73,11504.0,34572.88,13138.0,541802.55,281442.0,14630.0,1730.0,4229.19,20079.0,161.0,376.0,122794.83,29250.0,47974.0,4743.0,58.6,602.0,31208.81,27423.0,730976.42,195574.0,39.63,297.0,5503.86,24553.0,5.42,105.0,0.96,6.0,0.25,7.0
40,Austria,2018,90778.59,21741.0,3604.17,24590.0,101587.0,107676.0,959.64,6151.0,105196.18,536229.0,14384.0,15975.0,15296.86,40147.0,13945635.17,1312.37,5030.0,13902.09,26026.0,4000.0,1749.0,3554.13,10955.0,53002.73,299858.0,48255.77,215284.0,43217.95,156992.0,0.13,3.0,83142.79,245415.0,64285.32,145487.0,147.24,1909.0,10593.17,4284.0,1532.91,1618.0,6504.43,12445.0,29941.06,11383.0,508387.49,272382.0,17085.0,1781.0,12935.03,36267.0,221.0,920.0,132737.01,28495.0,38417.0,3583.0,49.06,527.0,36228.31,35729.0,630711.23,190680.0,109.79,809.0,5889.04,33617.0,16.66,233.0,4.79,8.0,,
40,Austria,2019,52704.89,13529.0,4316.27,24185.0,101605.0,96837.0,904.87,4858.0,106732.79,526770.0,12104.0,15765.0,12412.78,29393.0,13837080.24,903.33,3765.0,17724.74,26828.0,3488.0,1508.0,4141.84,11263.0,59676.46,308382.0,46937.12,192281.0,48097.77,161024.0,0.49,12.0,84418.65,272863.0,59679.12,155028.0,114.25,1412.0,14305.94,4844.0,2458.47,2316.0,6202.67,13378.0,44575.36,14059.0,506950.09,268346.0,15158.0,1436.0,8051.3,22375.0,193.97,482.0,127795.51,33340.0,47941.0,4794.0,104.39,1227.0,36080.0,37109.0,670512.42,195367.0,176.62,1593.0,5559.8,30589.0,8.32,168.0,0.33,1.0,0.0,0.0
40,Austria,2020,86518.89,19143.0,3879.11,20801.0,92882.0,90387.0,800.57,4259.0,109355.99,572615.0,11841.0,16453.0,11712.06,28853.0,14653813.57,952.89,5226.0,16031.19,24554.0,1785.0,932.0,5466.1,12734.0,60231.69,317058.0,39836.38,166317.0,49301.47,175863.0,0.04,1.0,79035.4,271770.0,58969.19,155753.0,45.22,595.0,12425.66,4492.0,2675.98,2646.0,6899.3,12102.0,45824.34,12989.0,516086.72,295453.0,12098.0,1217.0,8560.45,37620.0,3283.41,3675.0,115462.63,34155.0,28055.0,2556.0,186.04,2028.0,32114.3,34063.0,619174.31,190907.0,44.18,181.0,4938.95,22769.0,7.14,131.0,0.16,2.0,0.3,1.0
40,Austria,2021,87443.02,23513.0,4602.98,26934.0,72677.0,79178.0,481.0,2903.0,112285.28,611268.0,14318.0,19804.0,13318.79,33979.0,16071552.96,1397.28,6505.0,8975.38,14295.0,2980.0,1782.0,3657.38,9207.0,60416.01,350309.0,39239.45,188395.0,53112.73,201161.0,0.07,0.0,86821.15,295316.0,64159.77,180876.0,61.79,864.0,15421.71,6110.0,2888.02,2710.0,7698.77,12884.0,53516.39,14059.0,453838.5,280978.0,12916.0,1875.0,7846.92,28974.0,4312.64,4850.0,100788.53,33212.0,19892.0,1538.0,455.44,3869.0,29762.08,32813.0,742693.74,253657.0,359.23,1225.0,5285.76,25248.0,11.41,129.0,0.82,4.0,0.01,0.0
40,Austria,2022,86563.36,28934.0,4357.42,33808.0,78037.0,69538.0,768.74,5045.0,117495.79,646524.0,27160.0,25540.0,18363.8,57510.0,16760111.99,2888.46,2868.0,9823.24,19287.0,1806.0,171.0,3060.24,8592.0,59171.89,394846.0,40322.48,220226.0,51936.18,222011.0,0.03,0.0,81673.41,268412.0,52942.19,147033.0,84.87,1361.0,21637.9,7899.0,2726.47,2787.0,5552.04,9970.0,39497.9,14284.0,435191.8,300292.0,10859.0,1577.0,5085.56,24998.0,5904.41,6943.0,105215.89,38473.0,23251.0,1964.0,510.37,3609.0,28954.79,27732.0,647621.14,289490.0,257.83,797.0,7645.08,39946.0,4.5,121.0,2.18,10.0,0.86,6.0
40,Austria,2023,70165.26,20335.0,4225.87,28900.0,91245.0,106671.0,901.67,8761.0,112736.9,689051.0,13895.0,21712.0,17765.53,51294.0,17758569.04,3758.95,4133.0,6641.53,19466.0,1723.0,407.0,3064.62,11039.0,58965.43,387162.0,38742.2,212616.0,53616.88,250621.0,0.01,0.0,76937.4,298804.0,50306.61,160460.0,55.77,942.0,22891.71,9755.0,2930.55,3133.0,13253.11,13920.0,32271.28,11702.0,434044.9,336559.0,7455.0,1096.0,3522.9,19489.0,7120.36,9678.0,101510.12,27136.0,32814.0,4834.0,527.87,3520.0,28628.41,35637.0,677904.63,271030.0,7.56,52.0,7040.71,37756.0,6.34,230.0,,,,
56,Belgium,2000,353920.0,39454.0,117970.0,315247.0,296859.0,192338.0,145.0,749.0,127242.0,386820.0,56689.0,32944.0,82040.0,88916.0,17030737.51,1941.0,2468.0,22854.0,27005.0,820.0,26.0,76228.0,58161.0,35020.0,116792.0,66210.0,201543.0,268551.0,350558.0,3.0,28.0,204515.0,407694.0,312550.0,467655.0,11400.0,52235.0,1122.0,221.0,6354.0,1644.0,38149.0,18066.0,876725.0,77200.0,638997.0,211986.0,5002.0,373.0,120333.0,221812.0,,,67635.0,22891.0,975195.0,112252.0,11.0,33.0,775641.0,490283.0,1093209.0,145754.0,16722.0,35924.0,85216.0,180989.0,3146.0,7742.0,2261.0,4120.0,,
56,Belgium,2001,84365.0,9710.0,107044.0,288793.0,162092.0,98673.0,176.0,1002.0,129197.0,417257.0,53023.0,31718.0,78238.0,94372.0,17074521.0,3835.0,5056.0,25747.0,30843.0,133.0,3.0,74489.0,55913.0,29689.0,93865.0,66231.0,186000.0,286498.0,403594.0,1.0,25.0,204549.0,476626.0,340630.0,591699.0,16100.0,75718.0,1821.0,290.0,7058.0,1966.0,37504.0,24082.0,934834.0,98199.0,680987.0,237238.0,886.0,49.0,71822.0,147730.0,,,77940.0,33102.0,533091.0,72424.0,2310.0,1044.0,807597.0,516210.0,503625.0,62396.0,17628.0,38309.0,91010.0,224027.0,4065.0,9885.0,3106.0,6462.0,,
56,Belgium,2002,199786.0,22281.0,116383.0,303247.0,238978.0,143250.0,164.0,1006.0,128780.0,427587.0,63485.0,38921.0,86361.0,112328.0,18513346.0,7612.0,12841.0,7262.0,9691.0,2730.0,98.0,86216.0,67097.0,43442.0,136691.0,79143.0,231429.0,306402.0,392860.0,18.0,60.0,224605.0,472731.0,332528.0,488697.0,19451.0,99699.0,1180.0,203.0,7808.0,2246.0,43377.0,23154.0,835279.0,95168.0,658099.0,238567.0,4152.0,342.0,83580.0,141610.0,,,79029.0,28321.0,509899.0,57377.0,44.0,99.0,836371.0,596722.0,505561.0,67536.0,19585.0,45470.0,80311.0,126959.0,4289.0,11168.0,2250.0,4682.0,,
56,Belgium,2003,201128.0,27528.0,128945.0,373088.0,219508.0,164935.0,143.0,1066.0,135829.0,492233.0,46960.0,25522.0,66550.0,118600.0,22446399.0,3510.0,5351.0,19418.0,31740.0,25967.0,884.0,81601.0,95410.0,44006.0,166262.0,67163.0,258759.0,296522.0,466267.0,4.0,50.0,218735.0,485469.0,320824.0,518561.0,19597.0,128787.0,1424.0,226.0,9279.0,2920.0,41533.0,28342.0,971209.0,118165.0,593871.0,256519.0,9415.0,799.0,75471.0,159817.0,,,91517.0,36124.0,526052.0,64407.0,9.0,44.0,879278.0,731871.0,692984.0,113954.0,19502.0,53433.0,72350.0,153914.0,4453.0,14457.0,2609.0,5779.0,,
56,Belgium,2004,100471.0,15830.0,127428.0,429301.0,230975.0,178284.0,140.0,1204.0,131295.0,567590.0,52174.0,30511.0,67543.0,133549.0,26158640.0,8194.0,11289.0,19098.0,32863.0,59662.0,2063.0,77193.0,75068.0,47737.0,204638.0,65746.0,288495.0,337864.0,580591.0,3.0,43.0,227979.0,610433.0,356287.0,687686.0,22568.0,161654.0,7203.0,1175.0,6916.0,2404.0,42161.0,31442.0,972842.0,150821.0,584213.0,266556.0,8897.0,344.0,95443.0,219564.0,,,108520.0,40498.0,465063.0,66056.0,9.0,31.0,889430.0,803727.0,892784.0,173678.0,18114.0,51428.0,94577.0,233360.0,4609.0,16490.0,3351.0,9045.0,,
56,Belgium,2005,403140.0,63217.0,136353.0,468344.0,213492.0,187109.0,152.0,1320.0,130739.0,581666.0,57826.0,46368.0,70496.0,133699.0,27082785.0,15406.0,17268.0,18856.0,28328.0,5840.0,229.0,75663.0,71553.0,41634.0,212435.0,64730.0,292517.0,313233.0,590687.0,4.0,57.0,205179.0,565544.0,340786.0,677872.0,25692.0,187709.0,3436.0,626.0,7494.0,2491.0,33322.0,34796.0,931319.0,117673.0,501634.0,219717.0,2037.0,237.0,72351.0,175840.0,,,89287.0,32849.0,490037.0,69527.0,12.0,9.0,935732.0,822127.0,800593.0,134338.0,25062.0,52805.0,85951.0,216469.0,4753.0,16955.0,1785.0,6254.0,,
56,Belgium,2006,246928.0,37700.0,133862.0,456160.0,170459.0,158016.0,182.0,1638.0,135763.0,614176.0,65263.0,47485.0,59019.0,114895.0,29160321.0,5078.0,4429.0,6718.0,13521.0,7724.0,295.0,78772.0,84591.0,44919.0,247071.0,62967.0,325190.0,349659.0,568725.0,5.0,72.0,208917.0,608639.0,356139.0,749098.0,27284.0,183987.0,1839.0,368.0,8991.0,3179.0,31314.0,36963.0,799865.0,163951.0,527058.0,234008.0,1775.0,250.0,61831.0,156457.0,,,117366.0,42481.0,605987.0,93493.0,55.0,44.0,1031708.0,926478.0,885870.0,156755.0,28556.0,57719.0,94138.0,231164.0,6407.0,23246.0,1066.0,2209.0,,
56,Belgium,2007,236655.0,54986.0,135631.0,637632.0,159521.0,144684.0,146.0,1485.0,135203.0,715680.0,77119.0,62268.0,58890.0,145510.0,34523947.0,9242.0,16795.0,8492.0,17979.0,3181.0,123.0,63388.0,96207.0,46497.0,301329.0,64617.0,369276.0,310800.0,690031.0,3.0,53.0,213301.0,630442.0,393032.0,811879.0,22750.0,174490.0,1567.0,503.0,9620.0,4558.0,34985.0,55924.0,764603.0,179254.0,569997.0,319503.0,53.0,4.0,89365.0,356892.0,,,105714.0,63664.0,630912.0,98780.0,726.0,1004.0,1022052.0,1095028.0,863090.0,251966.0,29137.0,75472.0,88561.0,320143.0,6540.0,23005.0,1114.0,2565.0,,
56,Belgium,2008,223995.0,74837.0,119887.0,586354.0,149391.0,164021.0,136.0,1651.0,135145.0,822612.0,74191.0,70315.0,61625.0,142607.0,40785056.0,4684.0,9550.0,9030.0,23616.0,131.0,11.0,65992.0,102051.0,53460.0,378807.0,63383.0,377730.0,316996.0,767825.0,5.0,82.0,201996.0,667509.0,425881.0,1080844.0,26737.0,221025.0,934.0,369.0,11681.0,6377.0,44611.0,59949.0,712249.0,155878.0,581987.0,358400.0,3352.0,540.0,83674.0,303573.0,,,90360.0,56753.0,732713.0,141292.0,831.0,1217.0,1034120.0,1250467.0,975384.0,411447.0,19706.0,68240.0,135248.0,556417.0,6536.0,24905.0,1426.0,5293.0,,
56,Belgium,2009,186909.0,35203.0,139313.0,528625.0,230042.0,236502.0,97.0,1161.0,144449.0,717151.0,84388.0,61278.0,71166.0,154827.0,35853827.0,3458.0,6369.0,10848.0,25985.0,65.0,5.0,69558.0,124070.0,48028.0,339529.0,58372.0,347100.0,344015.0,768900.0,4.0,69.0,206968.0,614734.0,448135.0,992931.0,21981.0,179886.0,4490.0,1098.0,12164.0,5185.0,42198.0,56087.0,721766.0,143541.0,638653.0,310670.0,1902.0,269.0,92816.0,219727.0,,,91256.0,47099.0,771281.0,132621.0,590.0,1030.0,1039835.0,1189469.0,768865.0,190645.0,21175.0,66827.0,113690.0,316644.0,3413.0,13643.0,1293.0,1798.0,,
56,Belgium,2010,312321.0,63507.0,131231.0,655996.0,218653.0,197766.0,93.0,1116.0,108336.0,541014.0,97631.0,66527.0,70669.0,180549.0,36505179.0,4413.0,11661.0,12934.0,28997.0,661.0,62.0,78354.0,130240.0,58766.0,360823.0,64112.0,352132.0,385188.0,823487.0,3.0,46.0,218253.0,594208.0,450733.0,952714.0,20828.0,176333.0,5046.0,1001.0,12691.0,5072.0,51917.0,59490.0,784858.0,152667.0,707589.0,353057.0,1266.0,165.0,136180.0,432850.0,,,117321.0,62420.0,899767.0,139486.0,911.0,1446.0,1069013.0,1132862.0,717596.0,183215.0,20584.0,63949.0,112314.0,374775.0,3380.0,13169.0,1182.0,2278.0,,
56,Belgium,2011,168403.0,48571.0,114297.0,687159.0,163094.0,148220.0,534.0,3646.0,113033.0,623854.0,93255.0,68194.0,83364.0,255438.0,42689255.0,16469.0,24100.0,15627.0,31514.0,449.0,43.0,46382.0,117246.0,52402.0,389255.0,78948.0,469115.0,407928.0,948835.0,16.0,82.0,214824.0,652167.0,458120.0,1073366.0,13915.0,152683.0,2376.0,767.0,12028.0,7338.0,59979.0,62544.0,897155.0,183059.0,696791.0,390032.0,948.0,171.0,161671.0,548706.0,,,170379.0,100009.0,991615.0,179239.0,839.0,1413.0,1083802.0,1189912.0,577528.0,227107.0,20287.0,70952.0,96346.0,367175.0,3015.0,15215.0,920.0,2051.0,,
56,Belgium,2012,342001.0,104942.0,88529.0,371622.0,167095.0,151116.0,0.0,0.0,120156.0,607980.0,95623.0,63595.0,100483.0,236165.0,41561400.0,19772.0,27066.0,19305.0,53277.0,664.0,56.0,53862.0,118964.0,45660.0,351485.0,76999.0,434292.0,442324.0,976495.0,4.0,62.0,98980.0,321169.0,579970.0,1414888.0,10253.0,100734.0,3241.0,1102.0,11472.0,7091.0,42257.0,49310.0,911044.0,162848.0,730916.0,372395.0,1646.0,283.0,166672.0,487490.0,,,164976.0,72986.0,844577.0,165171.0,1149.0,3525.0,1121326.0,1169199.0,648583.0,242203.0,22816.0,69788.0,78420.0,258578.0,3145.0,15349.0,1085.0,3071.0,,
56,Belgium,2013,311827.0,95150.0,91308.0,458114.0,154208.0,142399.0,0.0,0.0,120193.0,667161.0,99615.0,87024.0,111390.0,287034.0,43747447.0,18319.0,18157.0,19420.0,48611.0,521.0,62.0,67729.0,134891.0,41821.0,344982.0,73664.0,441197.0,411645.0,944871.0,21.0,131.0,94121.0,318628.0,619641.0,1555525.0,11397.0,101383.0,1591.0,829.0,10700.0,6617.0,38494.0,46361.0,914582.0,238274.0,541977.0,337357.0,1394.0,256.0,142019.0,521760.0,,,354303.0,184283.0,905761.0,180455.0,835.0,3357.0,1169460.0,1257717.0,622055.0,243563.0,26301.0,91598.0,84109.0,319869.0,2997.0,14466.0,1149.0,4438.0,,
56,Belgium,2014,182956.1,46012.0,104816.77,512124.0,154909.0,133995.0,285.08,2779.0,131050.91,735299.0,105124.0,99191.0,106111.91,271833.0,44311302.27,16212.84,19003.0,20716.19,46265.0,307.0,52.0,58461.24,152305.0,51705.68,410924.0,75707.48,437743.0,418103.65,921000.0,10.12,75.0,73199.55,232766.0,627106.36,1460517.0,11338.14,113781.0,7535.58,2187.0,11318.08,6424.0,54417.44,60430.0,1042780.7,198000.0,627069.13,385670.0,1616.0,263.0,174950.2,671923.0,13852.57,17876.0,282535.58,175227.0,973620.0,166487.0,898.59,4927.0,1209766.89,1313572.0,741351.01,253875.0,34583.33,111230.0,96365.53,358498.0,3554.05,16102.0,1230.4,4052.0,51.8,69.0
56,Belgium,2015,222466.9,48403.0,104710.21,379678.0,154572.0,112309.0,252.7,2411.0,147297.96,619421.0,130277.0,100985.0,115847.99,209400.0,38753716.76,19676.32,21688.0,23208.96,44894.0,534.0,87.0,60092.74,168645.0,55999.84,367146.0,82355.31,393484.0,461134.25,801354.0,28.36,204.0,75871.21,179725.0,648896.14,1136237.0,12922.05,110396.0,2359.1,521.0,11363.59,5715.0,72168.77,66570.0,955196.49,168011.0,812053.87,368100.0,1720.0,258.0,162827.61,372288.0,14276.42,15456.0,100877.15,47141.0,884307.0,117872.0,1111.75,5742.0,1248774.63,1127086.0,902070.47,252991.0,27740.44,81670.0,80156.66,183942.0,3653.2,13788.0,1045.21,4477.0,21.9,62.0
56,Belgium,2016,188173.23,35095.0,123533.13,445849.0,142833.0,106919.0,262.85,2505.0,180713.37,690387.0,133658.0,98964.0,148591.42,266856.0,39970274.74,22796.24,24900.0,22697.78,42949.0,784.0,53.0,61466.26,155615.0,61801.48,361208.0,88266.17,395080.0,450239.81,774098.0,5.27,58.0,81217.21,192067.0,606133.91,1126174.0,13080.14,114119.0,3966.5,1067.0,14221.63,6225.0,70422.69,68568.0,974156.96,210148.0,616019.15,265585.0,2414.0,342.0,159366.74,323117.0,18278.4,18711.0,78086.61,29679.0,1033794.0,146802.0,1008.04,5746.0,1247087.33,1123969.0,802544.0,177774.0,30212.64,96182.0,70734.45,152885.0,3905.31,15329.0,1223.2,4887.0,64.0,75.0
56,Belgium,2017,207185.85,41084.0,114469.87,663943.0,293865.0,129344.0,358.81,2388.0,189091.08,798606.0,132204.0,120048.0,168399.66,402403.0,43258662.07,21251.01,26748.0,24829.09,53745.0,3143.0,1573.0,78835.43,164303.0,65076.15,401575.0,98032.04,444226.0,542999.26,880087.0,12.91,93.0,77606.24,219738.0,591945.09,1218113.0,13769.4,127655.0,3455.74,866.0,18070.94,8991.0,89625.41,72738.0,975837.16,209832.0,704435.96,362320.0,9850.0,1292.0,207772.23,452642.0,24166.45,27310.0,38418.06,27432.0,1176948.0,192574.0,885.01,5776.0,1294673.18,1213595.0,712994.06,185384.0,31182.77,106606.0,67455.27,207975.0,3576.73,14035.0,1455.16,6968.0,153.03,215.0
56,Belgium,2018,220778.55,54732.0,119216.82,730106.0,1036815.0,164236.0,249.61,2339.0,198831.41,841544.0,145393.0,161248.0,174298.85,455253.0,44924571.07,23397.9,25587.0,23886.07,57287.0,427.0,107.0,134805.32,187523.0,59535.03,420128.0,98592.78,465142.0,531847.15,929361.0,31.75,230.0,76220.18,206985.0,615783.39,1158045.0,12956.11,132170.0,16844.7,3827.0,19470.46,10147.0,55671.95,40709.0,965604.26,199172.0,629039.95,327096.0,2462.0,345.0,233122.92,425893.0,27877.13,32046.0,62420.23,64284.0,1197818.0,147961.0,1243.88,7480.0,1308770.8,1260155.0,757848.98,198598.0,34584.22,129832.0,82772.06,223165.0,3906.03,15622.0,1744.98,7845.0,150.69,190.0
56,Belgium,2019,214131.67,45758.0,118123.72,579182.0,266893.0,153079.0,341.24,2458.0,204393.28,847182.0,148437.0,159813.0,179366.67,393017.0,43400287.83,27591.03,33339.0,23076.44,47160.0,3481.0,160.0,86659.5,158157.0,46793.4,279520.0,85441.13,388391.0,450224.07,798751.0,34.03,171.0,58343.33,165969.0,613126.21,1286654.0,11899.09,108312.0,42197.46,9156.0,22908.7,11852.0,75809.94,44786.0,998671.9,228442.0,665841.07,333273.0,1797.0,266.0,260083.79,542294.0,28997.98,31401.0,37027.64,60787.0,1204990.0,197530.0,1380.52,7439.0,1238846.97,1124700.0,602669.71,156094.0,45338.14,145833.0,64879.6,188683.0,4340.0,13636.0,1374.33,6742.0,55.9,64.0
56,Belgium,2020,159687.34,35921.0,127857.01,552396.0,259873.0,176590.0,466.82,3573.0,209564.28,886950.0,126208.0,155737.0,156528.92,332431.0,44863179.9,21536.1,31943.0,19386.03,42282.0,1228.0,119.0,93553.26,182987.0,46670.93,281438.0,71618.99,345040.0,458749.07,796166.0,28.65,155.0,64233.14,187464.0,633514.47,1271921.0,10461.39,93691.0,33984.62,7525.0,38733.43,20091.0,60001.17,43692.0,1083120.47,223452.0,666444.91,345620.0,633.0,277.0,204500.83,530342.0,25303.33,27395.0,37587.76,59563.0,973697.0,148312.0,803.99,4984.0,1301904.06,1238256.0,637847.61,185177.0,44216.0,140662.0,78767.14,245535.0,4706.52,14980.0,1116.9,5031.0,85.72,82.0
56,Belgium,2021,115391.33,29971.0,119704.91,578956.0,210400.0,185235.0,1616.63,10848.0,232539.94,1010897.0,123771.0,176029.0,167627.97,407994.0,50674010.15,25864.38,35871.0,22630.19,54263.0,3137.0,155.0,93370.9,189417.0,49585.13,335609.0,77951.6,394475.0,472928.34,937466.0,165.84,584.0,85599.33,225679.0,642065.18,1182617.0,9157.73,98438.0,48175.22,10832.0,56571.23,31329.0,61040.59,47870.0,822743.34,178628.0,791957.15,416695.0,9011.0,1295.0,194018.18,550098.0,29409.62,28184.0,34918.57,56865.0,1000383.0,127373.0,739.32,6076.0,1268189.05,1260532.0,581720.82,210593.0,55705.08,178364.0,52066.91,173713.0,3894.47,13731.0,1539.87,4883.0,129.5,183.0
56,Belgium,2022,62944.71,21658.0,122571.55,843096.0,337364.0,206265.0,1868.76,15382.0,232645.65,1180870.0,121147.0,180052.0,170064.46,514579.0,54996979.98,27503.48,37508.0,22440.22,67574.0,1702.0,173.0,99054.31,192226.0,46888.33,364753.0,72409.4,405767.0,417164.88,1037399.0,245.69,742.0,89246.18,264356.0,548216.01,1177148.0,10732.74,131078.0,6969.25,2550.0,52576.07,30787.0,60772.59,51964.0,1083289.3,214692.0,888593.49,530411.0,3746.0,618.0,203337.1,730554.0,28947.08,32935.0,54435.15,32819.0,906632.0,109222.0,405.77,5723.0,1290125.3,1262208.0,378141.87,157762.0,60130.56,230000.0,37566.88,163007.0,3595.82,11618.0,1273.38,5009.0,56.52,51.0
56,Belgium,2023,85791.48,26801.0,132936.92,790058.0,238492.0,205755.0,1681.55,16469.0,276238.73,1354581.0,139773.0,256550.0,224722.32,602584.0,60115677.13,33773.97,37738.0,24353.19,77926.0,1480.0,226.0,110143.77,227088.0,39937.93,332267.0,77944.52,442613.0,410732.34,1083079.0,495.4,1551.0,84661.8,325330.0,486731.5,1369315.0,10111.68,118662.0,10660.38,3408.0,53506.23,37362.0,47645.02,54444.0,1014303.4,293177.0,917385.58,539306.0,2616.0,444.0,192321.58,533933.0,33218.13,45404.0,93314.44,38500.0,1369751.0,198533.0,335.65,4451.0,1128385.17,1347083.0,296962.82,100716.0,49745.5,208894.0,60169.99,204568.0,2773.47,9202.0,1037.28,3348.0,26.63,41.0
76,Brazil,2000,0.26,0.0,98.54,163.0,790.0,233.0,,,47.35,187.0,7228.0,3674.0,359.58,418.0,12772066.94,13.37,18.0,873.89,1099.0,0.0,0.0,4394.0,8438.0,188402.0,502905.0,253.96,391.0,906752.7,805764.0,5.21,17.0,97941.44,143850.0,18063.33,18908.0,3.84,14.0,936.8,97.0,5.03,8.0,31897.27,3675.0,130.0,11.0,0.22,0.0,0.0,0.0,7.08,18.0,,,0.03,0.0,0.0,0.0,10.13,83.0,134.76,174.0,967.95,204.0,4543.62,3991.0,213.51,588.0,0.0,0.0,333.08,401.0,,
76,Brazil,2001,84154.0,7282.0,2294.0,2504.0,294.0,213.0,,,118.0,338.0,8787.0,3147.0,1710.0,1746.0,16067401.53,8.0,9.0,1388.0,1660.0,0.0,0.0,4330.0,9348.0,367819.0,738202.0,468.0,603.0,1249288.0,1291658.0,15.0,50.0,144088.0,225059.0,103284.0,121342.0,0.0,0.0,444.0,90.0,7.0,11.0,44715.0,4935.0,210.0,61.0,0.0,0.0,0.0,0.0,487.0,808.0,,,0.0,1.0,539.0,183.0,11.0,58.0,136.0,117.0,837.0,165.0,7395.0,6433.0,538.0,1048.0,0.0,0.0,187.0,167.0,,
76,Brazil,2002,5.0,0.0,370.0,447.0,3664.0,677.0,,,462.0,1164.0,6003.0,2832.0,4321.0,3737.0,16733390.17,12.0,15.0,1675.0,2647.0,0.0,0.0,2917.0,4630.0,429831.0,775855.0,440.0,463.0,1599923.0,1335051.0,5.0,26.0,229434.0,289229.0,219770.0,180179.0,0.0,0.0,957.0,167.0,10.0,18.0,15785.0,1447.0,2161.0,211.0,72.0,34.0,0.0,0.0,2707.0,4340.0,,,2.0,4.0,888.0,193.0,9.0,63.0,242.0,164.0,1030.0,249.0,23045.0,18648.0,1376.0,2093.0,19.0,37.0,288.0,249.0,,
76,Brazil,2003,0.0,0.0,80.0,108.0,2657.0,1353.0,,,972.0,2387.0,5947.0,8035.0,1563.0,1462.0,20920380.27,27.0,57.0,2169.0,3657.0,0.0,0.0,1389.0,3616.0,619545.0,1153931.0,572.0,577.0,1922042.0,1709743.0,9.0,50.0,312120.0,403992.0,145914.0,122584.0,3.0,5.0,902.0,347.0,13.0,23.0,22915.0,1948.0,197.0,37.0,177.0,81.0,0.0,0.0,2802.0,5354.0,,,63.0,32.0,194.0,48.0,18.0,68.0,45.0,47.0,50307.0,7471.0,29807.0,25509.0,2969.0,4995.0,19.0,39.0,371.0,241.0,,
76,Brazil,2004,0.0,0.0,98.0,134.0,19831.0,7339.0,,,1469.0,3816.0,5931.0,8929.0,2972.0,2841.0,27224748.8,6.0,6.0,3433.0,5910.0,0.0,0.0,3364.0,6720.0,923659.0,1961465.0,1413.0,1601.0,2424520.0,2493930.0,1.0,3.0,335684.0,566400.0,135283.0,177877.0,0.0,0.0,2425.0,450.0,16.0,26.0,18142.0,1826.0,26.0,6.0,51.0,25.0,0.0,0.0,1745.0,3204.0,,,42.0,22.0,543.0,178.0,139.0,141.0,2.0,1.0,1323433.0,207801.0,31297.0,26172.0,21923.0,44513.0,203.0,441.0,309.0,216.0,,
76,Brazil,2005,0.0,0.0,1616.0,3041.0,113205.0,31468.0,,,3083.0,9299.0,14898.0,8544.0,1532.0,2009.0,30807169.12,15.0,67.0,6654.0,9374.0,17.0,4.0,8448.0,14941.0,1083933.0,2417055.0,1656.0,2049.0,2761966.0,3324209.0,0.0,0.0,389755.0,836194.0,189658.0,286957.0,4.0,17.0,1475.0,269.0,127.0,65.0,18607.0,2444.0,274.0,47.0,350.0,173.0,385.0,93.0,4128.0,8717.0,,,22.0,11.0,340.0,138.0,50.0,53.0,30.0,37.0,156571.0,14768.0,32538.0,33479.0,24512.0,51038.0,36.0,56.0,78.0,106.0,,
76,Brazil,2006,0.0,0.0,1251.0,2085.0,272639.0,73407.0,,,1847.0,6092.0,10247.0,9718.0,4950.0,5828.0,34686302.08,20.0,29.0,2688.0,3964.0,0.0,0.0,14226.0,20671.0,1221701.0,3129477.0,3712.0,4959.0,2585713.0,2922633.0,0.0,0.0,349530.0,772537.0,134687.0,217582.0,3.0,21.0,977.0,275.0,17.0,17.0,11083.0,1805.0,23.0,7.0,71.0,60.0,84.0,14.0,3494.0,7769.0,,,5.0,4.0,376.0,138.0,34.0,106.0,46.0,66.0,652102.0,64572.0,49046.0,59654.0,17448.0,36678.0,4.0,5.0,131.0,185.0,,
76,Brazil,2007,0.0,0.0,3365.0,9274.0,438426.0,265242.0,,,1567.0,6532.0,16681.0,14870.0,6118.0,8541.0,42822416.83,7.0,12.0,2019.0,3511.0,0.0,0.0,16488.0,35175.0,1281272.0,3479645.0,4535.0,6081.0,3007075.0,4217467.0,6.0,28.0,427505.0,972688.0,124671.0,189356.0,97.0,145.0,1944.0,987.0,18.0,25.0,20830.0,4606.0,13279.0,2461.0,2051.0,1825.0,66.0,26.0,4360.0,15767.0,,,15.0,17.0,2581.0,698.0,143.0,234.0,13.0,20.0,104477.0,29978.0,27811.0,41361.0,41585.0,165858.0,10.0,13.0,189.0,284.0,,
76,Brazil,2008,29352.0,7026.0,3838.0,12605.0,414353.0,389866.0,,,1436.0,7579.0,15428.0,19566.0,5827.0,10764.0,57706944.39,3.0,7.0,2393.0,7221.0,212.0,106.0,9559.0,35922.0,1017859.0,3994749.0,5024.0,11498.0,3267889.0,5821978.0,6.0,38.0,369723.0,1152406.0,97825.0,212069.0,21.0,78.0,5098.0,2122.0,14.0,27.0,8648.0,1853.0,1094.0,197.0,21.0,40.0,3200.0,902.0,421.0,1857.0,,,11.0,7.0,1302.0,546.0,23.0,113.0,15.0,28.0,645140.0,204646.0,37798.0,69008.0,82891.0,377190.0,10.0,8.0,201.0,339.0,,
76,Brazil,2009,0.0,0.0,1963.0,5457.0,530226.0,443517.0,,,1506.0,6613.0,16160.0,21774.0,5513.0,9463.0,52957578.83,0.0,2.0,2278.0,5237.0,0.0,0.0,10035.0,35764.0,922688.0,3015725.0,3395.0,6841.0,3265749.0,4817758.0,0.0,0.0,436488.0,982913.0,92701.0,129298.0,48.0,86.0,9953.0,2367.0,29.0,62.0,9933.0,1454.0,4312.0,1300.0,12.0,26.0,800.0,355.0,1003.0,2321.0,,,17.0,13.0,1424.0,694.0,9.0,23.0,15.0,26.0,384750.0,63016.0,30557.0,49065.0,12923.0,49919.0,0.0,0.0,244.0,258.0,,
76,Brazil,2010,0.0,1.0,4502.0,16057.0,926322.0,658663.0,,,1049.0,5007.0,19000.0,34108.0,8767.0,18573.0,64058547.27,4.0,4.0,1961.0,5355.0,0.0,0.0,13930.0,73075.0,947659.0,3853303.0,3596.0,7759.0,3460760.0,5789272.0,0.0,0.0,394607.0,1101649.0,69093.0,124932.0,21.0,30.0,4351.0,1145.0,18.0,42.0,7764.0,1667.0,621.0,194.0,20.0,16.0,686.0,97.0,0.0,1.0,,,10.0,8.0,1228.0,742.0,3.0,16.0,30.0,52.0,1324208.0,226872.0,28179.0,53663.0,5071.0,19795.0,0.0,0.0,281.0,444.0,,
76,Brazil,2011,0.0,0.0,1125.0,4000.0,404853.0,444852.0,,,960.0,4902.0,25245.0,37958.0,5572.0,13969.0,81277395.27,1.0,2.0,1278.0,3851.0,68.0,121.0,14170.0,81912.0,816277.0,4157551.0,3962.0,11734.0,3569903.0,7063214.0,0.0,0.0,377096.0,1161243.0,59031.0,125016.0,9.0,53.0,9511.0,3360.0,59.0,51.0,2412.0,526.0,2992.0,843.0,30.0,40.0,1996.0,1365.0,0.0,0.0,,,8.0,17.0,5820.0,3729.0,157.0,376.0,8.0,23.0,2350720.0,699110.0,24044.0,51349.0,1217.0,5581.0,0.0,0.0,240.0,692.0,,
76,Brazil,2012,0.0,0.0,614.0,1752.0,504097.0,582293.0,,,876.0,4267.0,22020.0,43847.0,7344.0,18325.0,80099620.99,485.0,634.0,1101.0,2867.0,0.0,0.0,34464.0,96274.0,937986.0,4473083.0,7496.0,21797.0,3560370.0,6732381.0,0.0,0.0,415625.0,1170316.0,83516.0,177200.0,7.0,28.0,2412.0,1142.0,65.0,91.0,831.0,255.0,262.0,99.0,24.0,31.0,105.0,37.0,0.0,0.0,,,28.0,48.0,2159.0,1942.0,114.0,309.0,2.0,6.0,2404896.0,619050.0,25884.0,54376.0,153.0,876.0,0.0,0.0,192.0,428.0,,
76,Brazil,2013,25751.0,6811.0,371.0,1237.0,683939.0,717207.0,,,890.0,4803.0,21920.0,51997.0,6642.0,16316.0,83951525.54,5.0,15.0,987.0,2569.0,21.0,8.0,17892.0,59793.0,1174280.0,5331449.0,10253.0,27215.0,3552445.0,7003840.0,0.0,0.0,387648.0,1131458.0,52076.0,95636.0,0.0,0.0,6928.0,2596.0,102.0,129.0,410.0,166.0,2023.0,891.0,12.0,11.0,0.0,0.0,0.0,0.0,,,11.0,14.0,3920.0,3163.0,44.0,125.0,4.0,7.0,1188299.0,348252.0,24392.0,52020.0,2842.0,6293.0,25.0,44.0,148.0,405.0,,
76,Brazil,2014,0.04,0.0,4524.07,16104.0,646776.0,674994.0,,,1083.19,6409.0,16489.0,54925.0,6876.92,17960.0,80873405.1,8.83,22.0,1201.72,1976.0,,,22429.28,86784.0,1203163.41,5724238.0,24981.06,70022.0,3648694.07,6892908.0,,,392203.83,1386108.0,26270.3,60269.0,,,6391.08,1481.0,101.93,133.0,44.0,36.0,9240.72,3381.0,24.15,24.0,,,1.76,12.0,,,9.8,24.0,2686.0,1957.0,0.85,143.0,2.01,4.0,277000.52,100701.0,28259.8,64117.0,39196.84,211613.0,,,177.29,563.0,0.0,0.0
76,Brazil,2015,23530.59,4165.0,925.97,2474.0,212183.0,210601.0,,,921.21,4490.0,15180.0,60430.0,6389.68,12963.0,72714041.89,41.61,80.0,1495.05,3249.0,,,26944.98,73032.0,1070638.51,4642738.0,8479.51,21371.0,3888498.32,6230703.0,,,441855.33,1116447.0,30855.13,51968.0,0.01,1.0,9967.28,1956.0,76.49,76.0,1766.27,452.0,10724.38,3537.0,28.32,21.0,185.0,278.0,402.71,2078.0,,,10.83,33.0,3947.0,2253.0,2.16,85.0,2.82,5.0,1778872.81,353323.0,21329.88,41234.0,41350.38,234732.0,,,143.21,441.0,,
76,Brazil,2016,,,79.98,305.0,292515.0,208746.0,,,820.26,4591.0,15314.0,65805.0,6584.11,12741.0,69622143.64,32.73,71.0,1560.19,3495.0,,,18145.23,51217.0,1068627.61,4327806.0,7413.83,17009.0,3959393.83,5946161.0,,,590804.57,1290564.0,37850.14,58936.0,,,1487.12,517.0,175.92,203.0,3019.13,853.0,2475.5,794.0,948.85,1175.0,,,1.56,8.0,,,241.07,344.0,10376.0,2222.0,12.66,228.0,26.96,39.0,713313.31,115375.0,25935.91,46756.0,14466.57,80657.0,,,106.56,296.0,,
76,Brazil,2017,,,181.56,1027.0,407365.0,276042.0,,,927.53,7067.0,17850.0,69981.0,7128.76,16638.0,79461497.91,263.7,727.0,1011.68,2200.0,3.0,0.0,15752.7,53408.0,1193915.39,5039499.0,12452.12,30391.0,3944215.13,6427893.0,,,561248.65,1405985.0,31365.1,59046.0,0.03,0.0,1896.62,421.0,107.94,107.0,220.03,141.0,21032.17,5301.0,66.35,48.0,,,4.28,19.0,,,12.22,43.0,5080.0,4178.0,216.77,1149.0,44.94,79.0,617643.5,102808.0,18466.78,39965.0,5474.88,24068.0,5.82,29.0,88.27,252.0,,
76,Brazil,2018,0.03,0.0,122.85,690.0,653290.0,534750.0,,,1037.09,7467.0,22906.0,76836.0,5968.23,13029.0,82867469.78,785.42,1884.0,1501.59,4045.0,4.0,1.0,23823.97,73520.0,1333790.55,5413889.0,19874.24,44276.0,3822701.54,5884972.0,0.36,2.0,524318.61,1032983.0,26082.71,38502.0,8.34,81.0,5248.85,1054.0,144.61,136.0,343.18,156.0,12907.4,1848.0,271.32,200.0,2.0,1.0,1.42,7.0,,,214.74,195.0,8611.0,5108.0,379.27,1225.0,73.44,123.0,221248.64,40495.0,9535.86,17881.0,582.44,1949.0,,,165.84,443.0,,
76,Brazil,2019,0.99,3.0,399.32,1864.0,499668.0,354867.0,,,1054.99,7443.0,22200.0,84406.0,6340.91,13677.0,79501356.04,444.67,614.0,1422.0,2265.0,,,18420.5,63564.0,1560002.51,6527405.0,9682.14,18972.0,3951371.51,6404568.0,1.66,17.0,627382.4,1446317.0,29608.4,41349.0,50.93,498.0,4921.31,923.0,295.2,267.0,315.39,412.0,2484.22,620.0,1319.74,982.0,0.0,0.0,120.74,226.0,,,663.87,452.0,8093.0,6520.0,947.18,1958.0,168.15,333.0,563643.06,116593.0,9319.37,16507.0,334.96,772.0,6.57,15.0,35.13,72.0,,
76,Brazil,2020,31.32,4.0,324.52,1430.0,308433.0,217152.0,,,1720.45,9637.0,24256.0,77891.0,7665.01,16494.0,85148039.75,588.58,1242.0,1150.67,1794.0,,,12771.28,42195.0,1715556.5,7428848.0,8846.69,18030.0,3899502.96,5481525.0,1.92,15.0,869881.62,2073345.0,31218.18,47109.0,56.16,533.0,2597.11,637.0,4681.51,2765.0,494.03,523.0,9077.81,2983.0,1645.21,1013.0,,,79.88,211.0,,,988.43,511.0,3971.0,3852.0,510.31,1399.0,198.77,341.0,560878.5,111731.0,11266.58,18380.0,1222.35,3617.0,,,16.51,36.0,,
76,Brazil,2021,1.11,1.0,580.1,2454.0,81226.0,68481.0,,,1486.41,10182.0,24302.0,88399.0,6506.9,14761.0,101559729.57,1271.17,3622.0,2089.2,3649.0,,,22138.14,67860.0,1553936.18,7951741.0,6220.15,15485.0,4201040.27,6844400.0,2.53,26.0,980636.1,2418035.0,33700.74,54344.0,62.76,530.0,1239.38,498.0,1284.24,1080.0,602.61,551.0,6439.39,2024.0,3173.06,1832.0,,,487.04,1433.0,,,1942.1,833.0,3778.0,4295.0,606.82,1715.0,282.78,427.0,1129348.65,284037.0,9085.16,15090.0,5768.98,20174.0,,,14.01,33.0,,
76,Brazil,2022,0.39,1.0,1036.29,5184.0,214134.0,192253.0,,,1311.82,10690.0,20897.0,101439.0,5976.91,15865.0,136401578.47,1315.03,4241.0,2411.44,5083.0,7.0,0.0,19573.6,83493.0,1984236.13,11785554.0,7055.16,20629.0,4364053.23,8686206.0,1.92,21.0,985040.39,2362022.0,27749.28,42061.0,57.29,664.0,11087.79,2253.0,592.08,699.0,522.37,531.0,4129.08,2017.0,3485.97,2622.0,,,138.76,479.0,,,1939.58,1049.0,4675.0,1628.0,321.13,1100.0,218.49,457.0,3072779.16,967323.0,9447.24,18726.0,5736.05,22430.0,,,21.45,48.0,,
76,Brazil,2023,0.73,1.0,359.75,2288.0,555706.0,488656.0,,,774.93,7118.0,22176.0,112530.0,6055.12,18318.0,146661234.4,584.73,1996.0,5609.76,15056.0,1.0,0.0,41463.13,157077.0,1994514.93,9458332.0,11329.14,36897.0,4729629.31,8783694.0,1.56,17.0,1052378.55,2571134.0,34890.38,57420.0,97.58,952.0,18367.86,3553.0,868.62,1028.0,1201.16,793.0,13213.7,6635.0,2992.44,2700.0,57.0,51.0,82.88,336.0,,,1905.91,1439.0,4399.0,4591.0,168.83,776.0,281.8,686.0,2354625.26,724301.0,10172.05,22546.0,437.2,1567.0,,,0.1,2.0,,
100,Bulgaria,2000,172346.77,15713.0,0.0,0.0,41600.0,11611.0,2200.0,6300.0,6399.81,14613.0,346.0,435.0,0.0,0.0,473521.58,0.0,0.0,0.0,0.0,0.0,0.0,1700.0,1878.0,103.0,822.0,100.0,300.0,4988.13,18288.0,0.0,0.0,60.0,182.0,170.0,320.0,5300.0,16900.0,100.0,10.0,0.0,0.0,85.0,120.0,1571.33,225.0,18.0,25.0,18434.0,662.0,250.0,300.0,,,5.0,4.0,0.0,0.0,1000.0,750.0,5400.0,4300.0,498700.0,42000.0,15.0,10.0,190.0,290.0,140.0,240.0,170.0,180.0,,
100,Bulgaria,2001,274136.0,28276.0,67.0,247.0,21220.0,7664.0,3600.0,9600.0,8573.0,20885.0,145.0,161.0,20.0,29.0,583143.91,0.0,0.0,1.0,3.0,775.0,146.0,1524.0,2995.0,54.0,139.0,75.0,198.0,4629.0,20547.0,374.0,1321.0,111.0,424.0,46.0,174.0,6549.0,25604.0,3842.0,358.0,0.0,0.0,190.0,167.0,796.0,289.0,119.0,90.0,9104.0,243.0,94.0,147.0,,,7.0,7.0,0.0,0.0,1676.0,1921.0,9294.0,11293.0,365892.0,42158.0,7.0,11.0,125.0,194.0,348.0,653.0,141.0,147.0,,
100,Bulgaria,2002,526308.0,40755.0,27.0,81.0,21901.0,3669.0,3463.0,7983.0,10435.0,22449.0,477.0,220.0,84.0,137.0,732488.25,0.0,0.0,8.0,27.0,970.0,25.0,2138.0,2195.0,28.0,100.0,464.0,685.0,3266.0,17134.0,462.0,1488.0,105.0,357.0,33.0,86.0,6397.0,22190.0,4541.0,390.0,0.0,0.0,199.0,108.0,280.0,64.0,142.0,83.0,953.0,40.0,36.0,53.0,,,3.0,3.0,0.0,0.0,193.0,183.0,6973.0,7524.0,1302893.0,112740.0,4.0,8.0,102.0,158.0,296.0,828.0,246.0,289.0,,
100,Bulgaria,2003,15202.0,2066.0,34.0,59.0,24739.0,5143.0,0.0,0.0,13513.0,32561.0,219.0,120.0,79.0,161.0,798030.0,0.0,3.0,26.0,96.0,965.0,18.0,3930.0,4649.0,44.0,147.0,310.0,407.0,2294.0,12925.0,550.0,2316.0,112.0,387.0,26.0,82.0,7031.0,29928.0,1534.0,175.0,0.0,0.0,407.0,214.0,142.0,57.0,107.0,73.0,160.0,9.0,12.0,19.0,,,5.0,4.0,0.0,0.0,442.0,293.0,8342.0,8712.0,313069.0,35248.0,1.0,3.0,48.0,122.0,104.0,692.0,533.0,611.0,,
100,Bulgaria,2004,338197.0,37031.0,149.0,172.0,24432.0,4414.0,0.0,0.0,14811.0,43087.0,172.0,108.0,99.0,218.0,1064621.22,0.0,0.0,0.0,0.0,5167.0,169.0,4144.0,4633.0,52.0,164.0,38.0,87.0,5684.0,33945.0,298.0,1973.0,180.0,678.0,22.0,84.0,7047.0,34752.0,7447.0,878.0,15.0,2.0,383.0,116.0,97.0,42.0,119.0,121.0,149992.0,9034.0,57.0,87.0,,,7.0,7.0,2.0,1.0,163.0,211.0,12123.0,16016.0,667036.0,79997.0,2.0,4.0,13.0,52.0,214.0,642.0,951.0,1416.0,,
100,Bulgaria,2005,229080.0,28766.0,2365.0,4289.0,49993.0,10771.0,0.0,0.0,15741.0,47730.0,257.0,121.0,136.0,300.0,1265662.0,0.0,0.0,16.0,21.0,223.0,9.0,3381.0,3523.0,92.0,366.0,35.0,86.0,7832.0,56367.0,299.0,1532.0,86.0,387.0,28.0,130.0,7965.0,41510.0,5239.0,675.0,0.0,0.0,419.0,176.0,108.0,45.0,122.0,102.0,9277.0,539.0,15.0,32.0,,,8.0,10.0,2109.0,475.0,85.0,129.0,7681.0,14639.0,1116383.0,127438.0,2.0,6.0,2.0,18.0,192.0,345.0,872.0,1612.0,,
100,Bulgaria,2006,181667.0,22361.0,571.0,982.0,70143.0,20065.0,5649.0,19475.0,8866.0,27928.0,85.0,54.0,139.0,299.0,1496514.17,0.0,1.0,3.0,7.0,1803.0,62.0,4512.0,4383.0,165.0,693.0,50.0,159.0,5850.0,26277.0,192.0,1074.0,71.0,342.0,33.0,153.0,8069.0,44242.0,4080.0,525.0,6.0,4.0,266.0,76.0,112.0,60.0,167.0,135.0,21775.0,1340.0,20.0,47.0,,,11.0,10.0,1136.0,602.0,180.0,295.0,9559.0,15210.0,1304371.0,164096.0,3.0,8.0,3.0,21.0,156.0,283.0,2338.0,4833.0,,
100,Bulgaria,2007,181372.0,42601.0,1083.0,4408.0,59664.0,24663.0,4498.0,17729.0,11108.0,44534.0,3315.0,1673.0,64.0,136.0,1636946.0,22.0,16.0,1.0,2.0,0.0,0.0,6598.0,12486.0,3015.0,23095.0,131.0,526.0,10631.0,42876.0,168.0,1089.0,327.0,1279.0,65.0,257.0,7075.0,40828.0,255.0,72.0,1.0,1.0,51.0,51.0,324.0,167.0,577.0,468.0,43609.0,3013.0,232.0,663.0,,,33.0,37.0,249.0,35.0,349.0,1727.0,11073.0,17059.0,253933.0,63183.0,72.0,98.0,735.0,1203.0,96.0,184.0,1950.0,4500.0,,
100,Bulgaria,2008,494958.0,122824.0,2477.0,5940.0,59219.0,24290.0,5307.0,25394.0,15796.0,65782.0,10099.0,5482.0,174.0,443.0,2819545.54,14.0,40.0,200.0,404.0,260.0,38.0,8295.0,18089.0,1693.0,9241.0,111.0,702.0,9379.0,44538.0,146.0,1081.0,959.0,2673.0,113.0,452.0,6207.0,39161.0,6334.0,1916.0,2.0,2.0,49.0,52.0,706.0,291.0,1076.0,1028.0,13336.0,890.0,276.0,876.0,,,53.0,70.0,56.0,18.0,385.0,1215.0,11344.0,19454.0,1759299.0,478080.0,80.0,169.0,675.0,1359.0,126.0,390.0,957.0,2452.0,,
100,Bulgaria,2009,416056.0,61857.0,4080.0,5453.0,52159.0,19336.0,5319.0,23057.0,14976.0,47610.0,15155.0,7316.0,229.0,497.0,2745138.01,33.0,86.0,834.0,941.0,0.0,0.0,9908.0,20071.0,1290.0,6413.0,15.0,69.0,23499.0,75769.0,54.0,487.0,638.0,2208.0,575.0,1288.0,5081.0,33799.0,8406.0,1667.0,65.0,43.0,68.0,23.0,95.0,28.0,444.0,350.0,20014.0,1323.0,757.0,739.0,,,10.0,15.0,177.0,96.0,397.0,822.0,15039.0,27513.0,1771182.0,300946.0,10.0,15.0,323.0,633.0,185.0,526.0,591.0,1325.0,,
100,Bulgaria,2010,483867.0,83700.0,1194.0,3889.0,41193.0,15533.0,5222.0,23089.0,17430.0,54419.0,17979.0,8755.0,288.0,577.0,3517971.0,23.0,101.0,588.0,1188.0,267.0,25.0,10011.0,21232.0,371.0,3427.0,105.0,389.0,37861.0,117594.0,50.0,322.0,1004.0,3564.0,741.0,2265.0,3873.0,26748.0,5787.0,1498.0,11.0,22.0,46.0,51.0,617.0,234.0,1023.0,606.0,208150.0,21709.0,462.0,1155.0,,,501.0,407.0,44.0,8.0,171.0,553.0,12090.0,22330.0,2293123.0,476141.0,1.0,7.0,1156.0,2290.0,350.0,981.0,683.0,817.0,,
100,Bulgaria,2011,343115.0,90560.0,1283.0,3417.0,28151.0,10587.0,5459.0,25864.0,17187.0,62938.0,20785.0,9630.0,332.0,811.0,4417824.0,54.0,221.0,808.0,1489.0,163.0,102.0,10079.0,22506.0,618.0,3533.0,19.0,80.0,39470.0,125232.0,24.0,149.0,2313.0,4786.0,2369.0,5784.0,2142.0,16303.0,6498.0,1401.0,1.0,1.0,23.0,29.0,402.0,198.0,5737.0,3995.0,777293.0,71219.0,497.0,1533.0,,,32.0,100.0,6.0,1.0,340.0,797.0,11947.0,20440.0,2137202.0,577065.0,1.0,12.0,855.0,1908.0,283.0,958.0,709.0,1228.0,,
100,Bulgaria,2012,325128.0,91547.0,929.0,2748.0,28071.0,10199.0,0.0,0.0,22002.0,90372.0,24493.0,10058.0,0.0,0.0,4148590.0,53.0,225.0,225.0,515.0,142.0,62.0,6462.0,18030.0,364.0,2217.0,235.0,1003.0,32873.0,86954.0,16.0,99.0,701.0,1423.0,4017.0,7419.0,1625.0,10809.0,3544.0,1245.0,35.0,37.0,2.0,1.0,3316.0,788.0,6796.0,4992.0,107223.0,11582.0,3063.0,9653.0,,,321.0,583.0,830.0,168.0,600.0,1062.0,8916.0,15615.0,2452535.0,717449.0,5.0,23.0,114.0,196.0,191.0,531.0,302.0,625.0,,
100,Bulgaria,2013,414766.0,103796.0,1047.0,2289.0,28464.0,9706.0,0.0,0.0,23129.0,103552.0,20081.0,8829.0,0.0,0.0,5229784.0,77.0,402.0,367.0,989.0,2827.0,1058.0,9275.0,24955.0,587.0,2622.0,199.0,799.0,22351.0,64149.0,4.0,11.0,940.0,3246.0,885.0,2959.0,1446.0,9445.0,4371.0,1286.0,92.0,100.0,59.0,35.0,6740.0,2181.0,5259.0,3890.0,23705.0,3884.0,4536.0,17452.0,,,1461.0,5366.0,0.0,0.0,607.0,1545.0,12121.0,21508.0,3660608.0,951220.0,3.0,11.0,243.0,1067.0,284.0,722.0,343.0,779.0,,
100,Bulgaria,2014,528596.2,112907.0,1049.55,2564.0,10171.0,4690.0,,,26418.67,125264.0,21081.0,9138.0,,,4762093.22,19.3,91.0,662.45,2044.0,3121.0,1052.0,12401.5,32165.0,1477.3,6605.0,411.3,1340.0,26868.4,71161.0,,,1228.4,4232.0,456.43,1958.0,1892.4,13026.0,3957.4,1106.0,85.1,157.0,0.6,1.0,3231.2,701.0,3861.9,3482.0,12941.0,2230.0,2304.7,8751.0,,,250.0,553.0,209.0,33.0,467.44,1154.0,9519.24,20717.0,2839896.4,691335.0,65.2,101.0,235.02,1043.0,379.4,1000.0,329.1,734.0,273.1,604.0
100,Bulgaria,2015,413829.8,74584.0,1219.14,1775.0,15572.0,13564.0,,,25153.57,98093.0,25288.0,9532.0,,,4002896.47,76.5,140.0,574.7,1736.0,,,14147.6,32508.0,699.7,2837.0,1156.8,3232.0,25423.33,62904.0,11.4,45.0,1461.0,4161.0,958.98,2215.0,1695.5,10003.0,2784.0,654.0,98.0,79.0,16.5,10.0,1540.4,333.0,12764.2,7835.0,405.0,71.0,2438.91,5137.0,,,253.9,335.0,10841.0,1805.0,228.06,603.0,8372.6,17659.0,3243381.1,653346.0,24.6,163.0,229.71,784.0,299.4,705.0,654.9,850.0,202.4,386.0
100,Bulgaria,2016,412266.26,70028.0,847.99,2708.0,27724.0,33270.0,,,23874.24,87150.0,24308.0,9609.0,,,4297353.39,47.67,109.0,611.33,1249.0,,,14613.07,25270.0,265.81,1244.0,4023.31,11010.0,24852.77,60189.0,48.41,159.0,1624.74,4243.0,1424.52,2275.0,949.09,5112.0,3544.11,793.0,129.34,106.0,36.56,27.0,131.07,69.0,5589.28,3427.0,940.0,139.0,1426.04,3000.0,,,2078.1,1352.0,2075.0,305.0,256.53,774.0,8713.63,15414.0,4414160.36,767748.0,64.65,277.0,432.85,1314.0,616.68,2474.0,402.31,1157.0,,
100,Bulgaria,2017,314665.62,55113.0,595.7,2770.0,40821.0,54983.0,,,23575.03,89977.0,30825.0,11968.0,,,4432957.4,61.18,125.0,1265.32,3009.0,,,14752.97,32759.0,379.97,1683.0,975.22,2740.0,30005.44,72561.0,26.14,151.0,1781.57,5292.0,2109.84,2767.0,1616.53,9115.0,3214.11,638.0,163.49,143.0,11.18,24.0,235.14,99.0,6730.77,4040.0,3683.0,599.0,1676.65,4790.0,,,760.48,574.0,7298.0,1126.0,325.13,1548.0,9510.9,19250.0,4161660.49,772544.0,76.45,296.0,332.72,908.0,150.63,355.0,552.6,2055.0,,
100,Bulgaria,2018,250967.29,53012.0,530.07,2627.0,32195.0,29524.0,,,22574.91,93403.0,29914.0,12145.0,,,4780372.98,105.65,314.0,658.83,1906.0,284.0,57.0,15345.79,34105.0,257.26,1130.0,548.87,1739.0,30041.77,79665.0,47.39,259.0,1277.39,3402.0,4836.65,8613.0,1284.28,7801.0,3676.67,748.0,202.77,190.0,5.48,10.0,4048.24,1670.0,13455.42,8379.0,15772.0,2848.0,844.5,1564.0,,,416.73,417.0,31778.0,4563.0,359.35,2325.0,9623.14,23271.0,4170661.71,850850.0,62.23,133.0,441.34,1517.0,211.03,609.0,684.47,2901.0,1.24,1.0
100,Bulgaria,2019,267290.15,49026.0,648.24,2841.0,39476.0,27951.0,,,23063.65,97117.0,26480.0,10549.0,,,5054753.94,84.56,207.0,274.67,730.0,942.0,147.0,18330.71,39675.0,213.37,1132.0,77.32,235.0,29045.28,70209.0,14.91,115.0,1234.88,3530.0,4281.86,8793.0,1203.72,7211.0,5098.22,1067.0,368.77,238.0,73.62,79.0,3790.14,930.0,10364.26,6654.0,23961.0,4001.0,2041.23,4866.0,,,307.69,212.0,9180.0,1297.0,191.2,622.0,7525.44,18566.0,4883530.36,940976.0,26.63,62.0,496.41,1526.0,276.85,979.0,556.64,2125.0,,
100,Bulgaria,2020,333032.47,65436.0,471.36,1929.0,36527.0,28803.0,,,22507.02,99583.0,21252.0,9001.0,,,5189565.38,55.06,170.0,450.86,951.0,322.0,37.0,22585.57,43455.0,363.93,3088.0,37.71,231.0,20773.82,46430.0,1.43,7.0,1034.38,2936.0,2420.42,3694.0,496.95,3335.0,29881.27,6582.0,360.31,250.0,11.7,20.0,2628.7,729.0,9806.56,7010.0,33662.0,6618.0,1188.82,3056.0,,,272.76,402.0,,,189.0,1071.0,7610.54,18659.0,3223233.01,698083.0,29.26,60.0,145.25,497.0,175.6,443.0,377.76,1312.0,,
100,Bulgaria,2021,431273.41,109387.0,608.81,2727.0,42468.0,30832.0,,,22963.24,107625.0,18071.0,7748.0,,,6769717.19,47.4,106.0,617.72,1475.0,425.0,181.0,27117.34,60705.0,734.33,7060.0,93.69,493.0,21487.76,52365.0,5.65,22.0,733.2,2147.0,5616.77,10556.0,445.36,3435.0,7905.84,2075.0,270.85,167.0,27.4,78.0,2579.13,729.0,7427.13,5952.0,27512.0,7319.0,897.77,2508.0,,,130.26,174.0,,,369.35,1644.0,6481.98,15703.0,5119221.58,1321561.0,34.2,113.0,97.59,399.0,357.45,584.0,708.22,3337.0,,
100,Bulgaria,2022,177684.73,62733.0,995.4,5632.0,48152.0,45783.0,,,20512.52,109385.0,26499.0,10702.0,,,8201719.51,85.32,180.0,470.69,2209.0,116.0,21.0,23243.83,56728.0,268.29,4315.0,132.01,674.0,22499.69,62069.0,13.52,59.0,1498.43,4027.0,6405.34,15127.0,386.37,3041.0,5076.8,1911.0,197.0,195.0,37.45,109.0,3166.68,1092.0,4501.45,4488.0,6319.0,1862.0,1340.15,3616.0,,,22.31,24.0,4553.0,793.0,222.53,1649.0,5723.93,16816.0,4051291.77,1455375.0,38.28,108.0,95.71,491.0,337.02,408.0,813.89,3055.0,,
100,Bulgaria,2023,525294.56,118962.0,1008.82,5130.0,102582.0,189291.0,,,21417.09,129526.0,28736.0,13104.0,,,8135845.75,131.88,792.0,339.92,1823.0,411.0,79.0,26912.25,69977.0,206.57,3097.0,5561.79,37887.0,19924.76,58036.0,12.07,46.0,1972.03,6993.0,5516.43,15978.0,525.33,4379.0,4414.26,1102.0,151.23,169.0,75.67,92.0,1977.37,700.0,7679.98,5998.0,3682.0,1219.0,906.02,1902.0,,,70.55,109.0,77553.0,16486.0,270.81,1454.0,6262.42,19577.0,6386633.99,1682183.0,124.79,250.0,120.39,587.0,190.26,411.0,568.08,2409.0,,
124,Canada,2000,1842673.0,244317.0,6711.35,10953.0,968750.0,766592.0,,,17217.97,66634.0,4024.0,4671.0,880.11,1122.0,15658706.65,10249.75,8123.0,1782.55,2221.0,1909.0,366.0,2072.0,20075.0,287805.5,878243.0,106362.0,282405.0,59555.84,41256.0,0.0,0.0,332725.9,770882.0,108176.6,161875.0,381.15,1391.0,1510347.0,143822.0,81408.54,23702.0,18851.33,8053.0,449563.0,95221.0,4563.59,3442.0,51700.0,5570.0,29375.12,41747.0,,,312.23,235.0,4359682.0,301202.0,35.03,97.0,68270.94,50218.0,18771740.0,2488164.0,2039.25,2321.0,1386.5,2178.0,259.05,830.0,205.43,225.0,,
124,Canada,2001,1770629.0,253618.0,16492.0,32431.0,1309886.0,1073331.0,,,17920.0,65703.0,5260.0,4177.0,2834.0,4488.0,17193563.28,14735.0,7934.0,3194.0,4714.0,3765.0,413.0,2101.0,16953.0,326541.0,1028988.0,108252.0,291942.0,68145.0,57683.0,0.0,0.0,389465.0,944642.0,110264.0,179733.0,314.0,1356.0,1425300.0,155739.0,100712.0,30117.0,18524.0,9285.0,356480.0,78954.0,4118.0,2828.0,85470.0,8247.0,45810.0,90518.0,,,436.0,302.0,5344239.0,359309.0,60.0,144.0,65045.0,47746.0,17658856.0,2548093.0,1599.0,2108.0,5839.0,11921.0,141.0,549.0,167.0,226.0,,
124,Canada,2002,838700.0,124102.0,16981.0,24138.0,1690708.0,1167994.0,,,15182.0,57020.0,7182.0,7285.0,990.0,1327.0,16287510.0,14993.0,6960.0,3297.0,5288.0,10173.0,861.0,2109.0,21372.0,360063.0,1043703.0,101862.0,259797.0,83017.0,61898.0,0.0,0.0,474417.0,945874.0,111958.0,137121.0,260.0,1276.0,828924.0,127287.0,97671.0,37006.0,22575.0,10762.0,426161.0,115682.0,7333.0,2676.0,139692.0,12160.0,48808.0,64944.0,,,491.0,601.0,5741363.0,310833.0,84.0,327.0,71544.0,53541.0,12202573.0,1963512.0,1244.0,1435.0,6711.0,9770.0,123.0,212.0,143.0,187.0,,
124,Canada,2003,777120.0,124603.0,12078.0,17358.0,506683.0,423735.0,,,10995.0,55555.0,9450.0,10408.0,2413.0,3722.0,17404628.0,29472.0,15314.0,3886.0,6450.0,8251.0,603.0,2052.0,23033.0,254079.0,857174.0,37955.0,122288.0,68754.0,59377.0,1.0,3.0,531753.0,1104810.0,132302.0,178170.0,100.0,345.0,1109491.0,153864.0,110671.0,41747.0,24887.0,13559.0,466523.0,106574.0,5876.0,1887.0,68867.0,7835.0,36046.0,55824.0,,,424.0,358.0,7442352.0,400832.0,77.0,147.0,81391.0,60558.0,11703543.0,2023088.0,545.0,702.0,976.0,980.0,144.0,283.0,108.0,184.0,,
124,Canada,2004,1654907.0,254870.0,17197.0,37755.0,0.0,0.0,,,10177.0,55002.0,8774.0,10345.0,2545.0,3308.0,20428290.0,19416.0,21325.0,2010.0,3201.0,60.0,34.0,2279.0,26960.0,415391.0,1385019.0,13298.0,51070.0,63768.0,81237.0,0.0,1.0,527620.0,1349338.0,144837.0,250115.0,255.0,429.0,1147065.0,147920.0,119413.0,41157.0,29052.0,16160.0,428069.0,93377.0,4760.0,2077.0,15.0,13.0,15896.0,31027.0,,,72.0,100.0,8511409.0,541688.0,168.0,360.0,102225.0,75036.0,15118679.0,2688815.0,738.0,863.0,2287.0,3924.0,47.0,168.0,375.0,599.0,,
124,Canada,2005,2021068.0,289739.0,19878.0,38305.0,562630.0,518561.0,,,9652.0,51670.0,9615.0,11373.0,2640.0,3491.0,21695121.0,33633.0,26843.0,3043.0,4150.0,97.0,14.0,2173.0,28121.0,404197.0,1383491.0,19065.0,79153.0,90470.0,103601.0,29.0,17.0,635781.0,1665604.0,137012.0,242932.0,322.0,1235.0,1353661.0,185109.0,149554.0,56327.0,25731.0,13378.0,433509.0,113748.0,6227.0,2655.0,966.0,122.0,5604.0,12968.0,,,39.0,27.0,8214983.0,614584.0,252.0,378.0,99239.0,75734.0,13924960.0,2231872.0,484.0,910.0,545.0,1019.0,37.0,47.0,220.0,321.0,,
124,Canada,2006,1514049.0,237004.0,17819.0,28070.0,1045081.0,1048222.0,,,9324.0,56807.0,6047.0,9663.0,2603.0,3639.0,24674260.0,33757.0,37975.0,2647.0,3767.0,77.0,32.0,2059.0,31817.0,304278.0,981085.0,33654.0,123765.0,96929.0,108869.0,0.0,0.0,611577.0,1530091.0,165507.0,280130.0,267.0,811.0,1852883.0,290215.0,180141.0,76463.0,33471.0,18870.0,432299.0,142728.0,2939.0,1245.0,3159.0,415.0,13235.0,28644.0,,,23.0,17.0,8776985.0,594647.0,178.0,320.0,99907.0,85229.0,18497809.0,3221268.0,465.0,893.0,210.0,427.0,6.0,22.0,74.0,137.0,,
124,Canada,2007,1949933.0,452437.0,12977.0,23244.0,1432703.0,1444886.0,,,8543.0,56754.0,5523.0,11528.0,2750.0,4022.0,29479293.0,25853.0,32234.0,1943.0,3494.0,125.0,62.0,3469.0,31917.0,285465.0,905982.0,38264.0,146125.0,125966.0,187530.0,0.0,0.0,586874.0,1539006.0,150935.0,256722.0,747.0,1582.0,2027554.0,401335.0,160163.0,83681.0,34692.0,19332.0,610142.0,169349.0,2345.0,1305.0,89.0,28.0,14018.0,49304.0,,,13.0,12.0,10031949.0,677715.0,252.0,406.0,116009.0,100217.0,17551674.0,4359492.0,509.0,1161.0,941.0,4212.0,2.0,14.0,166.0,161.0,,
124,Canada,2008,2346919.0,706415.0,728.0,1665.0,1627602.0,1551512.0,,,8818.0,60714.0,5655.0,11633.0,2640.0,4204.0,36920478.0,13949.0,43748.0,2542.0,5545.0,155.0,122.0,2187.0,26879.0,318281.0,1013224.0,31663.0,129914.0,138456.0,216817.0,0.0,0.0,651216.0,1753657.0,161196.0,304683.0,374.0,1359.0,2159133.0,541593.0,147843.0,94359.0,42249.0,26336.0,633044.0,206895.0,349.0,208.0,14.0,23.0,10269.0,36951.0,,,34.0,32.0,9357045.0,496563.0,213.0,522.0,119994.0,112675.0,15781400.0,6727646.0,427.0,1091.0,443.0,2176.0,30.0,134.0,76.0,87.0,,
124,Canada,2009,1573219.0,387822.0,2649.0,4100.0,1092483.0,985967.0,,,8538.0,52220.0,5863.0,12047.0,2468.0,3679.0,31077842.0,7396.0,24052.0,2094.0,3529.0,314.0,219.0,1920.0,31461.0,304048.0,881655.0,36618.0,123347.0,132753.0,192183.0,71.0,301.0,658765.0,1576906.0,152673.0,250698.0,308.0,1369.0,1651102.0,329498.0,158705.0,86364.0,29652.0,17838.0,477363.0,174652.0,1034.0,817.0,32.0,8.0,10101.0,21111.0,,,40.0,36.0,6375667.0,311531.0,134.0,684.0,103897.0,105164.0,19279098.0,5291979.0,464.0,1169.0,506.0,1254.0,52.0,170.0,111.0,134.0,,
124,Canada,2010,1348608.0,316471.0,6767.0,14243.0,1089264.0,1095696.0,,,7799.0,43774.0,7620.0,14891.0,2324.0,4286.0,34674557.0,6464.0,27656.0,4332.0,6892.0,0.0,0.0,2566.0,44163.0,325341.0,1080008.0,45836.0,193264.0,128882.0,192138.0,84.0,412.0,688555.0,1888212.0,155260.0,336788.0,316.0,1423.0,1544055.0,326296.0,165999.0,87162.0,26782.0,19281.0,493657.0,172606.0,1814.0,1607.0,1469.0,247.0,6101.0,13401.0,,,191.0,151.0,5761318.0,377738.0,108.0,366.0,108739.0,106585.0,18394492.0,4535427.0,544.0,1437.0,342.0,1357.0,35.0,151.0,46.0,57.0,,
124,Canada,2011,1055476.0,313599.0,134.0,702.0,713172.0,899722.0,,,7403.0,35922.0,6345.0,14688.0,1461.0,2780.0,41007311.0,8989.0,43444.0,3644.0,6203.0,11.0,6.0,2360.0,41595.0,269655.0,1036442.0,32529.0,167677.0,124573.0,199312.0,10.0,60.0,729436.0,2285643.0,140606.0,372561.0,238.0,878.0,1657793.0,429766.0,161351.0,101996.0,37010.0,27614.0,614122.0,229488.0,3970.0,3647.0,9045.0,1177.0,9872.0,34469.0,,,41.0,42.0,5821056.0,386951.0,815.0,1451.0,117802.0,117430.0,16335086.0,5742111.0,553.0,1372.0,1102.0,3658.0,78.0,429.0,52.0,71.0,,
124,Canada,2012,1545962.0,484774.0,374.0,1588.0,820568.0,1083991.0,,,8293.0,40972.0,6066.0,15546.0,5.0,14.0,43950407.0,7610.0,38751.0,5707.0,9744.0,32.0,17.0,1140.0,23080.0,207825.0,885251.0,29499.0,168785.0,121317.0,223714.0,92.0,432.0,749762.0,2239439.0,153340.0,371661.0,96.0,480.0,1643538.0,427025.0,180823.0,118924.0,19974.0,16289.0,408046.0,161518.0,4931.0,4483.0,2748.0,335.0,10449.0,32965.0,,,68.0,67.0,5676354.0,349395.0,417.0,1194.0,107825.0,124016.0,17866820.0,6151145.0,615.0,1540.0,2549.0,7466.0,53.0,237.0,7.0,10.0,,
124,Canada,2013,1266858.0,393256.0,3534.0,10637.0,1047899.0,1289833.0,,,9689.0,51863.0,5874.0,14454.0,5.0,13.0,44954074.68,4759.0,32213.0,6332.0,12547.0,360.0,452.0,1148.0,22960.0,207857.0,922059.0,27535.0,187105.0,127786.0,234481.0,86.0,336.0,739214.0,2187604.0,162988.0,369243.0,420.0,1104.0,1440294.0,410151.0,187058.0,135159.0,22988.0,19521.0,464162.0,181081.0,2735.0,2701.0,3945.0,458.0,12658.0,47382.0,,,51.0,49.0,4975472.0,347941.0,677.0,2885.0,103821.0,118074.0,19808018.0,6548588.0,632.0,1519.0,3950.0,14654.0,56.0,247.0,9.0,28.0,,
124,Canada,2014,1592749.73,446921.0,484.07,1472.0,1245696.0,1776675.0,,,9311.43,57228.0,6843.0,14916.0,25.09,44.0,46926189.59,3024.73,21479.0,6709.94,13365.0,10.0,8.0,2042.88,33368.0,240539.21,1283814.0,26072.91,212832.0,111616.37,204937.0,0.52,3.0,722345.31,2379549.0,158406.79,433278.0,150.97,575.0,1715224.45,501616.0,197707.02,146585.0,22948.23,20521.0,518742.15,200206.0,4162.47,4115.0,4054.0,392.0,12701.76,52444.0,,,74.88,67.0,4960009.0,443431.0,1609.73,7683.0,104018.83,120108.0,24189369.7,7189829.0,624.17,1425.0,3623.38,13686.0,82.8,370.0,2.26,6.0,,
124,Canada,2015,1313356.3,354594.0,644.42,1574.0,831822.0,1313465.0,,,9752.63,42645.0,5923.0,12107.0,7.41,11.0,43810696.19,3014.88,17605.0,6575.14,21867.0,2439.0,147.0,1667.36,28455.0,257248.38,1366591.0,22586.26,163906.0,103495.88,197324.0,,,720842.32,1892936.0,174178.83,351377.0,152.77,552.0,1725979.31,426180.0,205995.72,145745.0,24928.07,24154.0,459014.45,180183.0,3719.18,3423.0,5513.0,441.0,13670.5,29120.0,,,133.56,105.0,5775751.0,365991.0,2813.33,12804.0,111441.82,120471.0,23610801.14,6220979.0,298.71,702.0,2477.88,6029.0,56.24,291.0,1.36,4.0,4.52,18.0
124,Canada,2016,1207325.24,293356.0,145.11,457.0,765914.0,1037423.0,,,9822.09,42050.0,5511.0,11561.0,13.22,35.0,42618949.06,4701.15,22228.0,6958.15,15133.0,7452.0,562.0,1334.33,19224.0,275888.6,1275404.0,33326.71,218541.0,100612.43,167202.0,3.67,16.0,762440.93,1949172.0,196413.53,438275.0,142.22,802.0,1689906.59,359502.0,205130.05,140101.0,26413.56,23505.0,541710.97,227849.0,5418.76,4805.0,14284.0,1231.0,23687.03,42019.0,,,124.4,94.0,5671386.0,329820.0,2265.95,9219.0,104371.38,118086.0,19702348.09,4504109.0,928.64,807.0,1087.51,2536.0,66.94,335.0,101.06,246.0,0.47,8.0
124,Canada,2017,1917405.0,409310.0,148.26,410.0,641676.0,825053.0,,,10222.99,51398.0,7200.0,19362.0,44.15,94.0,44825356.14,3312.83,19517.0,5280.58,10191.0,3178.0,179.0,371.63,5968.0,292627.07,1400202.0,32477.54,232068.0,103470.21,162553.0,,,778662.91,2101972.0,181089.85,421950.0,175.18,1571.0,1545047.59,331321.0,192146.9,133852.0,27930.08,25815.0,564899.63,238838.0,8753.09,7731.0,5870.0,375.0,71879.75,133385.0,,,37.73,29.0,5614210.0,358436.0,683.86,2140.0,110282.41,128345.0,21537659.53,5089604.0,359.86,831.0,819.18,1653.0,100.15,523.0,235.99,672.0,20.38,38.0
124,Canada,2018,2238692.67,527399.0,605.99,2050.0,631211.0,762127.0,,,7285.99,42161.0,5920.0,17225.0,49.06,126.0,46198325.06,6985.9,30261.0,4607.02,10244.0,1593.0,92.0,481.04,4881.0,314825.09,1617446.0,36378.11,294067.0,88028.07,151354.0,,,798063.94,2063977.0,163486.87,361929.0,179.55,1859.0,1718711.24,380656.0,303228.47,192087.0,30238.88,28593.0,526342.81,251599.0,7029.5,6950.0,5746.0,311.0,65855.9,112343.0,,,35.23,27.0,5263810.0,320324.0,2696.5,5024.0,109392.33,129512.0,22874183.37,5711500.0,407.98,915.0,688.97,1770.0,45.91,224.0,193.25,342.0,1.16,1.0
124,Canada,2019,2183447.0,527417.0,89.19,167.0,725009.0,925243.0,,,9669.45,54161.0,3659.0,16132.0,114.73,321.0,45280842.7,7419.99,41864.0,3561.64,7071.0,1479.0,76.0,556.02,4425.0,350722.24,1896580.0,35494.14,285935.0,89776.5,143185.0,,,788003.53,2188280.0,178251.42,405038.0,124.42,1086.0,1778853.33,413375.0,290219.49,197743.0,35519.08,33655.0,442660.39,228817.0,10334.54,9469.0,11862.0,740.0,46674.11,103165.0,,,103.17,78.0,5112278.0,334160.0,1495.77,5300.0,108178.68,128712.0,22805300.78,5379229.0,392.68,869.0,1130.88,2513.0,100.77,434.0,171.78,250.0,0.02,1.0
124,Canada,2020,2807251.01,600761.0,80.44,169.0,674749.0,837009.0,,,8957.86,52099.0,2713.0,11368.0,172.04,511.0,50772423.41,9560.19,49635.0,6337.24,12762.0,,,226.7,2065.0,338013.21,1863507.0,40553.66,346509.0,91339.55,140543.0,,,940986.01,2619853.0,248872.76,543945.0,123.34,1022.0,2022542.7,466793.0,357215.53,250091.0,28102.24,26718.0,529509.71,296663.0,16740.7,14009.0,10065.0,654.0,39511.56,93937.0,,,8141.34,11405.0,5310689.0,288378.0,897.42,4271.0,104170.02,117884.0,26110509.34,6317889.0,234.93,552.0,726.77,1737.0,44.22,188.0,139.94,199.0,0.03,0.0
124,Canada,2021,3511700.59,922994.0,81.32,365.0,647973.0,815182.0,,,6149.19,48138.0,3910.0,13344.0,216.91,675.0,58968180.5,6639.45,47894.0,5600.9,12105.0,90.0,5.0,460.59,6337.0,394254.87,2664513.0,46569.39,483277.0,92272.75,163503.0,21.12,185.0,859981.63,2633297.0,280578.7,603390.0,162.38,1300.0,1631973.39,440693.0,409585.8,267854.0,37211.48,36396.0,496875.24,292315.0,17736.42,15918.0,22969.0,1471.0,18448.06,49795.0,,,5896.72,10118.0,6673481.0,588624.0,802.08,4515.0,102326.06,115952.0,21546478.68,6636007.0,476.53,1116.0,782.53,2125.0,51.67,223.0,205.54,295.0,,
124,Canada,2022,2131848.48,808172.0,20.28,40.0,753944.0,1089021.0,,,6463.15,56393.0,4547.0,16717.0,324.68,926.0,65260379.15,8074.76,69541.0,4028.78,14544.0,56.0,36.0,339.43,5622.0,379677.4,2629343.0,50353.42,495502.0,63545.76,139069.0,,,854910.04,2438407.0,226576.64,493431.0,72.9,1173.0,1257823.34,465243.0,422151.1,437087.0,43062.8,44718.0,645108.47,427470.0,17166.58,15537.0,31163.0,1883.0,29968.26,97727.0,,,1425.27,2365.0,6487270.0,583101.0,787.71,3228.0,118416.49,143072.0,18548392.37,7944968.0,588.49,1512.0,404.99,1320.0,64.78,300.0,110.14,169.0,1.48,6.0
124,Canada,2023,2430795.0,826269.0,237.49,1576.0,734215.0,1267349.0,,,7162.39,69140.0,4915.0,22333.0,323.16,973.0,68014147.14,6329.28,58060.0,2384.76,8861.0,,,461.73,7943.0,372776.41,2744647.0,50276.4,554406.0,57809.31,135876.0,,,775403.21,2111274.0,229917.49,526030.0,97.38,1267.0,1772010.8,532540.0,351625.04,339534.0,35220.45,39682.0,677401.9,469185.0,14667.14,12163.0,19459.0,1194.0,25532.19,69613.0,,,221.65,566.0,6750123.0,476868.0,352.05,1604.0,105405.83,144201.0,25571108.57,8839931.0,866.65,2402.0,789.31,1674.0,58.97,260.0,95.76,202.0,0.62,3.0
159,China,2000,487.49,78.0,5519.02,7303.0,64770.0,37960.0,,,1711.43,5336.0,47600.0,100386.0,1611.72,2280.0,17308929.29,471.52,738.0,2107.77,2892.0,8576.0,186.0,65309.28,32086.0,22299.04,35110.0,734.35,2263.0,1148720.17,1049925.0,3650.36,4791.0,46294.56,59341.0,40665.8,34808.0,1235.04,2343.0,268.68,49.0,1568.92,2657.0,375629.81,87897.0,44570.97,6526.0,36651.64,26031.0,7214.0,256.0,4536.82,11851.0,0.6,0.0,406.67,277.0,2038930.0,231932.0,82934.99,72535.0,347662.59,355018.0,2521.45,244.0,4209.19,5064.0,31856.5,110571.0,18831.88,59796.0,1664.39,2939.0,167.57,1687.0
159,China,2001,703.0,119.0,7046.0,6864.0,57171.0,33749.0,,,1977.0,5755.0,41292.0,75565.0,1127.0,1485.0,16522081.08,467.0,381.0,1533.0,2222.0,7367.0,235.0,58379.0,33254.0,26257.0,42644.0,438.0,1539.0,1021683.0,992100.0,2321.0,3580.0,96333.0,126379.0,43205.0,36400.0,1292.0,2445.0,19.0,7.0,1635.0,2639.0,366988.0,89478.0,85417.0,11887.0,31701.0,23246.0,5670.0,159.0,3694.0,10979.0,8.66,11.0,148.0,99.0,1972512.0,221196.0,85834.0,89379.0,412345.0,401032.0,454802.0,46859.0,5195.0,5235.0,21554.0,108350.0,16098.0,55378.0,2384.0,3185.0,115.0,1072.0
159,China,2002,575.0,85.0,3047.0,4855.0,58280.0,33107.0,,,2132.0,6016.0,42258.0,80318.0,494.0,682.0,17744977.07,361.27,244.0,2023.0,3085.0,5879.0,176.0,84175.0,37430.0,20067.0,35373.0,1055.0,2609.0,840931.0,736317.0,3131.0,4754.0,142029.0,183501.0,54018.0,49552.0,2243.0,3780.0,9.0,5.0,2726.0,4209.0,448766.0,104293.0,124686.0,13946.0,30673.0,22865.0,0.0,0.0,1374.0,3570.0,27.34,17.0,76.0,62.0,1888606.0,214914.0,102225.0,115083.0,367197.0,344724.0,687629.0,70068.0,6890.0,6522.0,22049.0,104553.0,17505.0,62716.0,2385.0,3991.0,134.0,1351.0
159,China,2003,4575.0,741.0,1348.0,2535.0,50645.0,30671.0,,,1544.0,4441.0,38604.0,65741.0,189.0,395.0,20223761.49,228.0,168.0,3116.0,5059.0,6020.0,191.0,93477.0,44514.0,15399.0,30632.0,618.0,2455.0,728129.0,635781.0,3963.0,6350.0,192274.0,239253.0,64868.0,60204.0,8838.0,14944.0,285.0,88.0,1933.0,2755.0,413256.0,139794.0,162523.0,22044.0,29145.0,20001.0,1248.0,30.0,1343.0,4581.0,3.09,2.0,94.0,72.0,1887295.0,216335.0,119701.0,143101.0,383595.0,347972.0,2237494.0,265020.0,8232.0,7013.0,14115.0,62015.0,27547.0,77099.0,4389.0,3453.0,178.0,1068.0
159,China,2004,2080.0,455.0,1601.0,3493.0,59009.0,35249.0,,,2277.0,7224.0,19189.0,33107.0,274.0,747.0,20460833.73,1532.0,1345.0,3379.0,5606.0,8637.0,342.0,86536.0,59606.0,19577.0,39209.0,647.0,2012.0,227851.0,230185.0,4013.0,6684.0,276340.0,432132.0,53886.0,60307.0,20308.0,35865.0,589.0,189.0,1315.0,2017.0,376026.0,112364.0,182219.0,29943.0,32578.0,21894.0,145269.0,4712.0,2143.0,6502.0,0.98,0.0,52.0,47.0,1972911.0,240831.0,124602.0,168087.0,507366.0,430430.0,784032.0,112117.0,11109.0,9461.0,14315.0,68702.0,35164.0,74660.0,2358.0,4502.0,112.0,915.0
159,China,2005,3128.0,623.0,2407.0,5475.0,54099.0,35038.0,,,1919.0,6560.0,24988.0,37314.0,549.0,1349.0,23517532.69,874.0,687.0,5239.0,8903.0,10849.0,339.0,80558.0,63975.0,21796.0,47930.0,1517.0,2235.0,296369.0,310708.0,4428.0,8498.0,232342.0,370382.0,47510.0,62509.0,25739.0,48877.0,1878.0,528.0,1468.0,1962.0,386695.0,111901.0,244935.0,45657.0,35498.0,24200.0,71456.0,2719.0,1885.0,5954.0,,,45.0,51.0,1768772.0,227924.0,141922.0,208371.0,565818.0,488681.0,260356.0,36756.0,9923.0,9407.0,23894.0,94852.0,37218.0,89882.0,2447.0,7543.0,137.0,1189.0
159,China,2006,5561.0,1050.0,1913.0,5918.0,54389.0,36653.0,,,2436.0,8495.0,18957.0,31550.0,866.0,2145.0,25933427.38,644.0,565.0,5312.0,9031.0,13026.0,409.0,79021.0,64413.0,30096.0,71472.0,2003.0,2552.0,360687.0,394733.0,4670.0,9500.0,249451.0,367634.0,57023.0,74379.0,29384.0,58598.0,166.0,72.0,1825.0,1967.0,423015.0,161703.0,353908.0,65839.0,40850.0,25645.0,74054.0,3355.0,1326.0,4782.0,,,53.0,59.0,1722541.0,225650.0,149257.0,223798.0,681783.0,601694.0,1114103.0,161249.0,8314.0,8731.0,26934.0,107645.0,32535.0,77923.0,2531.0,9046.0,83.0,1540.0
159,China,2007,118273.0,27286.0,7231.0,16858.0,50888.0,37952.0,,,2562.0,10008.0,16321.0,34520.0,734.0,1878.0,31845940.0,4065.0,3939.0,3519.0,6330.0,14049.0,431.0,119932.0,79113.0,40339.0,106225.0,1194.0,1907.0,455658.0,613882.0,9124.0,21958.0,121958.0,255405.0,55767.0,83777.0,14020.0,34929.0,1100.0,378.0,2463.0,2256.0,410850.0,105454.0,364734.0,80684.0,47653.0,31026.0,3291.0,87.0,5493.0,19453.0,,,96.0,83.0,1609008.0,261879.0,169634.0,280339.0,768167.0,657655.0,2337184.0,480899.0,9038.0,10503.0,61050.0,190754.0,25800.0,68645.0,4598.0,15982.0,119.0,2006.0
159,China,2008,14551.0,4855.0,6453.0,23436.0,33340.0,42539.0,,,2141.0,10941.0,11667.0,34068.0,664.0,1794.0,35616415.22,4321.0,4783.0,3720.0,8012.0,14414.0,526.0,145551.0,108871.0,35735.0,133159.0,757.0,1714.0,515714.0,740775.0,8262.0,25845.0,75506.0,245224.0,135029.0,212807.0,7971.0,28444.0,650.0,252.0,2787.0,4536.0,423303.0,122388.0,341657.0,81790.0,42015.0,33370.0,4375.0,146.0,7155.0,12336.0,,,149.0,158.0,1645411.0,383373.0,153640.0,345492.0,767486.0,716877.0,125950.0,30529.0,5651.0,8705.0,66284.0,270993.0,13276.0,45996.0,3241.0,12227.0,51.0,1099.0
159,China,2009,14141.0,4011.0,3448.0,9245.0,31275.0,46880.0,,,1708.0,9265.0,6964.0,26123.0,752.0,1928.0,35191981.51,205.0,340.0,3378.0,7767.0,17729.0,968.0,135262.0,107910.0,50196.0,160857.0,1926.0,6438.0,595270.0,825922.0,5428.0,24288.0,78821.0,233299.0,111692.0,163999.0,9043.0,27964.0,146.0,102.0,5124.0,11078.0,438813.0,143398.0,383047.0,112477.0,23493.0,17572.0,5639.0,413.0,479.0,3776.0,,,46.0,58.0,1689949.0,330511.0,160421.0,384614.0,742059.0,684573.0,8432.0,2281.0,2779.0,5162.0,12535.0,71818.0,8392.0,29231.0,3386.0,12009.0,110.0,1321.0
159,China,2010,13419.0,4031.0,3921.0,13896.0,30836.0,47098.0,,,2971.0,11859.0,6958.0,26100.0,1243.0,3401.0,43216522.35,225.0,396.0,3578.0,8162.0,18100.0,1018.0,101962.0,132051.0,54697.0,186349.0,2688.0,7235.0,863616.0,1169444.0,6733.0,35073.0,100263.0,297748.0,107811.0,163644.0,13217.0,47327.0,97.0,61.0,5354.0,11175.0,468060.0,192300.0,259225.0,104510.0,25892.0,20165.0,3459.0,266.0,1007.0,6161.0,,,62.0,73.0,1717813.0,338937.0,128665.0,438272.0,806847.0,837757.0,72.0,37.0,3107.0,5878.0,6657.0,66018.0,14877.0,54107.0,4742.0,19449.0,161.0,2346.0
159,China,2011,6279.0,2300.0,4341.0,16821.0,31721.0,52048.0,,,1705.0,8340.0,7235.0,28624.0,1554.0,4862.0,51875906.2,907.0,1260.0,4065.0,10346.0,18566.0,1048.0,102238.0,164616.0,74146.0,205045.0,1372.0,4834.0,933131.0,1294104.0,4660.0,30151.0,72872.0,287676.0,95425.0,176174.0,4498.0,26768.0,78.0,76.0,4444.0,10165.0,515307.0,249006.0,376995.0,172193.0,29573.0,26598.0,736.0,59.0,3074.0,14103.0,,,36.0,51.0,1562224.0,452778.0,125676.0,414974.0,869206.0,1003904.0,39808.0,17413.0,3301.0,6558.0,13567.0,111373.0,17186.0,89146.0,6088.0,34021.0,126.0,3294.0
159,China,2012,4589.0,1910.0,3459.0,12604.0,28435.0,56995.0,,,1027.0,7511.0,7360.0,30936.0,446.0,993.0,53209973.6,723.0,1679.0,4813.0,13245.0,12693.0,969.0,76660.0,119405.0,58300.0,174243.0,2216.0,7792.0,721133.0,1001277.0,2931.0,25184.0,20701.0,70451.0,122229.0,351523.0,3243.0,21646.0,35.0,45.0,2277.0,7816.0,529496.0,230852.0,358419.0,132542.0,32812.0,32714.0,576.0,82.0,2404.0,15103.0,,,63.0,106.0,1642190.0,461059.0,114664.0,373026.0,836319.0,995450.0,29.0,19.0,4469.0,8733.0,14335.0,129390.0,13330.0,69274.0,3679.0,21710.0,64.0,1539.0
159,China,2013,1075.0,470.0,1345.0,6335.0,21053.0,57994.0,,,610.0,4365.0,7168.0,29756.0,792.0,1895.0,57020933.6,221.0,711.0,5025.0,13718.0,8428.0,1249.0,91086.0,164740.0,79969.0,196722.0,1906.0,8876.0,673071.0,988798.0,1808.0,18060.0,67917.0,298856.0,108930.0,162997.0,2302.0,18010.0,171.0,100.0,2363.0,8729.0,552785.0,267392.0,298877.0,127863.0,32012.0,32660.0,595.0,106.0,1317.0,9518.0,,,110.0,198.0,1682811.0,459908.0,122785.0,449939.0,824107.0,985042.0,2563.0,1030.0,5931.0,12581.0,12051.0,198455.0,14030.0,74678.0,3332.0,19685.0,23.0,350.0
159,China,2014,116.46,114.0,2901.08,11450.0,38567.0,61241.0,,,555.05,4468.0,5256.0,18517.0,1065.86,3549.0,59740519.87,12.33,114.0,4768.56,13489.0,9890.0,1635.0,93606.91,182102.0,65396.19,199816.0,989.66,8785.0,791888.53,1206411.0,2246.77,24048.0,11001.1,44925.0,217423.92,570757.0,3223.93,25260.0,550.93,379.0,4804.77,13907.0,560317.08,346239.0,540279.71,272102.0,33626.37,36865.0,72.0,21.0,2907.16,13442.0,,,77.26,148.0,3056828.0,457069.0,130216.25,550455.0,856623.45,1029693.0,961.75,314.0,3351.17,8396.0,16358.16,290159.0,13780.47,67916.0,4198.55,24272.0,80.94,1210.0
159,China,2015,64.72,86.0,2051.91,8481.0,37997.0,59640.0,,,626.59,5005.0,4476.0,15700.0,1079.51,3130.0,60194161.13,17.54,94.0,4367.92,12515.0,6700.0,1206.0,96215.22,181514.0,114628.43,333595.0,232.59,5493.0,737790.75,1203667.0,1949.29,19101.0,9844.36,41080.0,148035.0,424524.0,3551.35,21998.0,128.86,112.0,4120.74,14138.0,554367.32,367155.0,398742.72,227670.0,34223.0,36543.0,33.0,5.0,2021.39,14324.0,,,98.36,160.0,3036842.0,484156.0,119111.1,602466.0,867329.28,1003025.0,5301.71,1212.0,2690.32,6690.0,18844.02,385444.0,13359.85,53185.0,2410.99,14911.0,43.38,496.0
159,China,2016,37.32,75.0,2097.39,8973.0,37474.0,61067.0,,,859.84,6819.0,4200.0,15320.0,584.36,2130.0,63597807.95,118.39,184.0,4790.47,13171.0,5183.0,925.0,102211.41,176264.0,75897.16,275035.0,764.3,14878.0,701690.83,1212493.0,2612.16,24606.0,9162.21,45115.0,167970.6,491954.0,1998.72,15052.0,28.42,37.0,3985.47,14958.0,538226.63,431973.0,409911.08,226633.0,36377.04,37292.0,,,1329.01,7275.0,,,262.7,290.0,2830589.0,514581.0,146207.37,497916.0,922714.05,1073443.0,10538.32,3357.0,3111.92,7203.0,24106.77,469910.0,11928.01,47995.0,2884.27,18826.0,35.58,477.0
159,China,2017,64.19,101.0,1870.69,10250.0,19229.0,61811.0,,,1256.67,10258.0,2297.0,2234.0,623.56,2461.0,66920188.57,41.78,139.0,10046.85,23501.0,3471.0,873.0,86033.0,121449.0,27539.29,106187.0,514.62,10942.0,690800.94,1285126.0,3512.14,32074.0,8068.52,36171.0,179803.51,650033.0,2129.42,17613.0,18.81,31.0,2543.06,7780.0,556625.35,514459.0,509571.72,280857.0,36920.42,40750.0,,,2228.4,9164.0,,,458.48,609.0,1567547.0,451029.0,155496.79,425226.0,1005457.04,1142479.0,9971.02,4116.0,2821.16,6230.0,38580.48,739350.0,8546.13,35052.0,2342.48,15240.0,25.05,597.0
159,China,2018,66.04,98.0,2325.26,11714.0,18844.0,60479.0,,,902.07,7305.0,2404.0,969.0,855.32,3323.0,70750952.66,355.65,676.0,7266.7,20789.0,3519.0,809.0,75075.3,119938.0,74051.95,250727.0,617.82,12490.0,722409.53,1359814.0,2026.2,21123.0,7220.1,29839.0,71940.27,251176.0,2775.48,20893.0,69.69,85.0,3155.11,9219.0,531215.63,508680.0,448116.95,261325.0,37524.41,42636.0,,,2575.86,10131.0,,,255.13,341.0,1581143.0,428486.0,152257.55,435846.0,1049807.48,1169882.0,7344.57,3147.0,3477.25,6541.0,48809.57,1001304.0,9624.88,38237.0,2776.97,18376.0,45.98,1082.0
159,China,2019,296.8,138.0,2990.79,13885.0,34227.0,56192.0,,,1543.07,11819.0,105.0,1340.0,1087.23,3812.0,70590489.22,134.63,285.0,7490.76,21626.0,4254.0,623.0,77197.94,123337.0,83315.89,279808.0,551.31,12395.0,468544.59,869046.0,970.21,10864.0,8053.77,45682.0,45045.51,159741.0,1964.13,16503.0,95.66,98.0,2391.4,6277.0,496182.37,461269.0,503539.33,398147.0,33320.07,38107.0,,,2150.93,9498.0,,,301.78,505.0,1801575.0,397387.0,163816.35,493403.0,1119729.46,1213776.0,8524.2,3644.0,3659.71,6734.0,47231.47,951787.0,7525.26,31819.0,3300.56,22824.0,121.8,194.0
159,China,2020,195.99,231.0,1727.72,8292.0,32986.0,57989.0,,,2036.59,11377.0,180.0,1839.0,761.5,2689.0,66605302.0,140.75,231.0,6491.01,19000.0,2145.0,381.0,77588.91,116559.0,11475.81,58648.0,306.49,7534.0,247604.91,571949.0,1029.4,11624.0,3452.24,22271.0,27418.37,126471.0,1110.41,11102.0,88.13,86.0,1681.66,5318.0,453578.37,428336.0,441888.02,289805.0,31965.55,35793.0,,,1457.75,6936.0,,,94.41,155.0,1381612.0,522289.0,169006.21,535472.0,1102150.75,1186150.0,33.22,14.0,3159.61,7136.0,27064.27,493782.0,4839.03,21764.0,1299.45,10206.0,151.06,118.0
159,China,2021,48.75,69.0,2920.39,11161.0,30431.0,58503.0,,,1275.97,10534.0,702.0,3607.0,1096.27,3755.0,73766130.49,161.73,206.0,12127.64,33738.0,2647.0,449.0,73610.26,130784.0,21179.5,90682.0,270.44,7866.0,237259.16,584438.0,596.08,7534.0,7644.62,39539.0,32709.31,141243.0,1803.02,21194.0,98.34,115.0,1466.02,3797.0,477709.54,449343.0,389845.68,212189.0,29480.4,35509.0,102.0,8.0,3003.01,11763.0,,,233.61,310.0,1692766.0,477596.0,188318.5,640334.0,1055795.34,1229323.0,4396.89,2019.0,2287.02,5857.0,23289.76,444945.0,5853.47,27346.0,1412.7,12072.0,313.28,141.0
159,China,2022,18.07,32.0,2303.0,11923.0,26167.0,53177.0,,,1048.79,9265.0,112.0,1573.0,792.47,3539.0,78042682.48,376.78,638.0,11397.34,36630.0,2069.0,337.0,110091.55,203190.0,44025.18,124174.0,206.5,6764.0,263982.93,646026.0,336.99,4266.0,14126.31,70063.0,36828.07,135600.0,1692.28,18380.0,64.05,87.0,1252.09,4097.0,466411.15,508014.0,451890.86,248809.0,30678.5,37218.0,,,1685.58,9067.0,,,143.51,219.0,2133224.0,454921.0,171683.39,655237.0,1101211.1,1365033.0,5816.01,2975.0,2869.12,6833.0,19508.46,367360.0,6162.73,26148.0,1588.72,13346.0,13.0,307.0
159,China,2023,15.84,28.0,2289.36,13393.0,25290.0,49928.0,,,1108.29,8787.0,121.0,1787.0,1057.94,5208.0,79771663.45,501.91,969.0,11446.69,40221.0,2876.0,399.0,133947.7,230653.0,23707.97,106405.0,328.81,9824.0,298927.37,681075.0,163.22,1676.0,7769.42,31012.0,38960.69,146108.0,2010.23,20614.0,138.9,118.0,1587.36,3789.0,702895.55,786041.0,390145.1,229817.0,33726.11,39659.0,22.0,4.0,3011.13,11839.0,,,138.49,286.0,2231501.0,409583.0,197047.69,705872.0,1268290.73,1480284.0,16669.15,8993.0,2886.68,6115.0,23799.27,341146.0,8405.75,33705.0,2713.92,14697.0,63.65,212.0
191,Croatia,2000,2954.0,392.0,645.0,1831.0,3.0,4.0,,,1005.0,3111.0,100.0,47.0,119.0,166.0,377761.61,12.0,11.0,76.0,102.0,0.0,0.0,339.0,200.0,26.0,88.0,704.0,3078.0,1340.0,1519.0,,,57.0,121.0,0.0,0.0,0.0,0.0,622.0,66.0,0.0,0.0,50.0,33.0,209.0,37.0,10761.0,4489.0,13.0,4.0,23.0,33.0,,,557.0,202.0,65.0,11.0,0.0,0.0,91.0,134.0,329698.0,33470.0,418.0,501.0,1.0,5.0,0.0,0.0,0.0,0.0,,
191,Croatia,2001,618.0,160.0,1195.0,3152.0,486.0,463.0,,,873.0,2855.0,142.0,48.0,146.0,215.0,408596.3,5.0,11.0,78.0,89.0,0.0,0.0,864.0,633.0,0.0,0.0,380.0,1623.0,2999.0,3337.0,,,0.0,0.0,0.0,0.0,0.0,0.0,15.0,4.0,2.0,2.0,45.0,31.0,114.0,32.0,8859.0,3372.0,0.0,0.0,0.0,0.0,,,799.0,274.0,0.0,0.0,0.0,0.0,64.0,93.0,284147.0,31770.0,326.0,413.0,62.0,142.0,0.0,0.0,40.0,12.0,,
191,Croatia,2002,668.0,170.0,1056.0,2938.0,0.0,0.0,,,2085.0,6590.0,270.0,102.0,252.0,351.0,498261.95,27.0,22.0,25.0,59.0,0.0,2.0,486.0,468.0,0.0,0.0,190.0,887.0,2362.0,2782.0,,,146.0,219.0,0.0,0.0,0.0,0.0,12.0,3.0,7.0,5.0,82.0,81.0,3373.0,303.0,10441.0,4476.0,0.0,0.0,177.0,146.0,,,1314.0,505.0,15.0,5.0,0.0,0.0,58.0,105.0,217464.0,22742.0,316.0,558.0,23.0,34.0,0.0,0.0,19.0,44.0,,
191,Croatia,2003,622.0,197.0,802.0,2667.0,0.0,0.0,,,1840.0,6910.0,783.0,242.0,115.0,252.0,668442.27,0.0,0.0,20.0,51.0,303.0,73.0,530.0,1880.0,0.0,0.0,307.0,1680.0,2606.0,3923.0,,,12.0,10.0,0.0,0.0,0.0,0.0,0.0,0.0,6.0,5.0,43.0,60.0,211.0,51.0,15224.0,7750.0,25.0,6.0,40.0,37.0,,,1951.0,894.0,0.0,0.0,0.0,0.0,103.0,142.0,132332.0,20635.0,556.0,968.0,8.0,21.0,0.0,0.0,19.0,51.0,,
191,Croatia,2004,1290.0,458.0,1226.0,3509.0,352.0,256.0,,,1164.0,4958.0,555.0,177.0,163.0,425.0,653329.0,0.0,0.0,5.0,14.0,0.0,0.0,704.0,889.0,45.0,114.0,583.0,2605.0,2932.0,5945.0,,,44.0,161.0,177.0,467.0,0.0,0.0,4.0,2.0,3.0,3.0,48.0,61.0,116.0,41.0,17196.0,9554.0,90.0,8.0,37.0,33.0,,,2405.0,1212.0,1374.0,107.0,0.0,0.0,102.0,150.0,889.0,269.0,652.0,1155.0,24.0,44.0,7.0,24.0,36.0,18.0,,
191,Croatia,2005,563.0,214.0,1347.0,4205.0,1542.0,1066.0,,,1126.0,5119.0,124.0,47.0,148.0,340.0,833465.0,0.0,0.0,0.0,0.0,0.0,0.0,90.0,323.0,27.0,77.0,528.0,2676.0,2947.0,6034.0,,,61.0,170.0,96.0,318.0,0.0,3.0,9.0,4.0,0.0,0.0,176.0,71.0,415.0,54.0,16773.0,9509.0,0.0,0.0,141.0,286.0,,,2904.0,1483.0,265.0,88.0,0.0,0.0,184.0,225.0,1705.0,355.0,140.0,279.0,16.0,40.0,7.0,13.0,8.0,8.0,,
191,Croatia,2006,383.0,124.0,1262.0,4352.0,3285.0,3002.0,,,1091.0,5065.0,400.0,298.0,134.0,278.0,1046495.0,3.0,21.0,0.0,0.0,54.0,1.0,1022.0,1209.0,21.0,73.0,1774.0,6905.0,1465.0,3088.0,,,278.0,951.0,67.0,242.0,0.0,0.0,58.0,13.0,0.0,0.0,401.0,249.0,27.0,5.0,15865.0,8659.0,68.0,6.0,56.0,82.0,,,3466.0,1676.0,177.0,41.0,0.0,0.0,119.0,133.0,82741.0,13826.0,17.0,42.0,5.0,12.0,3.0,7.0,74.0,118.0,,
191,Croatia,2007,4268.0,1231.0,1811.0,6787.0,14895.0,11959.0,,,1516.0,7741.0,555.0,329.0,382.0,591.0,1170336.0,1.0,6.0,0.0,0.0,0.0,0.0,436.0,1508.0,139.0,272.0,1456.0,8446.0,2179.0,5291.0,,,132.0,487.0,129.0,462.0,0.0,0.0,1115.0,300.0,0.0,1.0,561.0,455.0,193.0,65.0,24009.0,14249.0,331.0,34.0,91.0,276.0,,,7203.0,3440.0,810.0,179.0,5.0,6.0,1506.0,1633.0,412445.0,102192.0,24.0,66.0,7.0,41.0,5.0,22.0,12.0,18.0,,
191,Croatia,2008,2120.0,912.0,1079.0,6062.0,15566.0,14151.0,,,1986.0,10960.0,525.0,270.0,449.0,924.0,1249757.0,0.0,0.0,4.0,26.0,0.0,0.0,143.0,240.0,29.0,165.0,1700.0,11014.0,2690.0,8129.0,,,193.0,658.0,759.0,3023.0,0.0,0.0,119.0,63.0,1.0,1.0,711.0,556.0,545.0,142.0,22238.0,17717.0,0.0,0.0,86.0,296.0,,,3362.0,2461.0,12688.0,2927.0,12.0,34.0,2643.0,3466.0,26711.0,7952.0,8.0,28.0,14.0,65.0,6.0,27.0,26.0,40.0,,
191,Croatia,2009,5519.0,1019.0,1135.0,5991.0,4545.0,3674.0,,,1773.0,8680.0,2451.0,2482.0,527.0,970.0,1194044.0,0.0,0.0,8.0,36.0,227.0,48.0,230.0,483.0,19.0,97.0,3332.0,14923.0,2705.0,7778.0,,,249.0,767.0,931.0,3385.0,0.0,0.0,390.0,80.0,1.0,1.0,707.0,470.0,556.0,98.0,32354.0,20357.0,5.0,3.0,2.0,6.0,,,2278.0,1505.0,13783.0,3369.0,80.0,134.0,1487.0,1944.0,298528.0,55634.0,13.0,9.0,207.0,635.0,0.0,0.0,2.0,4.0,,
191,Croatia,2010,7285.0,1427.0,1251.0,6281.0,9496.0,14550.0,,,1536.0,6658.0,2036.0,1448.0,410.0,751.0,1222108.31,0.0,1.0,4.0,25.0,0.0,0.0,562.0,2157.0,4.0,13.0,5590.0,17802.0,2764.0,6722.0,,,123.0,298.0,788.0,2274.0,0.0,0.0,943.0,167.0,1.0,1.0,10.0,12.0,1268.0,387.0,22600.0,15108.0,510.0,37.0,57.0,178.0,,,2987.0,1882.0,23818.0,3967.0,129.0,167.0,1419.0,1495.0,292703.0,63662.0,0.0,0.0,186.0,547.0,0.0,0.0,1.0,1.0,,
191,Croatia,2011,2227.0,770.0,1324.0,7780.0,28562.0,38677.0,,,1568.0,7981.0,3020.0,1772.0,539.0,1511.0,1391415.0,1.0,5.0,7.0,26.0,0.0,0.0,360.0,1065.0,48.0,192.0,3942.0,16821.0,3738.0,9989.0,,,94.0,337.0,124.0,372.0,0.0,0.0,338.0,144.0,6.0,11.0,29.0,48.0,6375.0,2183.0,26097.0,20006.0,348.0,49.0,22.0,73.0,,,3211.0,2299.0,49029.0,9691.0,128.0,191.0,1628.0,1938.0,108720.0,35376.0,0.0,0.0,9.0,44.0,0.0,0.0,0.0,0.0,,
191,Croatia,2012,14837.0,4086.0,1548.0,7815.0,33055.0,39685.0,,,1780.0,8428.0,5699.0,2878.0,0.0,0.0,1443186.0,1.0,13.0,0.0,1.0,233.0,20.0,912.0,1501.0,46.0,132.0,1026.0,6720.0,4074.0,9637.0,,,42.0,176.0,96.0,238.0,0.0,0.0,5590.0,1460.0,20.0,17.0,48.0,45.0,6840.0,1813.0,23458.0,18815.0,1428.0,291.0,15.0,45.0,,,2166.0,1466.0,74105.0,15795.0,19.0,28.0,2629.0,3029.0,394215.0,115007.0,0.0,0.0,16.0,56.0,0.0,0.0,0.0,0.0,,
191,Croatia,2013,12045.0,3188.0,1878.0,8415.0,29577.0,41278.0,,,1823.0,7492.0,5765.0,3757.0,0.0,0.0,1371305.0,46.0,162.0,1.0,2.0,72.0,10.0,582.0,856.0,181.0,795.0,3168.0,14705.0,3255.0,8952.0,,,455.0,2173.0,971.0,2575.0,0.0,0.0,2666.0,708.0,468.0,387.0,9.0,19.0,3402.0,851.0,14794.0,12666.0,2667.0,611.0,7.0,29.0,,,1244.0,906.0,50846.0,14496.0,11.0,25.0,3467.0,4131.0,402005.0,99846.0,8.0,18.0,10.0,38.0,0.0,0.0,0.0,0.0,,
191,Croatia,2014,7904.6,2039.0,1921.08,9279.0,41927.0,52244.0,,,977.74,5464.0,7694.0,7289.0,,,1595731.23,55.7,282.0,36.12,103.0,258.0,68.0,655.2,1141.0,530.17,3475.0,4614.76,20683.0,4391.47,10332.0,,,1833.69,7806.0,1586.78,4605.0,17.59,166.0,3005.0,821.0,347.6,228.0,65.25,102.0,7680.41,1989.0,10308.02,8255.0,12515.0,1781.0,1.16,7.0,,,2204.43,1136.0,199445.0,38260.0,,,5694.25,5312.0,136787.06,34187.0,0.19,0.0,43.31,176.0,0.1,0.0,9.7,13.0,415.5,461.0
191,Croatia,2015,21255.4,3930.0,514.03,2248.0,66312.0,80269.0,,,5001.88,18801.0,8171.0,5336.0,,,1607512.16,214.61,253.0,19.41,47.0,50.0,2.0,1327.21,2409.0,1541.12,7443.0,4257.14,16473.0,4892.59,9927.0,,,3094.5,9834.0,4407.14,11155.0,70.05,490.0,5099.05,978.0,567.01,308.0,620.37,98.0,9952.55,1374.0,11978.22,7327.0,24190.0,2910.0,69.2,178.0,,,3681.8,1647.0,147877.0,22440.0,,,5505.53,4523.0,238114.42,47492.0,7.5,23.0,32.92,114.0,,,69.8,99.0,390.0,304.0
191,Croatia,2016,7029.95,1361.0,463.17,1987.0,121766.0,143703.0,,,7428.35,25951.0,8208.0,6314.0,,,1881342.44,170.0,503.0,36.72,96.0,,,1654.54,2377.0,2246.31,9684.0,6614.32,23678.0,5578.47,10521.0,,,5238.64,16194.0,4325.36,10806.0,115.42,812.0,2304.41,402.0,644.0,313.0,73.69,110.0,9117.31,1942.0,17112.64,9386.0,54362.0,5668.0,59.42,181.0,,,3129.8,1158.0,155072.0,30006.0,,,6933.98,5567.0,428508.09,72582.0,11.94,36.0,31.39,52.0,,,39.17,82.0,392.89,343.0
191,Croatia,2017,75721.84,12768.0,698.84,3322.0,133977.0,156613.0,,,7502.88,30118.0,9706.0,8231.0,,,2079230.1,2200.92,500.0,54.97,286.0,,,1199.38,2226.0,2534.39,11399.0,5313.31,21903.0,6293.21,12221.0,,,4514.98,14311.0,2716.27,7445.0,81.85,657.0,10586.39,1670.0,1756.89,884.0,18.82,48.0,16601.17,3557.0,19349.47,11194.0,92478.0,10604.0,31.96,104.0,,,2974.89,1123.0,232229.0,45982.0,,,6233.0,5008.0,363760.11,67987.0,22.38,71.0,119.24,727.0,4.73,2.0,19.89,33.0,148.62,286.0
191,Croatia,2018,43667.49,9130.0,780.1,4565.0,152172.0,197318.0,,,8503.21,34546.0,10087.0,7985.0,,,2355977.99,1697.45,515.0,87.27,346.0,124.0,11.0,1981.87,4062.0,2541.03,13551.0,6063.91,27537.0,6876.16,14832.0,,,5270.02,17211.0,2704.54,7601.0,88.33,706.0,5143.25,978.0,1424.01,816.0,9.91,33.0,15334.28,3871.0,22613.49,14395.0,92468.0,11269.0,49.98,147.0,,,2812.17,1087.0,321171.0,50785.0,,,7229.29,6445.0,506074.37,105823.0,2.54,7.0,153.68,1110.0,0.13,0.0,3.45,5.0,276.95,328.0
191,Croatia,2019,36714.21,7783.0,811.71,5031.0,98759.0,100527.0,,,7225.89,28164.0,10084.0,8061.0,,,2278942.78,1146.6,366.0,98.7,310.0,,,2542.77,3769.0,2476.73,12720.0,9815.62,37296.0,6155.77,11652.0,,,4972.86,16258.0,3371.67,9412.0,119.29,900.0,3219.04,643.0,270.49,188.0,39.2,50.0,11384.18,3450.0,21991.63,13315.0,51176.0,5143.0,49.54,145.0,,,2664.94,1004.0,333912.0,54440.0,,,6346.76,5788.0,362270.25,67845.0,2.67,6.0,132.94,973.0,0.0,0.0,42.69,46.0,102.01,280.0
191,Croatia,2020,132903.82,24007.0,816.19,4821.0,124610.0,135127.0,,,6697.55,26525.0,13110.0,9349.0,,,2552308.7,1113.36,384.0,150.54,497.0,,,3491.42,4787.0,2135.85,10467.0,10266.28,37536.0,6021.3,10358.0,,,4129.14,13721.0,2972.37,8204.0,44.53,347.0,4846.28,975.0,388.28,304.0,171.72,187.0,13187.87,2732.0,25488.99,15783.0,62808.0,7399.0,65.18,242.0,,,4691.28,1606.0,388788.0,58565.0,,,6489.04,10027.0,572161.95,114334.0,25.8,74.0,36.26,132.0,3.5,1.0,21.61,5.0,45.44,153.0
191,Croatia,2021,155660.2,38626.0,774.79,4852.0,138444.0,173164.0,,,7070.84,30118.0,13686.0,9920.0,,,3051413.17,435.07,396.0,208.56,624.0,366.0,166.0,2568.2,3991.0,2574.31,14193.0,8668.77,36865.0,8511.6,14355.0,36.02,387.0,5699.37,17165.0,4446.02,10665.0,91.83,767.0,7362.38,1672.0,1180.91,884.0,322.55,684.0,17560.23,3382.0,21150.48,15034.0,51362.0,7525.0,21.68,75.0,,,2592.22,1065.0,498854.0,63927.0,,,8467.11,17056.0,548464.68,146143.0,121.95,350.0,36.63,97.0,1.32,1.0,,,,
191,Croatia,2022,111508.64,40120.0,811.67,5774.0,150201.0,179245.0,,,7077.04,32451.0,15411.0,12419.0,,,3440340.18,638.46,484.0,209.68,849.0,83.0,10.0,2041.59,3970.0,2497.32,15728.0,8788.81,42772.0,8761.31,16039.0,8.43,95.0,7862.39,24340.0,5693.46,15676.0,141.18,1264.0,5583.69,1683.0,1214.25,1061.0,390.55,809.0,7309.5,2586.0,23487.32,23171.0,74078.0,13153.0,46.56,189.0,,,3889.3,1844.0,513190.0,74144.0,,,7157.19,18001.0,589745.89,212574.0,152.59,590.0,79.4,335.0,49.7,93.0,0.17,16.0,,
191,Croatia,2023,136289.19,33123.0,887.17,6695.0,145131.0,206711.0,,,6874.92,35065.0,9029.0,10271.0,,,3691208.58,1681.02,1191.0,315.33,1580.0,984.0,363.0,1816.89,4082.0,2711.51,16049.0,9290.15,47156.0,7539.78,16607.0,,,4492.19,18539.0,4776.56,16488.0,92.33,969.0,2397.34,767.0,766.35,955.0,1161.04,1914.0,6402.46,3014.0,18613.37,25358.0,70641.0,12759.0,54.94,170.0,,,2645.94,1438.0,381841.0,80077.0,,,6973.33,18966.0,499955.15,129398.0,107.24,394.0,84.8,415.0,1.14,1.0,,,,
196,Cyprus,2000,0.0,0.0,263.96,332.0,0.0,0.0,1652.65,6411.0,1770.96,7632.0,9.0,7.0,0.0,0.0,411386.89,,,,,0.0,0.0,85.28,220.0,157.86,550.0,1.36,2.0,282.98,110.0,0.0,0.0,1867.18,1958.0,771.76,839.0,36.26,150.0,0.0,0.0,,,5506.24,4224.0,71886.0,19877.0,11.09,24.0,0.0,0.0,90.53,38.0,,,,0.0,5107.0,392.0,0.0,0.0,26.35,26.0,1.0,1.0,0.0,0.0,0.0,0.0,22.1,19.0,,,,
196,Cyprus,2001,0.0,0.0,329.0,451.0,2836.0,995.0,1685.0,6672.0,1651.0,7113.0,45.0,19.0,0.0,0.0,400180.0,,,,,0.0,0.0,181.0,557.0,189.0,776.0,0.0,0.0,456.0,189.0,0.0,0.0,1650.0,1768.0,633.0,830.0,48.0,218.0,0.0,0.0,,,6243.0,5333.0,75763.0,28206.0,18.0,19.0,0.0,0.0,157.0,57.0,,,,0.0,2844.0,461.0,0.0,0.0,11.0,11.0,0.0,1.0,0.0,0.0,0.0,0.0,19.0,12.0,,,,
196,Cyprus,2002,0.0,0.0,283.0,301.0,1.0,1.0,2230.0,9643.0,2234.0,9864.0,2.0,2.0,0.0,0.0,241075.44,,,,,0.0,0.0,32.0,111.0,113.0,288.0,0.0,0.0,382.0,161.0,1.0,3.0,1875.0,1852.0,348.0,345.0,23.0,96.0,0.0,0.0,,,6000.0,4964.0,93842.0,17882.0,2.0,5.0,0.0,0.0,150.0,35.0,,,,0.0,18860.0,770.0,0.0,0.0,9.0,9.0,1.0,1.0,1.0,2.0,0.0,0.0,34.0,17.0,,,,
196,Cyprus,2003,0.0,0.0,418.0,518.0,0.0,0.0,2242.0,11137.0,2213.0,11545.0,6.0,6.0,0.0,0.0,259632.74,,,,,0.0,0.0,132.0,471.0,11.0,52.0,0.0,0.0,169.0,88.0,0.0,0.0,1748.0,2103.0,631.0,1037.0,3.0,14.0,0.0,0.0,,,6091.0,7113.0,81868.0,29134.0,9.0,12.0,445.0,227.0,63.0,32.0,,,,0.0,30142.0,940.0,0.0,0.0,1.0,1.0,9.0,7.0,0.0,0.0,0.0,0.0,0.0,0.0,,,,
196,Cyprus,2004,0.0,0.0,342.0,616.0,2106.0,377.0,908.0,5013.0,3406.0,20013.0,2.0,4.0,8.0,15.0,224898.88,,,,,0.0,0.0,86.0,320.0,328.0,399.0,2.0,5.0,160.0,75.0,0.0,0.0,1824.0,2735.0,1156.0,2133.0,62.0,192.0,0.0,0.0,,,5778.0,8330.0,82365.0,34052.0,0.0,0.0,0.0,0.0,54.0,29.0,,,,5.0,20469.0,1487.0,0.0,0.0,5.0,17.0,2.0,6.0,0.0,0.0,0.0,0.0,0.0,0.0,,,,
196,Cyprus,2005,0.0,0.0,332.0,709.0,1934.0,1335.0,173.0,1364.0,5128.0,32644.0,0.0,0.0,111.0,196.0,226494.56,,,,,0.0,0.0,38.0,169.0,266.0,765.0,17.0,35.0,68.0,46.0,0.0,0.0,659.0,1418.0,1776.0,3477.0,0.0,0.0,0.0,0.0,,,6805.0,10944.0,108042.0,25607.0,0.0,0.0,1463.0,356.0,0.0,0.0,,,,0.0,6569.0,902.0,0.0,0.0,13.0,29.0,4.0,2.0,0.0,0.0,0.0,0.0,0.0,0.0,,,,
196,Cyprus,2006,0.0,0.0,240.0,486.0,800.0,452.0,107.0,1099.0,5521.0,36963.0,0.0,0.0,102.0,174.0,225087.0,,,,,1356.0,490.0,62.0,241.0,214.0,475.0,27.0,77.0,164.0,182.0,0.0,0.0,250.0,518.0,780.0,1584.0,0.0,0.0,0.0,0.0,,,9174.0,11689.0,85218.0,51147.0,4.0,4.0,0.0,0.0,0.0,0.0,,,,0.0,2210.0,523.0,0.0,0.0,11.0,25.0,4.0,5.0,0.0,0.0,0.0,0.0,0.0,0.0,,,,
196,Cyprus,2007,0.0,0.0,230.0,627.0,1982.0,1519.0,94.0,979.0,5958.0,43942.0,0.0,0.0,81.0,149.0,260405.0,,,,,744.0,107.0,10.0,104.0,49.0,228.0,0.0,0.0,611.0,522.0,0.0,0.0,689.0,927.0,1955.0,4751.0,6.0,43.0,0.0,0.0,,,7578.0,11609.0,112219.0,77022.0,0.0,0.0,0.0,0.0,0.0,0.0,,,,0.0,1418.0,355.0,0.0,0.0,5.0,19.0,1.0,1.0,0.0,0.0,0.0,0.0,93.0,62.0,,,,
196,Cyprus,2008,0.0,0.0,93.0,408.0,477.0,459.0,26.0,298.0,5923.0,53028.0,0.0,0.0,312.0,702.0,285841.29,,,,,978.0,273.0,20.0,164.0,76.0,407.0,0.0,0.0,962.0,677.0,0.0,0.0,3356.0,6911.0,3568.0,8039.0,0.0,0.0,0.0,0.0,,,7084.0,12091.0,89010.0,69171.0,189.0,132.0,0.0,0.0,9.0,11.0,,,31.0,64.0,2932.0,623.0,10.0,18.0,2.0,3.0,4.0,6.0,0.0,0.0,0.0,0.0,56.0,39.0,,,,
196,Cyprus,2009,0.0,0.0,12.0,38.0,0.0,0.0,7.0,48.0,6865.0,58711.0,0.0,0.0,745.0,1684.0,254999.0,,,,,848.0,487.0,80.0,316.0,60.0,147.0,32.0,21.0,958.0,719.0,0.0,0.0,1591.0,2884.0,4307.0,8269.0,0.0,0.0,0.0,0.0,0.0,1.0,6979.0,12290.0,79834.0,53114.0,3.0,5.0,0.0,0.0,0.0,0.0,,,0.0,0.0,1336.0,94.0,1.0,13.0,1.0,3.0,4.0,5.0,0.0,0.0,2.0,3.0,0.0,0.0,,,,
196,Cyprus,2010,0.0,0.0,30.0,103.0,0.0,0.0,3.0,27.0,7899.0,64269.0,0.0,0.0,1490.0,3290.0,264266.84,,,,,1182.0,931.0,210.0,684.0,8.0,20.0,15.0,14.0,1305.0,994.0,0.0,0.0,1462.0,2572.0,4402.0,8807.0,0.0,0.0,0.0,0.0,0.0,0.0,6915.0,11445.0,58188.0,44111.0,0.0,0.0,0.0,0.0,0.0,0.0,,,0.0,0.0,324.0,38.0,1.0,7.0,5.0,15.0,28.0,16.0,11.0,28.0,0.0,0.0,0.0,0.0,,,,
196,Cyprus,2011,0.0,0.0,47.0,205.0,0.0,0.0,6.0,68.0,9064.0,77261.0,0.0,0.0,1428.0,3374.0,310281.38,,,,,1676.0,1241.0,142.0,485.0,14.0,33.0,66.0,228.0,1019.0,1060.0,0.0,0.0,900.0,1399.0,3768.0,8476.0,0.0,0.0,0.0,0.0,0.0,0.0,4548.0,10274.0,111481.0,73903.0,1.0,1.0,110.0,28.0,0.0,1.0,,,2.0,8.0,982.0,34.0,1.0,8.0,11.0,20.0,36.0,21.0,0.0,0.0,0.0,0.0,0.0,0.0,,,,
196,Cyprus,2012,0.0,0.0,0.0,0.0,658.0,705.0,0.0,0.0,10006.0,80312.0,0.0,2.0,1421.0,3275.0,292284.12,,,,,1437.0,1190.0,49.0,166.0,23.0,61.0,27.0,14.0,1167.0,720.0,0.0,0.0,567.0,1172.0,2037.0,4698.0,0.0,0.0,0.0,0.0,0.0,0.0,4011.0,10485.0,67742.0,41304.0,166.0,321.0,0.0,0.0,17.0,35.0,,,0.0,0.0,290.0,77.0,1.0,13.0,3.0,21.0,10.0,8.0,0.0,0.0,0.0,0.0,0.0,0.0,,,,
196,Cyprus,2013,0.0,0.0,4.0,20.0,2278.0,2022.0,0.0,0.0,11753.0,102966.0,0.0,0.0,1390.0,3455.0,361200.65,,,,,1517.0,574.0,7.0,24.0,27.0,94.0,116.0,56.0,915.0,962.0,0.0,0.0,412.0,703.0,555.0,1236.0,0.0,0.0,0.0,0.0,0.0,0.0,2915.0,8056.0,95317.0,71462.0,18.0,40.0,0.0,0.0,0.0,0.0,,,0.0,0.0,1324.0,84.0,1.0,11.0,5.0,27.0,5.0,3.0,0.0,0.0,0.0,0.0,0.0,0.0,,,,
196,Cyprus,2014,,,0.31,1.0,1597.0,1686.0,,,13573.04,120221.0,,,1464.2,3692.0,344688.87,,,0.0,0.0,3680.0,1180.0,3.4,21.0,8.4,14.0,4.8,10.0,526.6,589.0,,,654.8,1265.0,124.5,96.0,11.6,69.0,,,,,2603.49,7267.0,102093.1,54880.0,1.0,9.0,11240.0,3402.0,16.8,18.0,,,,,,,2.5,35.0,4.58,31.0,2.7,2.0,,,,,,,,,,
196,Cyprus,2015,,,0.15,1.0,3346.0,2893.0,,,16062.48,119304.0,,,1416.7,2994.0,296858.89,,,,,3751.0,494.0,,,12.4,63.0,,,413.6,246.0,,,685.1,853.0,153.2,235.0,7.9,38.0,,,,,2025.48,5447.0,68509.1,40367.0,,,,,3.9,14.0,,,,,1.0,0.0,0.4,3.0,12.26,60.0,2.0,1.0,2.9,5.0,,,,,,,,
196,Cyprus,2016,0.05,2.0,4.82,12.0,1366.0,236.0,,,20484.95,148991.0,,,1329.87,2767.0,348033.51,,,,,6478.0,2951.0,3.5,19.0,1.92,21.0,,,605.99,231.0,,,703.2,899.0,15.85,25.0,,,,,,,1441.37,3997.0,92301.57,52693.0,,,3371.0,1127.0,,,,,,,,,1.82,18.0,6.27,33.0,1.0,1.0,,,,,,,,,,
196,Cyprus,2017,0.35,14.0,2.98,14.0,,,,,25082.62,185279.0,,,1289.22,2782.0,392834.52,,,,,2120.0,744.0,,,9.57,184.0,,,812.59,540.0,,,282.6,355.0,14.37,24.0,,,,,,,1408.52,3583.0,101196.59,53843.0,,,3891.0,2181.0,,,,,,,,,3.52,44.0,11.5,30.0,1.0,1.0,,,,,,,,,,
196,Cyprus,2018,0.06,3.0,5.16,30.0,,,,,31059.3,238351.0,,,1267.31,3193.0,458337.01,,,,,2958.0,1054.0,,,1.03,3.0,4.17,8.0,1026.76,818.0,,,396.88,651.0,21.56,23.0,7.28,49.0,,,,,1381.08,3424.0,89529.03,51837.0,,,52.0,26.0,,,2.02,1.0,,,,,1.92,24.0,5.3,35.0,1.0,1.0,0.08,0.0,,,,,,,,
196,Cyprus,2019,0.06,3.0,5.0,27.0,,,,,35111.76,250549.0,,,1206.54,2920.0,459095.39,,,,,600.0,100.0,9.5,11.0,2.11,54.0,,,630.62,328.0,,,931.15,1578.0,40.09,73.0,9.73,53.0,,,,,860.49,1965.0,73634.8,53457.0,,,,,,,,,,,,,0.56,6.0,6.98,43.0,20.99,65.0,,,,,,,,,,
196,Cyprus,2020,,,,,,,,,41200.92,306661.0,,,1093.48,2833.0,494126.01,,,,,,,32.85,148.0,,,,,802.9,674.0,,,581.72,998.0,692.38,1007.0,8.24,37.0,,,,,545.92,976.0,67930.77,41834.0,,,1100.0,376.0,,,,,,,,,44.54,47.0,8.61,50.0,51.0,21.0,0.39,3.0,,,,,,,,
196,Cyprus,2021,0.03,2.0,,,1613.0,1558.0,,,40477.56,309823.0,,,1140.91,3027.0,503030.76,,,,,866.0,269.0,37.7,206.0,40.3,118.0,934.7,2592.0,983.72,760.0,18.14,69.0,1649.78,3224.0,1358.75,2227.0,177.9,864.0,,,,,514.29,1045.0,79956.66,46193.0,,,570.0,200.0,0.01,1.0,,,,,,,,,8.1,53.0,0.5,0.0,,,,,,,,,,
196,Cyprus,2022,,,,,4344.0,2925.0,,,43357.48,304110.0,0.0,1.0,1146.7,3006.0,505379.34,,,,,387.0,171.0,61.8,342.0,52.58,271.0,321.65,781.0,825.9,587.0,40.79,167.0,523.37,1142.0,3837.48,7627.0,137.04,309.0,,,,,517.23,1042.0,63005.99,44623.0,15.26,44.0,3015.0,203.0,,,,,,,,,,,3.86,22.0,1.25,1.0,,,,,,,,,,
196,Cyprus,2023,,,11.13,57.0,994.0,429.0,,,41767.02,345389.0,0.0,3.0,1009.38,3068.0,549311.43,1.59,9.0,,,1920.0,1047.0,23.88,112.0,33.1,104.0,5.64,7.0,502.55,405.0,,,208.85,490.0,765.76,2003.0,92.87,147.0,,,,,465.97,1275.0,59757.64,46595.0,,,3739.0,382.0,,,,,,,,,0.36,2.0,1.44,8.0,1.75,1.0,,,,,,,,,,
203,Czechia,2000,131830.82,11568.0,22220.85,29122.0,40310.0,12213.0,2.01,4.0,18054.78,35174.0,32727.0,8071.0,5595.28,4415.0,1246717.96,332.02,192.0,33.61,35.0,81.0,12.0,4309.68,4297.0,1045.08,1848.0,431.21,692.0,4536.18,6556.0,0.0,0.0,1633.0,3094.0,2422.0,3249.0,0.0,0.0,13000.47,1068.0,296.14,79.0,952.33,343.0,3284.0,455.0,12581.33,2552.0,1371.0,54.0,28770.71,46274.0,,,2974.35,401.0,22495.0,2492.0,9.4,64.0,2552.05,1629.0,866378.56,90569.0,2768.92,2827.0,17929.49,29118.0,177.78,346.0,1287.37,3265.0,,
203,Czechia,2001,6745.0,920.0,24306.0,28801.0,46192.0,13947.0,1.0,2.0,18088.0,37348.0,45492.0,12728.0,6034.0,4880.0,1309075.0,437.0,304.0,64.0,64.0,37.0,5.0,4253.0,4293.0,6686.0,9067.0,5890.0,6301.0,5546.0,7936.0,0.0,0.0,5115.0,10884.0,3039.0,5085.0,2.0,7.0,1203.0,179.0,672.0,210.0,249.0,119.0,7208.0,1151.0,12990.0,2754.0,1517.0,68.0,36032.0,67975.0,,,152.0,40.0,23279.0,3262.0,0.0,0.0,3308.0,2029.0,151168.0,17958.0,3609.0,3820.0,15212.0,29116.0,170.0,434.0,2043.0,6689.0,,
203,Czechia,2002,15393.0,1933.0,22766.0,25147.0,61806.0,15774.0,0.0,0.0,16212.0,35878.0,39433.0,12440.0,3741.0,3831.0,1368807.0,253.0,203.0,106.0,110.0,0.0,0.0,7403.0,6461.0,5599.0,8386.0,756.0,919.0,8592.0,11755.0,0.0,0.0,8141.0,14320.0,7976.0,10985.0,0.0,0.0,512.0,93.0,652.0,229.0,116.0,53.0,4619.0,1046.0,6874.0,1666.0,552.0,39.0,29605.0,38382.0,,,2757.0,325.0,83537.0,7849.0,32.0,55.0,2216.0,1802.0,152355.0,14405.0,3451.0,4083.0,15747.0,23270.0,107.0,233.0,1798.0,7506.0,,
203,Czechia,2003,158667.0,22614.0,23033.0,30759.0,73891.0,21792.0,0.0,0.0,17604.0,45541.0,44305.0,14717.0,2058.0,2833.0,1728525.0,348.0,701.0,123.0,173.0,113.0,23.0,8295.0,11197.0,1686.0,2537.0,310.0,767.0,9230.0,14459.0,0.0,0.0,3899.0,6975.0,5246.0,7471.0,0.0,0.0,8851.0,1074.0,465.0,179.0,283.0,133.0,6115.0,1252.0,5758.0,1736.0,1538.0,89.0,39762.0,61494.0,,,5861.0,699.0,64612.0,4844.0,14.0,43.0,2060.0,1666.0,759872.0,78994.0,2536.0,3561.0,21284.0,34319.0,665.0,1706.0,1855.0,9720.0,,
203,Czechia,2004,108608.0,18633.0,30479.0,38480.0,126924.0,53359.0,0.0,1.0,16836.0,54399.0,56407.0,28935.0,16271.0,29399.0,2538296.0,347.0,1398.0,241.0,371.0,10.0,4.0,7284.0,10488.0,280.0,1175.0,1653.0,2791.0,18562.0,40218.0,0.0,0.0,4172.0,10132.0,9500.0,16607.0,19.0,105.0,19221.0,3308.0,538.0,225.0,664.0,483.0,13853.0,3753.0,55205.0,22012.0,4493.0,240.0,33668.0,69917.0,,,15872.0,4621.0,292238.0,28420.0,1.0,2.0,2655.0,3111.0,158841.0,27164.0,2948.0,4815.0,16999.0,41150.0,175.0,684.0,4189.0,16041.0,,
203,Czechia,2005,440935.0,64439.0,12529.0,32103.0,141137.0,84660.0,3.0,1.0,18104.0,64412.0,63283.0,26619.0,18325.0,29366.0,3245436.0,138.0,187.0,299.0,356.0,0.0,7.0,7055.0,11544.0,517.0,2216.0,1318.0,5265.0,21926.0,42309.0,0.0,0.0,7517.0,20914.0,13094.0,26743.0,40.0,237.0,38235.0,6013.0,781.0,353.0,3917.0,2283.0,79992.0,9964.0,226233.0,86336.0,1736.0,185.0,29792.0,66648.0,,,32867.0,11047.0,143007.0,25639.0,0.0,0.0,3974.0,4898.0,1468017.0,181402.0,2923.0,5141.0,15525.0,38812.0,11.0,66.0,2138.0,4783.0,,
203,Czechia,2006,351477.0,48783.0,20093.0,49231.0,123684.0,90590.0,2.0,10.0,21392.0,74765.0,65469.0,33150.0,9298.0,15502.0,3506400.69,208.0,461.0,337.0,606.0,21.0,15.0,8526.0,14922.0,793.0,4192.0,1415.0,6614.0,17331.0,27944.0,0.0,0.0,9331.0,27731.0,11774.0,29512.0,30.0,292.0,23127.0,4283.0,468.0,368.0,3733.0,3726.0,76390.0,13109.0,492721.0,187862.0,5082.0,462.0,17167.0,43611.0,,,57909.0,19036.0,127662.0,21805.0,0.0,0.0,13696.0,19190.0,987940.0,136006.0,3824.0,6531.0,15840.0,42560.0,38.0,151.0,2388.0,6356.0,,
203,Czechia,2007,332868.0,76476.0,21031.0,63757.0,146635.0,103226.0,4.0,20.0,19773.0,83018.0,79163.0,53159.0,12885.0,27991.0,4803173.0,558.0,1688.0,362.0,759.0,42.0,21.0,6681.0,15401.0,1845.0,9583.0,2002.0,6799.0,18452.0,42578.0,0.0,0.0,10183.0,34086.0,17714.0,46350.0,43.0,466.0,18869.0,5359.0,970.0,874.0,3860.0,5410.0,32553.0,14543.0,533575.0,254623.0,2458.0,181.0,19094.0,77648.0,,,34268.0,16229.0,127894.0,23646.0,53.0,90.0,9377.0,14858.0,802438.0,218813.0,2333.0,5258.0,14013.0,57090.0,0.0,0.0,2228.0,6044.0,,
203,Czechia,2008,172318.0,62560.0,14815.0,56136.0,153865.0,138912.0,5.0,30.0,20382.0,109721.0,84946.0,74903.0,15447.0,31350.0,6231373.09,348.0,1438.0,542.0,1926.0,2.0,0.0,8242.0,22318.0,2343.0,13642.0,3392.0,14217.0,18121.0,56323.0,0.0,0.0,10231.0,42220.0,23075.0,73352.0,35.0,468.0,11449.0,4662.0,925.0,1313.0,5565.0,8092.0,37771.0,13023.0,601902.0,327865.0,1903.0,172.0,17928.0,65215.0,,,26325.0,13975.0,153207.0,32829.0,267.0,589.0,6141.0,11582.0,911597.0,278248.0,1940.0,5305.0,13854.0,59631.0,1.0,3.0,3879.0,11986.0,,
203,Czechia,2009,274055.0,49190.0,14108.0,42311.0,168575.0,128025.0,3.0,24.0,24305.0,94406.0,103304.0,67522.0,12109.0,22868.0,5253909.0,538.0,788.0,774.0,1615.0,20.0,2.0,9446.0,25434.0,2280.0,11737.0,2830.0,10443.0,19089.0,46587.0,0.0,0.0,13194.0,49359.0,22886.0,54146.0,35.0,371.0,23274.0,4740.0,1335.0,765.0,5616.0,8552.0,42424.0,14188.0,624812.0,236774.0,2688.0,182.0,15853.0,36353.0,,,9230.0,3942.0,92017.0,16656.0,69.0,252.0,7435.0,9264.0,1775325.0,304746.0,2052.0,4877.0,11200.0,33201.0,114.0,251.0,2047.0,6153.0,,
203,Czechia,2010,276084.0,51845.0,8184.0,30452.0,163911.0,126583.0,5.0,39.0,27515.0,122322.0,99125.0,64792.0,18752.0,41051.0,5410963.33,1789.0,3240.0,3973.0,5697.0,0.0,0.0,7892.0,21515.0,2363.0,12528.0,4235.0,18128.0,22194.0,58217.0,0.0,0.0,17673.0,63226.0,17997.0,39042.0,47.0,603.0,28093.0,6819.0,2487.0,1281.0,6197.0,9399.0,48934.0,19030.0,537322.0,236918.0,1855.0,142.0,14265.0,41591.0,,,25447.0,8765.0,162488.0,30796.0,98.0,426.0,5604.0,8550.0,1296430.0,254931.0,1482.0,3936.0,8560.0,31015.0,0.0,0.0,2507.0,9909.0,,
203,Czechia,2011,327683.0,99973.0,5159.0,26566.0,171223.0,163410.0,5.0,51.0,30533.0,175480.0,98658.0,80901.0,27704.0,53673.0,6725658.19,5262.0,6818.0,2072.0,4626.0,8.0,2.0,12266.0,36283.0,3994.0,22598.0,4206.0,20404.0,21988.0,70567.0,0.0,0.0,18759.0,68050.0,20686.0,52968.0,37.0,546.0,35369.0,13360.0,2461.0,2415.0,7712.0,11224.0,38158.0,20393.0,598863.0,309159.0,2019.0,278.0,14607.0,51640.0,,,12283.0,5325.0,169924.0,43194.0,31.0,247.0,6411.0,10912.0,1414881.0,427956.0,1579.0,4776.0,12229.0,52788.0,0.0,0.0,1951.0,9533.0,,
203,Czechia,2012,362154.0,111687.0,4240.0,16230.0,183230.0,195512.0,0.0,0.0,37424.0,174505.0,91274.0,65774.0,13705.0,27373.0,7474617.04,3091.0,3984.0,1249.0,3244.0,13.0,2.0,11705.0,37568.0,3511.0,23197.0,4416.0,19369.0,26650.0,77233.0,0.0,0.0,16189.0,63666.0,26722.0,70150.0,27.0,376.0,39466.0,14362.0,2043.0,2057.0,8790.0,10512.0,53743.0,17670.0,692579.0,311314.0,2386.0,293.0,17242.0,55405.0,,,10408.0,4610.0,217837.0,47829.0,34.0,249.0,8957.0,10434.0,1521103.0,425388.0,1564.0,4378.0,10707.0,39911.0,0.0,0.0,3042.0,13524.0,,
203,Czechia,2013,231170.0,71050.0,4079.0,19147.0,182392.0,194250.0,0.0,0.0,41593.0,205774.0,91516.0,72934.0,14403.0,35677.0,7950629.04,5956.0,6179.0,1192.0,3054.0,85.0,13.0,16220.0,45869.0,3445.0,24536.0,4253.0,19119.0,24874.0,80603.0,0.0,0.0,15823.0,62931.0,25418.0,73216.0,51.0,661.0,42364.0,17406.0,2550.0,3018.0,9615.0,12188.0,37144.0,17185.0,667054.0,341497.0,1786.0,339.0,14696.0,59087.0,,,17590.0,8767.0,236180.0,55877.0,51.0,495.0,10325.0,13121.0,1487854.0,433934.0,2381.0,6599.0,11160.0,54365.0,1.0,17.0,3926.0,16786.0,,
203,Czechia,2014,181995.14,50656.0,5581.31,20104.0,196173.0,196253.0,,,42925.85,220674.0,114634.0,80620.0,15503.57,34623.0,8423267.67,6803.8,5681.0,383.39,787.0,18.0,3.0,14197.09,51406.0,3412.74,24450.0,4345.44,18437.0,25749.66,83741.0,0.04,0.0,17655.87,66438.0,24198.04,61600.0,62.4,690.0,32589.5,11754.0,4079.26,4956.0,10001.64,13408.0,31512.98,13972.0,739198.77,381691.0,2868.0,282.0,18787.26,74488.0,,,13734.53,5670.0,287417.0,60737.0,67.73,651.0,8664.18,12172.0,2335339.6,578865.0,2892.09,7420.0,9848.49,48624.0,0.0,0.0,2706.9,12488.0,,
203,Czechia,2015,491491.58,99894.0,3892.9,12412.0,230293.0,207991.0,,,44343.76,176943.0,120635.0,66391.0,13570.41,21812.0,8034872.13,12927.69,6309.0,1164.22,2813.0,234.0,24.0,15201.74,45477.0,4423.36,26311.0,4087.52,16786.0,25461.96,68688.0,0.03,0.0,13025.9,34239.0,21123.37,39661.0,99.87,967.0,39488.97,12014.0,3955.16,5140.0,11691.4,13656.0,39105.52,12505.0,812008.44,290780.0,3199.0,280.0,18950.13,43593.0,,,23669.0,6463.0,341724.0,54249.0,46.12,476.0,7520.34,10725.0,2456230.84,499035.0,2828.5,5609.0,10385.33,31736.0,0.0,0.0,3141.4,14059.0,,
203,Czechia,2016,455245.97,85774.0,4384.47,13571.0,240451.0,216966.0,,,48217.15,171529.0,98143.0,58089.0,15663.6,25464.0,8036718.5,15000.41,5969.0,2005.39,3290.0,40.0,2.0,15875.98,37631.0,5362.24,34613.0,5112.2,19121.0,32552.48,66537.0,,,14833.23,37035.0,22360.52,44262.0,131.9,1288.0,48857.58,12164.0,5123.68,7273.0,14264.15,15275.0,45224.1,13817.0,788858.47,251497.0,6368.0,757.0,20079.43,41192.0,,,17773.14,5164.0,370335.0,54004.0,114.74,661.0,7537.65,10690.0,2865356.13,497177.0,2441.07,4972.0,12040.2,32574.0,0.54,3.0,2358.14,11984.0,,
203,Czechia,2017,485681.35,93084.0,3089.79,17271.0,227298.0,220625.0,,,49898.15,198722.0,103363.0,61147.0,12378.84,30021.0,8153282.92,6543.9,7061.0,2982.3,4169.0,8.0,1.0,15112.34,41707.0,5689.79,35803.0,4283.39,14723.0,18452.52,46306.0,,,14817.38,41118.0,18079.79,39247.0,160.61,1515.0,37013.43,10017.0,6482.78,5854.0,11940.89,12895.0,35796.87,11763.0,812472.21,333229.0,10938.0,1251.0,19951.11,44644.0,,,20197.77,3883.0,324636.0,52994.0,232.04,824.0,9166.89,10310.0,2540737.57,477409.0,2055.07,5033.0,10594.64,37149.0,0.0,0.0,2930.0,16250.0,0.3,0.0
203,Czechia,2018,341540.76,77937.0,2784.6,15035.0,237085.0,220508.0,,,52364.04,222681.0,113991.0,63302.0,13639.45,34156.0,8330181.82,6462.22,6834.0,1638.08,3204.0,36.0,7.0,16283.91,42245.0,6839.04,45146.0,4886.42,17486.0,17117.68,45066.0,0.02,0.0,14162.19,39029.0,13447.46,27229.0,152.99,1497.0,42432.55,12196.0,6548.83,5764.0,10366.81,15893.0,30713.45,10445.0,870008.06,370817.0,10690.0,1423.0,20266.12,40043.0,,,18571.83,3807.0,432571.0,62645.0,258.55,1338.0,14875.83,13959.0,1884966.39,405203.0,1476.4,4106.0,10663.48,37592.0,3.27,19.0,3492.81,16396.0,,
203,Czechia,2019,215238.66,49851.0,3272.71,20383.0,242576.0,210319.0,,,51964.28,216782.0,103151.0,53121.0,12001.63,25749.0,8266244.94,8250.17,7896.0,1662.58,3073.0,14.0,1.0,15831.35,45668.0,7638.03,43800.0,5453.42,18181.0,13052.17,29990.0,,,13379.74,41342.0,14832.74,29069.0,138.14,1228.0,37237.79,11449.0,7173.48,5654.0,9973.72,18133.0,21644.34,10034.0,838641.9,339702.0,8491.0,1263.0,21187.09,42447.0,,,24845.7,7496.0,430890.0,67408.0,222.54,1443.0,13293.3,12991.0,1745071.26,377720.0,1589.82,4258.0,8764.96,31556.0,0.02,1.0,1845.06,9873.0,,
203,Czechia,2020,354390.7,68127.0,2346.48,9723.0,221680.0,187770.0,,,59504.21,244097.0,96529.0,53939.0,10549.02,20559.0,8964116.71,9621.93,10040.0,2068.81,3004.0,45.0,7.0,17803.29,46746.0,7551.76,42001.0,5698.4,20792.0,11509.01,27541.0,0.01,0.0,15067.86,43754.0,17818.01,33288.0,164.41,1471.0,29912.66,9161.0,8469.19,7094.0,7561.14,13556.0,14625.77,7094.0,896482.77,358125.0,1167.0,168.0,16614.17,43830.0,,,22898.12,8386.0,413249.0,64678.0,221.01,1697.0,11344.48,14783.0,2497600.31,523218.0,1679.43,4635.0,6668.99,24032.0,1.35,30.0,1239.5,6201.0,,
203,Czechia,2021,503578.79,117468.0,2608.52,13479.0,229596.0,220574.0,,,70173.05,291909.0,93436.0,57832.0,9578.39,22172.0,10004369.49,8758.74,10432.0,2062.66,2664.0,21.0,2.0,20456.26,61632.0,6841.69,40624.0,5472.71,23446.0,14679.94,34146.0,0.02,0.0,14105.77,38458.0,20869.83,35095.0,155.45,1385.0,47097.15,17136.0,12499.99,10282.0,9419.4,23530.0,18386.47,8100.0,866660.35,387039.0,2883.0,770.0,14720.55,45732.0,,,12923.76,4322.0,434082.0,59387.0,374.17,2168.0,12304.71,18257.0,2270588.35,580355.0,1854.83,5415.0,7385.14,28398.0,0.04,1.0,2361.01,12009.0,,
203,Czechia,2022,396843.06,126282.0,3621.79,24351.0,257370.0,243891.0,,,78841.35,350834.0,106537.0,71515.0,14167.06,42641.0,11346236.56,8823.05,12174.0,3026.95,5121.0,,,28594.56,72257.0,7849.67,55753.0,6875.33,32242.0,23387.19,54732.0,,,16758.89,47345.0,19828.04,35206.0,276.53,2043.0,77511.73,23114.0,21560.26,16666.0,11805.6,29299.0,28548.85,11856.0,869321.8,480173.0,9610.0,1246.0,15686.3,55365.0,,,29216.85,9993.0,452221.0,55952.0,374.94,1733.0,13747.58,16374.0,2270793.31,763371.0,1819.9,5693.0,7524.86,37849.0,0.02,1.0,2350.73,10755.0,0.0,0.0
203,Czechia,2023,452713.91,117727.0,4268.33,22664.0,266173.0,283047.0,,,91877.46,434475.0,109596.0,84774.0,16045.78,41515.0,13370183.43,8318.81,7229.0,3407.88,6261.0,5.0,3.0,26257.18,71681.0,7557.12,56486.0,9008.65,40011.0,20541.79,51501.0,,,15444.16,53999.0,17961.46,45009.0,328.02,2877.0,37820.59,14006.0,19803.76,18199.0,10884.99,27903.0,31045.75,16610.0,959516.54,537358.0,9858.0,1172.0,14751.82,43014.0,,,20134.22,5561.0,364254.0,61194.0,485.77,1954.0,16021.97,22421.0,2627225.24,740188.0,1773.15,6564.0,7691.09,35920.0,17.43,164.0,1610.26,7166.0,0.0,0.0
208,Denmark,2000,912208.0,126675.0,40132.0,125256.0,105036.0,25762.0,304.0,848.0,247315.0,844807.0,11912.0,9622.0,14868.0,32982.0,8850415.37,10258.0,26376.0,4606.0,8943.0,4.0,4.0,13405.0,15714.0,44129.0,167572.0,43239.0,89335.0,107403.0,146944.0,0.0,0.0,580966.0,1493788.0,369639.0,584277.0,451.0,1334.0,8436.0,1138.0,768.0,456.0,597.0,1147.0,66973.0,16193.0,46160.0,18288.0,5214.0,335.0,14411.0,29378.0,,,104.0,51.0,1483754.0,104215.0,8.0,70.0,4681.0,6063.0,939181.0,99859.0,5.0,10.0,78917.0,176967.0,116.0,276.0,0.0,0.0,,
208,Denmark,2001,854954.0,126719.0,40994.0,122628.0,233615.0,27002.0,211.0,955.0,239587.0,811787.0,14696.0,11100.0,13367.0,29271.0,9262440.81,9871.0,27609.0,3975.0,7762.0,4.0,3.0,4229.0,7070.0,39253.0,144234.0,26686.0,49874.0,108875.0,177847.0,0.0,0.0,573793.0,1656387.0,416252.0,748497.0,454.0,1313.0,37321.0,4678.0,554.0,436.0,1719.0,2445.0,118346.0,27806.0,19897.0,9871.0,12834.0,1032.0,10063.0,23411.0,,,344.0,129.0,1458584.0,111333.0,6.0,53.0,8026.0,8042.0,730203.0,84446.0,18.0,30.0,63525.0,162699.0,84.0,193.0,27.0,7.0,,
208,Denmark,2002,954119.0,138352.0,48059.0,139863.0,48379.0,13815.0,190.0,993.0,236011.0,858029.0,4746.0,3558.0,14891.0,31541.0,9855162.04,13819.0,37277.0,3580.0,7559.0,33.0,10.0,2325.0,6223.0,45148.0,158773.0,25709.0,68950.0,115275.0,174457.0,22.0,21.0,578788.0,1526824.0,430573.0,664961.0,343.0,1305.0,37019.0,4868.0,698.0,536.0,1559.0,3260.0,139798.0,35003.0,10107.0,5626.0,11310.0,961.0,11036.0,22112.0,,,974.0,428.0,2021186.0,128715.0,3.0,53.0,13299.0,13600.0,910420.0,97490.0,37.0,65.0,68549.0,159628.0,413.0,1047.0,0.0,0.0,,
208,Denmark,2003,872209.0,154245.0,54862.0,174376.0,35823.0,17678.0,366.0,1843.0,238596.0,998583.0,3489.0,7390.0,18532.0,42734.0,11474384.59,11755.0,33181.0,4517.0,11425.0,49.0,39.0,3224.0,9246.0,41059.0,185486.0,21885.0,71249.0,113903.0,213667.0,0.0,0.0,636969.0,1776754.0,448749.0,761424.0,444.0,2349.0,39579.0,5631.0,783.0,679.0,1915.0,4295.0,136798.0,40742.0,19526.0,11075.0,10853.0,916.0,12968.0,30974.0,,,312.0,242.0,2134753.0,142707.0,3.0,49.0,15335.0,17146.0,791052.0,107809.0,38.0,86.0,78924.0,183537.0,357.0,1106.0,33.0,9.0,,
208,Denmark,2004,589515.0,110677.0,66136.0,256725.0,33935.0,18742.0,149.0,945.0,248772.0,1122761.0,7823.0,9401.0,15507.0,36191.0,13252257.61,11167.0,32615.0,5050.0,12721.0,15.0,7.0,4551.0,13806.0,39161.0,217952.0,28524.0,92511.0,121935.0,261008.0,0.0,0.0,704721.0,2184177.0,468621.0,915290.0,306.0,1938.0,2778.0,502.0,945.0,891.0,1541.0,4799.0,146103.0,50943.0,19753.0,12530.0,10931.0,1003.0,12337.0,31305.0,,,384.0,204.0,2495938.0,210996.0,3.0,61.0,14029.0,17971.0,240893.0,43383.0,34.0,101.0,75380.0,197726.0,175.0,590.0,69.0,23.0,,
208,Denmark,2005,357849.0,65559.0,73421.0,284168.0,25934.0,22558.0,233.0,1528.0,235070.0,1120002.0,18785.0,16727.0,19728.0,49630.0,13682190.16,8235.0,30503.0,5536.0,14504.0,80.0,27.0,3831.0,10665.0,32778.0,225429.0,22431.0,85679.0,102357.0,244752.0,1.0,5.0,663762.0,2117931.0,467685.0,975892.0,491.0,3069.0,1282.0,352.0,1251.0,1133.0,1244.0,4029.0,113273.0,39360.0,18326.0,14582.0,3056.0,301.0,12623.0,34223.0,,,287.0,192.0,3272909.0,295051.0,19.0,113.0,15187.0,20219.0,431498.0,64951.0,936.0,870.0,82015.0,239797.0,31.0,91.0,66.0,22.0,,
208,Denmark,2006,497851.0,110213.0,61673.0,259638.0,12688.0,16962.0,209.0,1559.0,241042.0,1174561.0,20250.0,17562.0,30230.0,59664.0,15128315.73,6012.0,24070.0,5393.0,15477.0,20.0,6.0,7281.0,15461.0,34208.0,231021.0,21701.0,87201.0,90728.0,199782.0,0.0,0.0,694266.0,2295566.0,460642.0,1107673.0,397.0,2819.0,5369.0,1547.0,3673.0,1379.0,1284.0,4498.0,155862.0,54395.0,55092.0,42759.0,2071.0,219.0,19124.0,50169.0,,,2194.0,1838.0,3828907.0,356735.0,11.0,99.0,13485.0,20017.0,722487.0,142167.0,686.0,915.0,74707.0,212139.0,0.0,5.0,50.0,19.0,,
208,Denmark,2007,516264.0,158577.0,56631.0,275689.0,9169.0,21100.0,145.0,1296.0,243495.0,1306231.0,10715.0,16867.0,21894.0,57233.0,16473935.73,4932.0,23218.0,5062.0,16819.0,0.0,0.0,4588.0,18045.0,31212.0,251473.0,22736.0,96914.0,86385.0,242274.0,1.0,10.0,673720.0,2375963.0,486506.0,1155103.0,496.0,3477.0,5702.0,2500.0,1283.0,1456.0,1665.0,5709.0,130043.0,67874.0,71314.0,60052.0,1587.0,209.0,15777.0,58821.0,,,10420.0,4141.0,4231819.0,445995.0,50.0,268.0,8322.0,14860.0,816300.0,215219.0,108.0,191.0,75331.0,294209.0,19.0,22.0,14.0,5.0,,
208,Denmark,2008,538332.0,213244.0,59992.0,345676.0,4869.0,7613.0,186.0,1747.0,223091.0,1461802.0,25009.0,41686.0,13898.0,42048.0,18656689.21,3544.0,19789.0,5131.0,20314.0,46.0,30.0,2995.0,16330.0,33607.0,302153.0,21921.0,103455.0,77152.0,254295.0,2.0,33.0,684441.0,2560918.0,462705.0,1211808.0,887.0,7516.0,11516.0,5364.0,1370.0,1873.0,2009.0,5965.0,163261.0,86374.0,193003.0,159858.0,38.0,42.0,15894.0,63972.0,,,2849.0,2630.0,4609655.0,703466.0,80.0,385.0,8926.0,17559.0,419045.0,158294.0,52.0,185.0,72524.0,339184.0,8.0,12.0,10.0,12.0,,
208,Denmark,2009,311165.0,82026.0,60165.0,268303.0,10678.0,5621.0,232.0,2070.0,258245.0,1341191.0,35177.0,46552.0,16866.0,35932.0,16367513.81,4257.0,19896.0,6938.0,22809.0,18.0,3.0,3706.0,14754.0,34825.0,268392.0,37881.0,143356.0,83715.0,209289.0,1.0,12.0,653212.0,2144677.0,446933.0,1015719.0,821.0,5760.0,8009.0,1712.0,1329.0,1585.0,1816.0,7300.0,157151.0,61833.0,341270.0,139477.0,197.0,67.0,15180.0,38171.0,,,4267.0,2583.0,6089573.0,775220.0,140.0,495.0,7384.0,12628.0,1555092.0,276233.0,66.0,313.0,99663.0,277164.0,7.0,26.0,3.0,1.0,,
208,Denmark,2010,783907.0,199796.0,56392.0,298914.0,14833.0,6636.0,302.0,2611.0,259357.0,1329301.0,36496.0,46371.0,23377.0,45746.0,16893702.0,4617.0,16772.0,6322.0,21671.0,47.0,14.0,3824.0,13449.0,40808.0,276163.0,43722.0,159741.0,84915.0,192850.0,0.0,0.0,700875.0,2119061.0,456563.0,1010725.0,1428.0,9982.0,29885.0,6847.0,790.0,1208.0,1501.0,6125.0,171480.0,69829.0,207083.0,106117.0,0.0,0.0,17005.0,53286.0,,,5412.0,4523.0,6396984.0,718407.0,86.0,408.0,8513.0,11399.0,1578127.0,321758.0,165.0,572.0,104302.0,396185.0,0.0,0.0,0.0,0.0,,
208,Denmark,2011,934738.0,302282.0,50749.0,322989.0,28193.0,24733.0,398.0,3608.0,256961.0,1435742.0,36453.0,49527.0,24348.0,68868.0,19191010.0,4761.0,20811.0,6295.0,21848.0,39.0,11.0,6202.0,21286.0,37215.0,283781.0,45336.0,186239.0,72507.0,171199.0,2.0,29.0,747358.0,2467689.0,472480.0,1130715.0,1188.0,10974.0,36178.0,11050.0,3015.0,1606.0,2116.0,7668.0,186347.0,87870.0,211745.0,133700.0,0.0,0.0,21259.0,74552.0,,,7484.0,5438.0,8591742.0,749309.0,174.0,977.0,10804.0,14218.0,886924.0,260121.0,93.0,497.0,99729.0,425507.0,4.0,44.0,0.0,3.0,,
208,Denmark,2012,1041699.0,327543.0,45040.0,287113.0,56176.0,55542.0,134.0,1357.0,268399.0,1402915.0,44699.0,66482.0,25699.0,63587.0,18846150.0,7517.0,17687.0,5428.0,22209.0,0.0,0.0,6213.0,6984.0,28464.0,227774.0,49625.0,213960.0,68437.0,154890.0,0.0,0.0,356589.0,1521820.0,745367.0,1803431.0,1050.0,10165.0,24627.0,7918.0,3161.0,1758.0,2384.0,7170.0,175783.0,70832.0,194325.0,124568.0,45.0,27.0,24794.0,78551.0,,,13503.0,6507.0,9732865.0,932425.0,184.0,938.0,7996.0,12071.0,653005.0,194075.0,97.0,505.0,86632.0,341294.0,0.0,0.0,1.0,21.0,,
208,Denmark,2013,778468.0,254200.0,38185.0,236330.0,60555.0,49320.0,21.0,374.0,289274.0,1556335.0,47796.0,79194.0,20638.0,59521.0,20141370.0,6760.0,28389.0,5280.0,19499.0,0.0,0.0,3480.0,9008.0,27809.0,220665.0,47574.0,195191.0,63832.0,149830.0,0.0,0.0,362058.0,1590692.0,722909.0,1805629.0,798.0,8360.0,27517.0,9593.0,1394.0,1344.0,2373.0,7071.0,177995.0,78534.0,208231.0,150121.0,1.0,0.0,25965.0,105348.0,,,18974.0,7858.0,10386381.0,991330.0,135.0,509.0,11928.0,17898.0,716339.0,206492.0,3590.0,10021.0,65639.0,313725.0,135.0,591.0,6.0,84.0,,
208,Denmark,2014,843716.67,226366.0,34340.63,222940.0,70002.0,66744.0,58.7,556.0,308116.79,1667049.0,50875.0,81922.0,26291.13,65365.0,18737035.78,7874.98,34299.0,4177.88,15218.0,,,4424.4,12868.0,27960.4,197639.0,47496.41,182484.0,62739.79,155717.0,1.6,17.0,364755.24,1495243.0,726309.4,1719621.0,701.18,6213.0,19141.3,4829.0,1485.16,1484.0,5028.3,6639.0,175955.53,76478.0,223164.48,158177.0,46.0,27.0,17385.34,71868.0,,,17306.53,7348.0,11889315.0,1049409.0,236.45,1187.0,8096.08,13226.0,843808.18,205346.0,985.88,3061.0,58591.47,282474.0,0.22,1.0,0.7,11.0,0.42,1.0
208,Denmark,2015,982513.32,233510.0,38320.41,212656.0,60832.0,51523.0,22.36,291.0,325082.43,1362223.0,65821.0,86908.0,35631.62,68004.0,15968287.61,9952.82,28015.0,5420.36,16029.0,,,3659.72,11345.0,29815.07,174320.0,39482.44,134071.0,50733.31,108532.0,15.1,153.0,375914.13,1175568.0,746229.32,1345156.0,556.57,4984.0,5302.36,1165.0,5379.1,5589.0,4827.91,5802.0,163379.34,59218.0,201525.78,119012.0,5500.0,219.0,21424.05,57952.0,,,15273.19,4579.0,12668373.0,776941.0,13.37,62.0,5606.35,9646.0,1151737.35,221694.0,181.65,877.0,63370.97,226743.0,1.54,6.0,,,0.5,5.0
208,Denmark,2016,693666.75,142801.0,39180.27,220856.0,81292.0,47351.0,55.23,709.0,362613.57,1416833.0,66732.0,84068.0,35833.58,79027.0,15499318.77,12441.87,62594.0,5749.51,15746.0,,,4352.21,13414.0,30376.23,178749.0,43446.44,137411.0,62591.14,114554.0,12.18,122.0,367913.24,1221103.0,760728.0,1407289.0,542.59,5190.0,22822.65,4805.0,7427.44,8319.0,3346.53,4526.0,162671.5,56473.0,211033.64,134473.0,,,16801.28,38476.0,,,5411.3,3604.0,13335658.0,935895.0,19.76,109.0,9166.2,14985.0,957828.81,160068.0,449.29,1073.0,58631.63,191384.0,0.32,55.0,41.76,90.0,1.14,5.0
208,Denmark,2017,977691.65,205426.0,37709.28,254165.0,89171.0,76079.0,53.68,524.0,375922.58,1666922.0,63325.0,83462.0,28058.61,83470.0,16976637.66,36669.09,107027.0,6998.95,20063.0,,,7821.77,16978.0,35470.75,207697.0,39381.86,135445.0,73950.38,136979.0,1.53,14.0,368402.79,1272495.0,724513.72,1470496.0,625.59,5281.0,48268.34,10176.0,8299.78,9277.0,2311.58,3850.0,147161.48,54110.0,245586.91,150001.0,568.0,141.0,15801.23,39990.0,,,19899.18,13269.0,15175506.0,1235248.0,5.94,68.0,8033.26,12885.0,912265.67,168566.0,1165.72,2551.0,52469.46,202645.0,53.86,405.0,0.0,0.0,0.67,2.0
208,Denmark,2018,669174.99,159932.0,53284.82,358699.0,98579.0,80492.0,78.14,672.0,380964.63,1724356.0,58934.0,96685.0,26535.03,85316.0,16927341.76,44298.89,112177.0,7742.58,23910.0,,,7955.38,20236.0,35652.12,224755.0,41667.43,152176.0,71740.13,138387.0,7.1,61.0,384214.42,1256846.0,737440.73,1357665.0,810.73,6572.0,50272.66,11191.0,9254.4,9402.0,2403.9,4594.0,177513.22,70784.0,207205.81,127098.0,1057.0,99.0,25844.17,52630.0,,,15803.45,9680.0,15677665.0,1027317.0,2.37,43.0,7079.74,14410.0,491994.34,102000.0,521.77,2104.0,45156.49,170752.0,48.08,513.0,,,1.08,4.0
208,Denmark,2019,522438.2,117387.0,53203.27,292400.0,117808.0,109072.0,115.33,1051.0,384947.25,1575425.0,64337.0,89671.0,26248.76,74240.0,16499456.64,58244.17,104813.0,8508.12,22921.0,,,8493.23,18333.0,31864.58,185384.0,34945.59,133052.0,73268.4,122851.0,4.7,45.0,378402.15,1358610.0,618049.24,1381384.0,795.97,6292.0,11778.33,3846.0,9276.83,9054.0,2294.12,4492.0,165563.99,67784.0,292513.9,144140.0,756.0,79.0,22855.69,54348.0,,,4987.36,2811.0,15683182.0,1265999.0,19.76,90.0,6562.16,12565.0,687054.34,135232.0,227.2,1333.0,50932.55,184603.0,1.62,52.0,0.09,11.0,1.19,11.0
208,Denmark,2020,717794.6,155693.0,50491.22,268643.0,97550.0,87542.0,177.11,1163.0,394050.74,1582024.0,61051.0,87570.0,33914.1,85279.0,16678201.88,38106.46,59446.0,6498.2,17092.0,,,9676.96,21817.0,31070.38,176253.0,32642.75,124901.0,64575.71,114813.0,0.39,4.0,378161.15,1387950.0,730727.59,1732692.0,376.37,3384.0,33727.22,8638.0,11672.09,11041.0,2220.25,4303.0,151730.2,54353.0,232209.63,114912.0,,,19798.26,57674.0,,,3002.11,2044.0,15893660.0,1295117.0,9.38,103.0,11590.23,17082.0,804381.16,174498.0,478.72,2368.0,45603.82,176220.0,,,0.01,0.0,,
208,Denmark,2021,960944.79,245905.0,53618.11,298650.0,77958.0,84451.0,142.29,1118.0,397430.67,1713310.0,74979.0,108805.0,81318.12,119765.0,17831755.64,37310.41,30279.0,7590.93,18938.0,24.0,0.0,14312.98,29856.0,36602.2,236528.0,33201.08,151181.0,55196.59,102396.0,0.03,0.0,356692.01,1290130.0,835673.14,1786025.0,335.32,3584.0,34408.9,9043.0,5570.41,4099.0,2347.41,5385.0,142609.57,57506.0,253833.67,140521.0,,,10990.92,37212.0,,,4614.98,2828.0,15813091.0,967017.0,7.1,173.0,9152.9,14214.0,561737.59,144068.0,685.91,2516.0,51228.81,194626.0,1.42,10.0,1.74,8.0,0.0,0.0
208,Denmark,2022,629263.43,196549.0,63089.01,429795.0,83709.0,69080.0,154.38,1086.0,404058.09,1975429.0,75313.0,104333.0,80186.33,95853.0,18023933.02,29158.18,27943.0,9687.6,26696.0,,,11654.25,26145.0,30856.86,235013.0,34416.91,185574.0,66099.33,148716.0,0.0,0.0,352359.53,1211516.0,738330.73,1574503.0,495.18,6231.0,43282.64,14769.0,2555.51,3063.0,2377.58,4357.0,139336.57,60860.0,249561.29,170390.0,10.0,2.0,9905.07,44734.0,,,19957.94,22438.0,16502076.0,975949.0,10.72,168.0,10483.83,15865.0,513265.41,168111.0,705.86,3220.0,41122.54,191383.0,6.92,30.0,6.67,3.0,0.06,1.0
208,Denmark,2023,902304.3,325925.0,73069.28,453690.0,106582.0,95089.0,112.67,950.0,448730.45,2102430.0,72977.0,125538.0,66777.69,63563.0,19043802.32,38019.51,26565.0,9439.72,29802.0,,,23870.67,25914.0,24515.79,176004.0,34823.67,174918.0,60158.48,150956.0,,,269288.47,1101337.0,565815.1,1523763.0,494.06,5635.0,38673.82,14101.0,3738.86,3771.0,2854.87,4590.0,143000.36,75494.0,241183.36,126797.0,,,8924.58,29099.0,,,23203.52,28868.0,16769749.0,1739225.0,31.49,296.0,6453.21,11600.0,472277.7,143431.0,518.41,3142.0,31447.57,143378.0,64.68,124.0,21.45,24.0,0.11,1.0
233,Estonia,2000,11.0,2.0,5439.0,9705.0,509.0,160.0,,,4644.0,9808.0,1415.0,3897.0,625.0,757.0,259692.04,0.0,0.0,368.0,353.0,0.0,0.0,67.0,62.0,1605.0,802.0,205.0,224.0,18307.0,10405.0,,,2588.0,3178.0,5019.0,7901.0,27.0,17.0,0.0,0.0,506.0,222.0,47.0,16.0,981.0,132.0,1768.0,556.0,0.0,0.0,14902.0,22059.0,,,407.0,106.0,5671.0,678.0,0.0,,848.0,274.0,6439.0,796.0,590.0,455.0,4716.0,8688.0,33.0,12.0,0.0,0.0,,
233,Estonia,2001,38.0,9.0,6002.0,8895.0,2495.0,1139.0,,,9088.0,17439.0,635.0,534.0,756.0,1022.0,303252.03,1.0,1.0,269.0,258.0,0.0,0.0,22.0,42.0,224.0,355.0,409.0,581.0,7283.0,6430.0,,,724.0,1468.0,5015.0,8981.0,23.0,30.0,1057.0,105.0,750.0,311.0,176.0,37.0,1718.0,233.0,958.0,351.0,0.0,0.0,8550.0,13488.0,,,288.0,83.0,37233.0,4597.0,0.0,,240.0,158.0,3294.0,417.0,366.0,286.0,11292.0,22798.0,3.0,4.0,8.0,18.0,,
233,Estonia,2002,6.0,1.0,7626.0,11921.0,5497.0,2186.0,,,7667.0,16528.0,446.0,365.0,809.0,749.0,395963.37,2.0,2.0,156.0,150.0,14.0,1.0,44.0,78.0,107.0,283.0,8.0,20.0,3626.0,4777.0,,,163.0,458.0,6682.0,9967.0,56.0,27.0,4823.0,462.0,758.0,299.0,82.0,48.0,1323.0,213.0,2715.0,528.0,14.0,1.0,11735.0,18014.0,,,153.0,49.0,65551.0,6928.0,0.0,,106.0,200.0,16499.0,2038.0,1.0,2.0,10838.0,20733.0,18.0,53.0,0.0,0.0,,
233,Estonia,2003,1811.0,135.0,8445.0,16795.0,4840.0,2236.0,,,9499.0,24986.0,0.0,0.0,1593.0,1730.0,472933.07,1.0,1.0,188.0,221.0,0.0,0.0,41.0,88.0,47.0,157.0,5.0,18.0,5066.0,7866.0,,,414.0,666.0,9426.0,15350.0,40.0,28.0,1369.0,190.0,434.0,182.0,178.0,67.0,661.0,126.0,781.0,328.0,22.0,7.0,13288.0,22350.0,,,72.0,27.0,46461.0,4839.0,0.0,,271.0,254.0,13782.0,1795.0,4.0,8.0,7236.0,13096.0,38.0,152.0,1.0,0.0,,
233,Estonia,2004,436.0,179.0,9010.0,27017.0,1922.0,982.0,,,5626.0,18701.0,0.0,0.0,1702.0,2531.0,395850.29,2.0,0.0,178.0,271.0,0.0,0.0,32.0,47.0,174.0,477.0,214.0,671.0,4542.0,7353.0,,,2414.0,6400.0,4342.0,8137.0,3.0,14.0,0.0,0.0,927.0,392.0,21.0,35.0,73.0,31.0,242.0,134.0,0.0,0.0,10514.0,23554.0,,,2619.0,476.0,37071.0,4935.0,0.0,,23.0,114.0,4690.0,777.0,15.0,22.0,5522.0,16967.0,184.0,556.0,19.0,49.0,,
233,Estonia,2005,53115.0,7101.0,5019.0,13501.0,6373.0,1668.0,,,9079.0,31156.0,27.0,9.0,3872.0,6014.0,481934.04,6.0,27.0,126.0,201.0,35.0,4.0,385.0,402.0,257.0,833.0,12.0,30.0,2985.0,4505.0,,,4930.0,13448.0,1706.0,3279.0,4.0,20.0,15750.0,2585.0,972.0,418.0,48.0,96.0,95.0,27.0,12998.0,4191.0,33.0,4.0,7847.0,17902.0,,,361.0,144.0,19015.0,2717.0,0.0,,27.0,121.0,34167.0,4459.0,0.0,0.0,7749.0,21185.0,100.0,129.0,0.0,0.0,,
233,Estonia,2006,104460.0,15241.0,2737.0,6789.0,11895.0,3217.0,,,10626.0,37744.0,0.0,0.0,4045.0,5625.0,572022.0,11.0,11.0,48.0,96.0,0.0,0.0,336.0,563.0,356.0,1654.0,9.0,25.0,3207.0,4950.0,,,5046.0,14567.0,2017.0,4006.0,6.0,31.0,22857.0,3701.0,1368.0,563.0,61.0,173.0,34.0,27.0,51157.0,16348.0,0.0,0.0,4676.0,11565.0,,,684.0,292.0,62636.0,9786.0,0.0,,36.0,227.0,25964.0,3568.0,521.0,724.0,5142.0,14020.0,85.0,168.0,0.0,0.0,,
233,Estonia,2007,114372.0,39318.0,5472.0,18839.0,11783.0,3804.0,0.0,0.0,10674.0,48147.0,0.0,0.0,6726.0,11599.0,899391.0,98.0,251.0,393.0,753.0,0.0,0.0,30.0,31.0,387.0,1731.0,119.0,405.0,1400.0,4102.0,,,5283.0,17564.0,824.0,1797.0,13.0,127.0,4685.0,1044.0,1009.0,671.0,80.0,327.0,7.0,8.0,34527.0,13166.0,0.0,0.0,9376.0,37977.0,,,344.0,151.0,61559.0,10873.0,0.0,,67.0,183.0,27362.0,7917.0,722.0,1225.0,3881.0,14884.0,97.0,94.0,0.0,0.0,,
233,Estonia,2008,96171.0,24436.0,4206.0,17634.0,20823.0,7585.0,0.0,0.0,14011.0,75222.0,0.0,0.0,2581.0,4593.0,1043716.0,182.0,379.0,523.0,1303.0,10.0,16.0,151.0,219.0,820.0,4323.0,952.0,3148.0,2950.0,7760.0,,,7127.0,27517.0,1191.0,2902.0,19.0,190.0,23687.0,5631.0,1212.0,889.0,484.0,777.0,268.0,78.0,56506.0,25764.0,0.0,0.0,5842.0,17346.0,,,3501.0,901.0,85849.0,19487.0,0.0,,159.0,514.0,115142.0,29715.0,763.0,1875.0,5723.0,21216.0,36.0,36.0,0.0,0.0,,
233,Estonia,2009,64601.0,10294.0,4149.0,12303.0,26925.0,8501.0,0.0,0.0,15880.0,61655.0,0.0,0.0,1901.0,3455.0,803417.0,93.0,172.0,765.0,1498.0,0.0,0.0,371.0,540.0,266.0,1216.0,816.0,2319.0,3526.0,7769.0,1.0,9.0,5840.0,21264.0,474.0,826.0,7.0,72.0,20308.0,3325.0,1096.0,663.0,315.0,587.0,25.0,10.0,9893.0,3575.0,0.0,0.0,4556.0,10724.0,,,3464.0,541.0,169368.0,33078.0,0.0,,177.0,386.0,91743.0,15105.0,664.0,1196.0,5528.0,17186.0,0.0,2.0,0.0,0.0,,
233,Estonia,2010,73930.0,13475.0,4325.0,16517.0,30005.0,11790.0,0.0,0.0,16974.0,70595.0,0.0,0.0,8753.0,21409.0,950452.5,165.0,205.0,649.0,1279.0,13.0,1.0,868.0,1177.0,986.0,4863.0,666.0,1843.0,4664.0,9559.0,42.0,502.0,5720.0,19528.0,2611.0,5705.0,24.0,143.0,15037.0,2495.0,1622.0,857.0,137.0,528.0,4095.0,1540.0,76512.0,29935.0,0.0,0.0,5277.0,15106.0,,,428.0,132.0,153464.0,25290.0,0.0,,180.0,737.0,124301.0,27587.0,1592.0,2077.0,1572.0,5784.0,0.0,0.0,0.0,0.0,,
233,Estonia,2011,184668.0,56905.0,4211.0,22338.0,39046.0,19803.0,0.0,0.0,16902.0,81717.0,0.0,0.0,4009.0,10985.0,1248785.13,72.0,138.0,602.0,1140.0,0.0,0.0,1866.0,2269.0,1178.0,6820.0,753.0,2754.0,7332.0,16134.0,3.0,34.0,7459.0,25602.0,2257.0,5528.0,119.0,741.0,14473.0,4766.0,1130.0,908.0,560.0,874.0,6594.0,2846.0,103214.0,48746.0,2532.0,326.0,5551.0,16988.0,,,1816.0,524.0,212341.0,40508.0,0.0,0.0,246.0,545.0,70214.0,21886.0,1224.0,2292.0,999.0,4468.0,0.0,0.0,0.0,0.0,,
233,Estonia,2012,84909.0,26501.0,1481.0,6565.0,32518.0,14715.0,0.0,0.0,18959.0,80782.0,104.0,51.0,4520.0,10034.0,1320060.0,122.0,263.0,815.0,1681.0,2.0,0.0,1740.0,2442.0,804.0,4039.0,1159.0,5436.0,5383.0,10973.0,2.0,18.0,7630.0,24204.0,5180.0,13698.0,135.0,783.0,28113.0,8632.0,811.0,665.0,306.0,311.0,1125.0,331.0,163439.0,65847.0,6297.0,652.0,1357.0,3644.0,,,2313.0,555.0,143645.0,24742.0,0.0,0.0,381.0,733.0,251253.0,76871.0,1005.0,2202.0,559.0,2337.0,0.0,0.0,0.0,0.0,,
233,Estonia,2013,170999.0,43179.0,2524.0,13300.0,38723.0,14767.0,0.0,0.0,20401.0,91317.0,310.0,292.0,7008.0,18033.0,1340346.7,164.0,368.0,889.0,1805.0,5.0,0.0,2560.0,3453.0,859.0,4331.0,1106.0,4952.0,5982.0,13851.0,0.0,0.0,8258.0,28729.0,4043.0,10400.0,99.0,572.0,30270.0,6632.0,543.0,390.0,96.0,204.0,2865.0,869.0,201462.0,95830.0,6730.0,749.0,1126.0,4653.0,,,4809.0,1430.0,156473.0,27757.0,0.0,0.0,471.0,727.0,226394.0,62894.0,1068.0,2267.0,560.0,2513.0,0.0,0.0,0.0,0.0,,
233,Estonia,2014,237159.7,49070.0,2567.64,12344.0,35008.0,13074.0,,,15765.25,72146.0,268.0,265.0,4749.75,12300.0,1305441.57,143.56,249.0,963.1,1986.0,,,2648.5,3569.0,780.41,3839.0,1185.61,5255.0,4984.46,12136.0,,,4850.38,15979.0,3112.72,8620.0,77.81,740.0,26035.2,6577.0,545.54,367.0,117.93,141.0,2990.6,654.0,196310.63,92007.0,2125.0,238.0,4842.26,18214.0,,,3146.8,917.0,109557.0,16448.0,0.02,0.0,440.35,710.0,259296.5,60145.0,1402.15,2915.0,117.52,434.0,0.19,1.0,,,,
233,Estonia,2015,285763.3,51774.0,1593.0,5298.0,40786.0,19540.0,,,16374.82,55901.0,83.0,175.0,373.19,683.0,985804.06,1471.72,2342.0,701.82,1256.0,,,2846.6,3407.0,1147.23,4848.0,773.1,3400.0,5358.93,10499.0,,,5155.21,11723.0,4512.18,9890.0,97.58,843.0,36287.4,8480.0,554.84,292.0,63.58,128.0,1052.0,227.0,146819.01,41233.0,2167.0,164.0,2515.55,4946.0,,,930.35,120.0,83113.0,8803.0,2.34,15.0,504.8,605.0,465992.2,89096.0,47.76,109.0,560.0,2513.0,0.34,2.0,,,,
233,Estonia,2016,274381.3,45943.0,1546.64,4776.0,60998.0,31817.0,,,17026.75,55701.0,59.0,99.0,599.27,1169.0,984558.34,1881.69,3072.0,1213.97,1914.0,,,1551.79,1501.0,1105.19,4848.0,322.74,1879.0,5705.83,10578.0,,,4620.09,10570.0,4417.22,9005.0,78.37,720.0,22735.74,6502.0,389.97,196.0,169.99,308.0,2670.82,612.0,206176.98,55824.0,11924.0,826.0,382.55,671.0,,,284.62,39.0,19575.0,1652.0,0.44,4.0,501.05,799.0,352755.6,59728.0,28.57,56.0,560.0,2513.0,0.06,1.0,0.03,0.0,,
233,Estonia,2017,298837.83,52288.0,1126.3,5987.0,50163.0,21196.0,,,17756.39,68326.0,58.0,87.0,1363.76,3870.0,1102990.01,1794.94,2856.0,860.2,1386.0,15.0,2.0,1303.92,1528.0,1384.1,6451.0,97.64,452.0,5270.85,9729.0,,,6653.8,17623.0,3574.41,7133.0,73.36,602.0,44028.49,13518.0,192.35,95.0,685.65,1019.0,754.24,174.0,227413.92,87221.0,9816.0,805.0,1187.27,2213.0,,,4051.85,721.0,7730.0,620.0,1.03,16.0,1129.58,976.0,533772.5,96152.0,35.52,84.0,27.5,94.0,0.05,1.0,,,,
233,Estonia,2018,234475.02,48579.0,917.45,5253.0,53534.0,24349.0,,,19464.28,76862.0,70.0,157.0,2255.24,6363.0,1125516.74,1676.23,2691.0,800.92,1443.0,,,1850.21,1674.0,1528.98,7410.0,68.04,382.0,6155.64,11922.0,,,7522.29,18730.0,4607.71,9127.0,70.78,685.0,59687.83,19906.0,148.46,75.0,3252.72,1646.0,1134.37,301.0,216378.81,83801.0,13850.0,1027.0,3263.74,5424.0,,,1682.81,204.0,2207.0,292.0,0.07,1.0,338.0,530.0,197563.82,48193.0,45.38,119.0,10.73,36.0,0.4,7.0,,,,
233,Estonia,2019,362655.92,69728.0,860.34,3937.0,52306.0,22563.0,,,21348.25,83946.0,28.0,62.0,2120.78,4457.0,1242078.35,2193.72,3592.0,497.98,849.0,12.0,0.0,957.07,880.0,1202.68,5590.0,51.52,300.0,7018.73,12375.0,,,7622.75,21216.0,6067.83,12790.0,82.89,607.0,70412.91,19175.0,111.06,76.0,197.3,600.0,7035.93,1952.0,212808.8,77868.0,9914.0,775.0,4121.24,8743.0,,,2216.92,319.0,7527.0,1209.0,9.32,64.0,295.61,568.0,581578.35,116606.0,49.29,118.0,2.02,9.0,1.21,7.0,,,,
233,Estonia,2020,291140.9,55446.0,1364.61,5516.0,55071.0,25672.0,,,22284.93,86680.0,156.0,42.0,2321.16,4936.0,1333122.74,1701.74,2826.0,18.5,75.0,,,1197.83,967.0,1471.95,6496.0,419.79,1237.0,7108.66,13369.0,,,5990.84,17514.0,6432.32,14407.0,29.24,293.0,75240.99,19195.0,80.15,68.0,164.96,427.0,5621.66,985.0,224208.53,80756.0,10367.0,952.0,5256.16,12531.0,,,713.26,139.0,10822.0,1429.0,3.6,29.0,454.94,1033.0,709970.98,154550.0,83.92,188.0,105.8,153.0,382.59,1222.0,,,,
233,Estonia,2021,218655.17,55728.0,869.01,4261.0,59511.0,32987.0,,,22531.69,93098.0,243.0,60.0,5743.87,13139.0,1434760.18,1657.4,3166.0,41.81,119.0,4.0,2.0,1215.87,1195.0,2081.03,9601.0,860.2,3278.0,7266.18,14150.0,,,6103.47,15006.0,5117.95,11298.0,132.68,1255.0,49366.36,12428.0,78.01,117.0,161.58,541.0,2818.72,520.0,223758.48,88632.0,13155.0,1558.0,5247.82,15017.0,,,5303.92,1145.0,17687.0,2193.0,1.05,8.0,8967.1,2838.0,433870.28,124518.0,79.31,180.0,29.08,234.0,589.67,1655.0,0.18,1.0,,
233,Estonia,2022,211653.41,64862.0,1152.86,7262.0,59388.0,40481.0,,,24600.81,123914.0,214.0,72.0,3777.43,11635.0,1777674.54,1520.54,3755.0,104.34,231.0,273.0,12.0,1476.49,2354.0,1490.09,8102.0,1303.18,5275.0,6176.04,15207.0,,,5866.71,16231.0,7196.0,17103.0,108.58,1377.0,56478.63,20806.0,187.01,266.0,380.02,1210.0,3345.87,1197.0,239654.51,122366.0,10802.0,1215.0,5101.98,17782.0,,,1067.48,299.0,13693.0,1898.0,4.04,23.0,938.1,3099.0,575112.63,210192.0,60.08,134.0,13.37,66.0,61.63,174.0,,,,
233,Estonia,2023,174606.74,47504.0,1368.08,7024.0,69641.0,59679.0,,,27934.04,134069.0,126.0,46.0,6439.91,15992.0,1824463.64,1452.48,4349.0,38.27,224.0,,,1475.4,2498.0,790.43,4602.0,1886.66,7173.0,7163.75,19774.0,,,6733.46,26418.0,5196.49,15310.0,79.81,961.0,73106.02,22332.0,163.32,236.0,323.46,1015.0,6751.18,2730.0,230916.62,110794.0,13363.0,1091.0,7525.41,19885.0,,,1113.8,194.0,4800.0,956.0,3.03,14.0,703.76,1776.0,558465.22,162338.0,64.78,150.0,8.51,41.0,5.02,7.0,,,,
246,Finland,2000,32400.0,4275.0,35510.0,70402.0,27.0,36.0,0.0,1.0,27130.0,82518.0,724.0,325.0,915.0,870.0,1026762.09,338.0,578.0,333.0,335.0,,,6006.0,5036.0,2199.0,8927.0,1383.0,4305.0,1503.0,2085.0,,,10873.0,24152.0,5190.0,6324.0,15.0,67.0,229366.0,27204.0,4864.0,1833.0,13.0,32.0,6717.0,1302.0,594.0,295.0,0.0,0.0,17089.0,29640.0,,,70.0,37.0,163.0,181.0,0.0,0.0,1399.0,1100.0,362.0,114.0,0.0,0.0,3065.0,6374.0,116.0,269.0,0.0,0.0,,
246,Finland,2001,186425.0,19212.0,35727.0,68576.0,38.0,50.0,0.0,0.0,26941.0,86781.0,771.0,669.0,1544.0,1445.0,1076159.85,421.0,766.0,307.0,350.0,,,6770.0,5260.0,2250.0,9280.0,123.0,334.0,3684.0,3325.0,,,12270.0,31557.0,4193.0,6607.0,12.0,59.0,540506.0,60940.0,6826.0,2286.0,9.0,26.0,12415.0,2649.0,666.0,319.0,0.0,0.0,10329.0,21987.0,,,133.0,62.0,44.0,54.0,0.0,0.0,1527.0,2469.0,1149.0,307.0,0.0,0.0,3438.0,6879.0,0.0,0.0,0.0,0.0,,
246,Finland,2002,85319.0,8566.0,36929.0,70917.0,0.0,0.0,0.0,0.0,26760.0,91320.0,703.0,792.0,1080.0,1174.0,1175363.06,476.0,779.0,166.0,191.0,,,4350.0,3825.0,2328.0,10231.0,1226.0,3245.0,6169.0,5026.0,,,18117.0,37750.0,5651.0,6059.0,0.0,0.0,483166.0,59285.0,5451.0,2228.0,7.0,18.0,11083.0,2825.0,917.0,460.0,0.0,0.0,14092.0,21348.0,,,188.0,92.0,7.0,5.0,0.0,0.0,938.0,1304.0,1046.0,340.0,0.0,0.0,4536.0,7589.0,160.0,375.0,0.0,0.0,,
246,Finland,2003,92005.0,11098.0,37265.0,84602.0,0.0,0.0,6.0,47.0,25950.0,100650.0,1400.0,1273.0,3367.0,3918.0,1311469.77,1620.0,2223.0,149.0,204.0,,,8673.0,9465.0,3687.0,15359.0,3342.0,9634.0,4803.0,4283.0,,,21357.0,46257.0,11194.0,15014.0,1.0,19.0,386988.0,50432.0,6641.0,3239.0,24.0,37.0,14828.0,3475.0,1030.0,628.0,0.0,0.0,10972.0,19464.0,,,205.0,121.0,20.0,36.0,0.0,0.0,1856.0,7120.0,25776.0,6482.0,0.0,0.0,3931.0,8163.0,456.0,1278.0,0.0,0.0,,
246,Finland,2004,51439.0,8664.0,36916.0,97121.0,0.0,0.0,2.0,17.0,25534.0,104328.0,615.0,1363.0,5509.0,7043.0,1515799.29,2949.0,4387.0,506.0,663.0,,,9840.0,8402.0,2119.0,12907.0,1720.0,5825.0,7059.0,7127.0,,,24478.0,61550.0,10659.0,18774.0,28.0,197.0,393021.0,49187.0,6619.0,3591.0,54.0,62.0,4330.0,1766.0,1209.0,832.0,42.0,5.0,16553.0,35317.0,,,224.0,142.0,0.0,0.0,0.0,0.0,493.0,1436.0,48592.0,8803.0,0.0,0.0,21.0,62.0,245.0,869.0,0.0,0.0,,
246,Finland,2005,29259.0,4116.0,37099.0,105994.0,65.0,111.0,0.0,1.0,27414.0,111763.0,559.0,1620.0,5052.0,6817.0,1536964.12,4998.0,7392.0,1221.0,1283.0,,,9214.0,6876.0,825.0,7357.0,107.0,452.0,7662.0,8468.0,,,24527.0,62991.0,12402.0,24505.0,31.0,241.0,316960.0,43422.0,65.0,39.0,101.0,166.0,4853.0,1336.0,1322.0,962.0,0.0,0.0,14574.0,34770.0,,,268.0,176.0,1948.0,211.0,0.0,0.0,774.0,1654.0,25451.0,3546.0,0.0,0.0,380.0,1043.0,102.0,290.0,0.0,0.0,,
246,Finland,2006,156066.0,28203.0,35433.0,100869.0,300.0,469.0,0.0,2.0,30838.0,126794.0,853.0,2410.0,4440.0,6579.0,1889130.31,7095.0,9930.0,1441.0,1810.0,,,6877.0,6727.0,1467.0,10447.0,88.0,383.0,10229.0,9014.0,,,27456.0,66753.0,17009.0,35805.0,34.0,282.0,286181.0,47075.0,53.0,39.0,600.0,298.0,21967.0,5237.0,1579.0,1309.0,0.0,0.0,12733.0,31592.0,,,499.0,362.0,12061.0,983.0,0.0,0.0,1160.0,2723.0,26070.0,4479.0,0.0,0.0,357.0,949.0,86.0,238.0,0.0,0.0,,
246,Finland,2007,358070.0,94431.0,35674.0,124397.0,806.0,1843.0,1.0,3.0,32509.0,147557.0,1932.0,4379.0,2687.0,5556.0,2023995.85,9923.0,14722.0,1643.0,2437.0,,,6007.0,7767.0,2396.0,17684.0,1430.0,7262.0,8748.0,13074.0,,,26997.0,75551.0,15613.0,36198.0,135.0,925.0,270527.0,66487.0,7280.0,5589.0,115.0,97.0,10213.0,4012.0,2552.0,2377.0,0.0,0.0,10578.0,42701.0,,,464.0,399.0,5105.0,687.0,0.0,0.0,1490.0,2569.0,73613.0,18154.0,0.0,0.0,291.0,1206.0,39.0,112.0,0.0,0.0,,
246,Finland,2008,126723.0,44143.0,32601.0,149600.0,509.0,1316.0,0.0,1.0,28388.0,165770.0,1729.0,5636.0,2742.0,7927.0,2345114.52,11923.0,17897.0,1920.0,3926.0,,,6425.0,9383.0,698.0,6690.0,197.0,1149.0,9656.0,17004.0,,,32686.0,101271.0,18175.0,45305.0,113.0,1137.0,388287.0,111922.0,8361.0,8269.0,241.0,129.0,12596.0,5971.0,4446.0,4944.0,0.0,0.0,3963.0,13748.0,,,540.0,565.0,56.0,112.0,0.0,0.0,1470.0,4285.0,71306.0,25275.0,0.0,0.0,568.0,2702.0,0.0,0.0,0.0,0.0,,
246,Finland,2009,65479.0,13148.0,35789.0,118838.0,832.0,2536.0,0.0,1.0,38087.0,163954.0,1441.0,5339.0,3804.0,8783.0,1833268.25,11732.0,14924.0,1605.0,2991.0,,,5007.0,7622.0,735.0,5799.0,104.0,601.0,9375.0,15471.0,,,30424.0,90994.0,11056.0,24761.0,43.0,337.0,338739.0,66825.0,6922.0,6638.0,167.0,87.0,18228.0,5340.0,5310.0,4540.0,0.0,0.0,12858.0,28087.0,,,549.0,458.0,1664.0,369.0,0.0,0.0,979.0,2755.0,49933.0,7890.0,0.0,0.0,789.0,1993.0,0.0,0.0,0.0,0.0,,
246,Finland,2010,246036.0,58220.0,31033.0,135321.0,670.0,2331.0,0.0,0.0,37342.0,175714.0,1226.0,4476.0,8063.0,18531.0,2311071.01,13638.0,17907.0,1713.0,3262.0,,,8526.0,10797.0,1006.0,5727.0,418.0,1676.0,8576.0,13901.0,,,25950.0,73636.0,7113.0,14307.0,359.0,2955.0,320306.0,56229.0,8755.0,7652.0,15.0,42.0,55952.0,16674.0,6399.0,5500.0,0.0,0.0,14064.0,42018.0,,,535.0,432.0,290.0,276.0,1.0,7.0,1313.0,4844.0,142402.0,25037.0,0.0,0.0,1426.0,4984.0,0.0,0.0,0.0,0.0,,
246,Finland,2011,477356.0,128019.0,24700.0,137684.0,1144.0,3976.0,0.0,1.0,35259.0,180335.0,1139.0,4207.0,9851.0,26888.0,2847445.21,15212.0,21748.0,2627.0,4846.0,,,8625.0,10791.0,825.0,8000.0,292.0,1448.0,9422.0,15394.0,,,30760.0,94485.0,6490.0,13104.0,53.0,742.0,320687.0,93612.0,9405.0,9491.0,103.0,99.0,38147.0,18740.0,9594.0,9087.0,0.0,0.0,12972.0,42048.0,,,585.0,510.0,161.0,263.0,11.0,74.0,858.0,2071.0,194365.0,62097.0,0.0,0.0,1092.0,4331.0,0.0,0.0,0.0,0.0,,
246,Finland,2012,93206.0,27252.0,21086.0,116354.0,1240.0,4207.0,0.0,0.0,31812.0,159289.0,1534.0,3939.0,11603.0,30516.0,2793491.09,17815.0,23988.0,3308.0,6089.0,,,6375.0,10082.0,531.0,7020.0,1.0,3.0,10514.0,16664.0,,,17437.0,63859.0,9331.0,25770.0,44.0,579.0,371012.0,103809.0,10815.0,10760.0,10.0,10.0,27214.0,8957.0,11735.0,11123.0,0.0,0.0,16690.0,49489.0,,,808.0,694.0,6300.0,541.0,34.0,168.0,1146.0,2282.0,214182.0,61029.0,0.0,0.0,922.0,3693.0,0.0,0.0,0.0,0.0,,
246,Finland,2013,118421.0,31042.0,24182.0,136195.0,4.0,26.0,0.0,0.0,29415.0,148149.0,1296.0,4342.0,12226.0,33669.0,3151737.31,21951.0,31202.0,2760.0,5204.0,,,7597.0,10257.0,995.0,8255.0,4.0,21.0,10577.0,18304.0,,,17626.0,65758.0,12779.0,35065.0,39.0,365.0,326702.0,96515.0,11821.0,12856.0,12.0,14.0,8499.0,5411.0,12991.0,12594.0,0.0,0.0,20112.0,78976.0,,,1211.0,1083.0,10580.0,1173.0,18.0,91.0,1901.0,3300.0,163454.0,49271.0,0.0,0.0,1658.0,7712.0,0.0,0.0,0.0,0.0,,
246,Finland,2014,378264.74,80907.0,26997.39,128343.0,405.0,1380.0,,,23786.65,124542.0,563.0,1430.0,13546.31,37941.0,2630124.95,23978.12,31454.0,3005.5,5115.0,,,7056.6,11297.0,1366.61,8241.0,31.91,88.0,8948.85,13152.0,,,16649.1,59588.0,8438.75,21696.0,79.07,1051.0,376060.61,92441.0,14448.01,14266.0,26.1,14.0,12348.8,5850.0,8800.55,8721.0,,,24870.91,88114.0,,,895.31,853.0,550.0,41.0,0.43,2.0,1624.97,3726.0,174974.38,38042.0,0.24,1.0,2129.01,9736.0,,,,,,
246,Finland,2015,210285.1,38658.0,38853.88,128983.0,950.0,2634.0,,,19032.54,61962.0,271.0,324.0,10981.81,22594.0,2234716.04,23580.74,23719.0,3636.9,5426.0,,,8442.65,10755.0,2636.94,11822.0,169.71,721.0,12741.38,11056.0,,,17890.16,50534.0,11663.97,24322.0,31.95,368.0,354950.06,68913.0,15049.2,12604.0,61.4,9.0,8212.83,4004.0,642.71,545.0,,,41104.64,85890.0,,,66.96,44.0,34450.0,2192.0,13.44,65.0,957.32,1407.0,301660.42,55267.0,,,1267.76,3562.0,0.2,8.0,,,,
246,Finland,2016,198010.96,31306.0,38232.1,120002.0,510.0,1249.0,,,14938.11,48548.0,355.0,279.0,8025.38,18661.0,1846053.05,24938.62,25986.0,1984.37,2950.0,,,8545.94,8577.0,2171.32,11287.0,1101.87,4920.0,12872.96,11025.0,,,17794.2,47574.0,11674.39,24554.0,24.57,185.0,302194.53,61252.0,18403.87,17345.0,18.87,10.0,6917.01,3982.0,724.56,563.0,,,44101.66,83046.0,,,57.78,35.0,103533.0,8499.0,0.07,4.0,661.28,942.0,249651.6,41402.0,0.02,0.0,1321.84,2916.0,0.27,34.0,,,,
246,Finland,2017,150059.59,28293.0,34382.89,154783.0,441.0,1044.0,,,12096.25,49719.0,66.0,53.0,7564.73,19342.0,2122299.89,24291.98,28432.0,1849.9,2708.0,,,8223.82,9995.0,1336.79,9890.0,1559.72,6970.0,9585.4,9567.0,,,15008.46,45985.0,9826.81,21706.0,15.96,176.0,319145.45,64252.0,17980.22,17688.0,52.94,23.0,7814.02,4503.0,1503.55,1127.0,,,45346.93,95339.0,,,54.07,35.0,40664.0,5826.0,0.3,7.0,1106.94,1668.0,164422.18,30541.0,0.03,0.0,1624.91,5181.0,0.18,28.0,,,,
246,Finland,2018,58967.19,14217.0,30649.09,163076.0,112.0,322.0,,,14529.02,52900.0,3858.0,1573.0,8718.76,23775.0,1955939.41,28516.46,31506.0,1901.0,3114.0,,,9737.17,13799.0,1654.47,12116.0,1792.47,8704.0,10263.83,11596.0,,,10355.42,36237.0,7223.07,15643.0,20.63,193.0,307524.03,69341.0,19096.14,19427.0,180.31,50.0,11557.51,5097.0,1449.56,1802.0,,,44039.82,76598.0,,,70.98,35.0,16642.0,2130.0,0.31,19.0,3216.91,3968.0,59597.79,10953.0,0.02,0.0,1548.27,5231.0,0.18,21.0,,,,
246,Finland,2019,132856.81,26160.0,34295.31,159104.0,66.0,191.0,,,16414.67,57703.0,7267.0,2772.0,8336.82,21703.0,2009601.84,29416.92,29870.0,1694.61,2751.0,,,9660.45,13040.0,3685.81,19949.0,2797.98,13051.0,11112.55,11261.0,,,13353.62,45461.0,16006.3,37293.0,2.04,19.0,365827.36,91846.0,21675.72,23784.0,471.94,129.0,19780.24,6907.0,815.35,1046.0,,,45188.18,93505.0,,,981.57,618.0,22575.0,3230.0,0.03,1.0,3254.34,4288.0,64295.83,12905.0,0.4,3.0,2129.61,6961.0,0.2,21.0,,,,
246,Finland,2020,166058.37,33121.0,35334.78,148110.0,100.0,245.0,,,15361.38,59918.0,14081.0,5590.0,7236.19,19318.0,1927520.84,32159.11,30506.0,1555.32,2806.0,,,8003.43,11521.0,2616.88,16485.0,2942.74,14743.0,10544.53,10122.0,,,11068.33,44629.0,26199.97,67822.0,18.54,123.0,408525.34,91606.0,26732.41,28534.0,170.87,66.0,7287.76,3109.0,3477.54,4199.0,177.0,92.0,49460.5,130074.0,,,1585.46,1038.0,7998.0,1251.0,0.11,3.0,2784.56,4637.0,152763.15,33460.0,0.18,1.0,2598.98,8610.0,0.74,129.0,,,,
246,Finland,2021,71413.5,17088.0,33845.37,143955.0,,,,,12422.57,51671.0,14471.0,6185.0,7328.03,20620.0,2302794.96,33304.67,35494.0,1982.27,3693.0,,,10877.95,15756.0,1727.17,14936.0,2631.62,14531.0,8781.54,8893.0,,,9998.22,46983.0,24285.15,60056.0,20.95,140.0,367711.21,87347.0,26261.05,28209.0,198.18,65.0,9393.47,3562.0,6016.76,4237.0,,,45494.58,130875.0,,,1811.99,1126.0,,,0.07,2.0,2851.64,7237.0,35925.15,9858.0,0.42,2.0,2874.37,10211.0,0.32,26.0,,,0.01,0.0
246,Finland,2022,2216.59,816.0,29930.11,173517.0,,,,,9286.26,47130.0,14413.0,5862.0,9253.9,27292.0,2389543.37,34570.59,35632.0,2700.48,5433.0,,,14407.7,26478.0,2681.02,22775.0,2304.78,14752.0,6130.5,9852.0,,,15111.7,59476.0,18018.93,38451.0,16.95,124.0,225519.71,63670.0,29284.13,31506.0,645.14,327.0,23073.18,7970.0,9602.52,3161.0,,,42871.88,163000.0,,,856.72,443.0,,,0.07,192.0,3021.9,5408.0,50776.77,20954.0,2.11,8.0,2558.25,11489.0,6.96,42.0,0.2,1.0,,
246,Finland,2023,39336.89,11637.0,31869.83,181138.0,,,,,8551.48,43896.0,14075.0,6386.0,8278.54,28440.0,2465159.11,30726.25,33885.0,1697.89,3899.0,,,10970.21,23670.0,3041.96,24329.0,2927.01,18964.0,3721.22,7251.0,,,11672.05,50668.0,13605.83,30989.0,22.97,257.0,310294.83,106211.0,23918.11,26057.0,433.51,211.0,8895.24,3179.0,1615.17,797.0,,,43701.57,116679.0,,,3266.05,892.0,130.0,97.0,0.16,13.0,6585.82,10628.0,56518.13,17871.0,3.87,16.0,3036.75,11888.0,32.41,210.0,0.11,1.0,0.0,0.0
250,France,2000,4766376.0,575256.0,71381.0,175689.0,1561374.0,1129749.0,7773.0,35288.0,526005.0,1815453.0,83360.0,93269.0,155790.0,138806.0,32250676.58,32009.0,52449.0,15650.0,19849.0,41408.0,1337.0,43900.0,59154.0,96257.0,286382.0,158368.0,467392.0,415059.0,589107.0,2162.0,13031.0,178056.0,342887.0,225352.0,345119.0,8360.0,29974.0,73393.0,9219.0,1448.0,607.0,61916.0,82563.0,1109320.0,183975.0,611182.0,218093.0,715747.0,29925.0,88383.0,172552.0,,,141631.0,38545.0,254136.0,28743.0,710.0,842.0,156545.0,133671.0,18034056.0,2059201.0,11927.0,16386.0,212152.0,452947.0,7658.0,15811.0,8064.0,16033.0,,
250,France,2001,4105761.0,492862.0,69282.0,177037.0,1421940.0,809834.0,8468.0,35085.0,510307.0,1719665.0,93858.0,104257.0,141210.0,137516.0,30748566.38,29734.0,40836.0,14835.0,18792.0,33282.0,1100.0,40690.0,47290.0,55740.0,157319.0,88124.0,230655.0,370122.0,584407.0,2177.0,14261.0,148668.0,307061.0,215092.0,368257.0,8240.0,31973.0,25256.0,3526.0,1183.0,550.0,54773.0,86417.0,1113815.0,207998.0,649158.0,228710.0,433571.0,21831.0,48347.0,111309.0,,,203553.0,57319.0,234858.0,28823.0,65.0,141.0,170016.0,145075.0,15621317.0,1801809.0,10707.0,14729.0,171300.0,430577.0,7726.0,15408.0,6931.0,13662.0,,
250,France,2002,4273806.0,519028.0,73128.0,180897.0,1732343.0,1216779.0,5608.0,24894.0,497040.0,1845745.0,107372.0,113377.0,138902.0,153988.0,34190360.25,25367.0,36770.0,17839.0,24046.0,38683.0,1714.0,43348.0,58974.0,74138.0,240490.0,124063.0,382467.0,373326.0,554536.0,1720.0,12580.0,168437.0,299396.0,231981.0,341479.0,6669.0,30048.0,47240.0,6946.0,2233.0,792.0,59326.0,108006.0,1023504.0,238591.0,554399.0,209636.0,519976.0,25234.0,98768.0,182138.0,,,135992.0,39035.0,318912.0,38140.0,31.0,106.0,164105.0,148811.0,13678411.0,1654245.0,9115.0,13831.0,170470.0,372047.0,8335.0,18839.0,5896.0,12719.0,,
250,France,2003,4944000.0,773160.0,74694.0,222070.0,1717920.0,1512438.0,8778.0,45443.0,523610.0,2288156.0,110118.0,135627.0,140085.0,180725.0,41376878.86,23692.0,41784.0,15827.0,29266.0,44049.0,2395.0,51154.0,87116.0,112620.0,360060.0,145355.0,539214.0,362757.0,615926.0,2410.0,19854.0,188370.0,371853.0,218234.0,362291.0,9447.0,51105.0,66799.0,9286.0,20259.0,8344.0,57743.0,126534.0,1438611.0,343719.0,595646.0,260478.0,577685.0,33264.0,87178.0,194252.0,,,120346.0,41431.0,266894.0,43901.0,31.0,123.0,182182.0,186383.0,16366886.0,2312325.0,7496.0,13433.0,147631.0,349784.0,6911.0,18798.0,5383.0,14642.0,,
250,France,2004,4893343.0,800251.0,76954.0,259713.0,1551796.0,1517871.0,9977.0,56047.0,567509.0,2658441.0,100952.0,143430.0,155719.0,198048.0,45788954.82,21684.0,45057.0,18127.0,33308.0,55899.0,2686.0,39241.0,81680.0,94280.0,348315.0,144349.0,602237.0,343872.0,623238.0,2628.0,23283.0,200989.0,464692.0,241350.0,466141.0,8097.0,48896.0,78618.0,11785.0,25168.0,17227.0,59989.0,132704.0,1434335.0,428990.0,646446.0,310401.0,578157.0,36765.0,59173.0,150850.0,,,120510.0,45547.0,292513.0,59381.0,28.0,148.0,174453.0,196556.0,14891804.0,2553108.0,3340.0,8599.0,140284.0,381411.0,5200.0,15403.0,5135.0,17110.0,,
250,France,2005,5394305.0,807885.0,76736.0,272638.0,1478322.0,1612695.0,9219.0,54780.0,553052.0,2672347.0,96419.0,145875.0,141374.0,180028.0,46327313.14,20143.0,45154.0,15813.0,23959.0,52165.0,3020.0,39373.0,80279.0,68492.0,324957.0,150074.0,668681.0,355783.0,687109.0,2666.0,25140.0,192480.0,468020.0,252260.0,495625.0,7603.0,47696.0,78976.0,11429.0,25268.0,16908.0,62281.0,158796.0,1488230.0,314319.0,707687.0,327634.0,841258.0,62481.0,73386.0,188523.0,,,145772.0,52446.0,548394.0,102578.0,47.0,230.0,185655.0,206275.0,16022528.0,2381557.0,4409.0,9712.0,132468.0,352268.0,4966.0,16958.0,2851.0,11174.0,,
250,France,2006,4262027.0,654929.0,63178.0,229969.0,1443929.0,1702310.0,9539.0,59010.0,566032.0,2772947.0,69741.0,113395.0,89630.0,155771.0,49361074.58,21781.0,49136.0,31271.0,39860.0,29888.0,2819.0,35116.0,73936.0,64444.0,338021.0,161923.0,790604.0,284768.0,561401.0,2854.0,27668.0,190986.0,503190.0,247651.0,518186.0,8455.0,47769.0,59156.0,10261.0,27255.0,14078.0,67145.0,160214.0,1848822.0,493211.0,696002.0,335536.0,738004.0,49390.0,81434.0,208245.0,,,180008.0,64934.0,646983.0,121488.0,162.0,299.0,185405.0,210569.0,16580501.0,2687566.0,3985.0,9592.0,98968.0,285677.0,3672.0,10092.0,2375.0,8368.0,,
250,France,2007,5101026.0,1186808.0,62702.0,296611.0,1330036.0,1635148.0,3699.0,27962.0,599182.0,3266017.0,80091.0,150359.0,98794.0,173820.0,58159260.89,29998.0,97552.0,28206.0,47651.0,8209.0,1313.0,41332.0,94555.0,66103.0,373579.0,174587.0,865369.0,326154.0,768080.0,2668.0,29826.0,197012.0,535954.0,381647.0,881718.0,7078.0,46893.0,38452.0,9741.0,7547.0,16955.0,68774.0,177790.0,1962429.0,682552.0,758944.0,458625.0,749912.0,60985.0,101503.0,311725.0,,,247335.0,121568.0,790918.0,147676.0,582.0,1394.0,193870.0,258978.0,14386449.0,3540589.0,4120.0,12902.0,103893.0,350335.0,3065.0,9008.0,2601.0,7578.0,,
250,France,2008,5024686.0,1497633.0,66865.0,348168.0,1196752.0,1638420.0,5285.0,44618.0,595349.0,3797723.0,69744.0,161483.0,101131.0,210579.0,66957942.18,25176.0,83812.0,24933.0,53824.0,3241.0,857.0,49194.0,112455.0,68404.0,450664.0,177647.0,991869.0,342688.0,932803.0,2531.0,29006.0,211360.0,596913.0,282971.0,682435.0,6645.0,48389.0,36843.0,11898.0,8513.0,20231.0,105517.0,204548.0,1889809.0,545724.0,739161.0,514411.0,695858.0,62901.0,120603.0,408079.0,,,214749.0,122508.0,711720.0,169470.0,499.0,1501.0,191082.0,279306.0,16292571.0,5598809.0,4364.0,13063.0,147737.0,462436.0,2466.0,7825.0,1019.0,3519.0,,
250,France,2009,4719929.0,1045220.0,72119.0,289347.0,1306576.0,1653714.0,10297.0,78453.0,579646.0,3397389.0,77053.0,168423.0,183140.0,206777.0,56679201.43,27656.0,62813.0,25133.0,54267.0,4347.0,634.0,50551.0,117258.0,66521.0,396294.0,178003.0,949357.0,348464.0,808824.0,2486.0,25552.0,200076.0,519167.0,268287.0,572187.0,6053.0,47798.0,48524.0,10159.0,5774.0,13462.0,66954.0,176185.0,1964404.0,478477.0,729067.0,405828.0,740978.0,61639.0,118084.0,299825.0,,,157690.0,63933.0,845810.0,167603.0,1167.0,2386.0,202928.0,267516.0,16872217.0,3760997.0,1986.0,6143.0,86044.0,269475.0,1883.0,5065.0,646.0,1600.0,,
250,France,2010,5706781.0,1026753.0,80165.0,392941.0,1403448.0,1671763.0,9268.0,66472.0,629752.0,3467928.0,86914.0,148407.0,236412.0,278314.0,60799287.67,31074.0,82231.0,18439.0,43805.0,6597.0,326.0,57009.0,123542.0,72321.0,395538.0,186468.0,922645.0,381245.0,864757.0,2580.0,26699.0,220636.0,542496.0,264167.0,529248.0,8257.0,55334.0,85524.0,14920.0,1043.0,1867.0,77431.0,188137.0,2318680.0,613074.0,674169.0,363141.0,737162.0,53685.0,188131.0,538419.0,,,175832.0,75915.0,851632.0,157034.0,1024.0,2481.0,200694.0,247317.0,21081540.0,4651982.0,2072.0,6268.0,85894.0,308883.0,2527.0,6805.0,958.0,3564.0,,
250,France,2011,4284000.0,1372501.0,78457.0,462677.0,1563657.0,1983630.0,10579.0,75282.0,658571.0,3821774.0,91317.0,177714.0,353797.0,425542.0,73056236.0,28829.0,82189.0,14867.0,36643.0,3203.0,469.0,32715.0,92448.0,70413.0,431964.0,210124.0,1127740.0,426133.0,1081883.0,2684.0,26904.0,239137.0,655904.0,252019.0,568270.0,7703.0,60105.0,67657.0,19239.0,1224.0,2960.0,79122.0,169438.0,1987500.0,684868.0,722377.0,425107.0,837988.0,71766.0,205547.0,687090.0,,,176521.0,63364.0,637539.0,142263.0,872.0,2091.0,219175.0,274839.0,20345934.0,6738299.0,1735.0,5793.0,73582.0,325240.0,2382.0,8601.0,315.0,1061.0,,
250,France,2012,4657446.0,1327762.0,75893.0,295271.0,1393851.0,1833627.0,0.0,0.0,613142.0,3326502.0,77405.0,184810.0,281722.0,310692.0,69325559.3,28822.0,78403.0,16763.0,47490.0,9758.0,1475.0,34699.0,94765.0,31175.0,228572.0,208877.0,1132364.0,380317.0,810177.0,2749.0,23370.0,88118.0,276402.0,393237.0,933388.0,7588.0,50352.0,25614.0,9255.0,576.0,1028.0,70342.0,166287.0,1984730.0,513813.0,780515.0,462919.0,617526.0,47789.0,221540.0,657136.0,,,157537.0,59652.0,658516.0,159811.0,1601.0,2641.0,209275.0,250569.0,16469022.0,5040634.0,2928.0,7073.0,77388.0,302247.0,1436.0,5224.0,216.0,874.0,,
250,France,2013,6465970.0,1867534.0,59406.0,325876.0,1309566.0,1683171.0,0.0,0.0,632656.0,3582669.0,87395.0,208181.0,267111.0,331433.0,73853382.0,46870.0,121763.0,17570.0,46249.0,10202.0,2052.0,38411.0,93861.0,30990.0,231617.0,186015.0,1058304.0,389901.0,859694.0,2471.0,22220.0,94608.0,297768.0,388066.0,942559.0,6983.0,47572.0,50414.0,14815.0,613.0,1021.0,71740.0,182132.0,1909669.0,754636.0,681363.0,471923.0,600806.0,45955.0,164627.0,631695.0,,,198526.0,86783.0,671208.0,157672.0,1273.0,2767.0,204026.0,263473.0,19638502.0,6154861.0,1400.0,5107.0,78308.0,371153.0,1923.0,7223.0,263.0,871.0,,
250,France,2014,5121829.76,1230080.0,70229.93,389326.0,1285585.0,1637506.0,,,606541.67,3622721.0,83667.0,206717.0,230146.85,319953.0,70564008.55,79805.86,163660.0,16667.35,39771.0,13136.0,1942.0,44212.86,110661.0,33114.77,232132.0,169793.93,950242.0,346837.61,744832.0,2368.95,21635.0,100830.87,290136.0,354361.66,821165.0,7558.12,54051.0,90807.4,21186.0,876.65,1431.0,67400.86,158107.0,1904746.43,517952.0,748623.23,510610.0,534734.0,45891.0,251908.46,953235.0,,,207785.59,85855.0,648382.0,139326.0,1527.28,3261.0,195601.85,262711.0,20398723.64,5416273.0,1604.95,5883.0,86001.37,416461.0,1710.51,6229.0,225.1,1015.0,12.12,4.0
250,France,2015,7534687.15,1565541.0,79104.94,339852.0,1432532.0,1497037.0,,,616268.2,2991341.0,94155.0,215347.0,247063.07,265883.0,61036755.35,83088.19,120303.0,17806.52,38174.0,13017.0,2451.0,43827.68,100134.0,37668.36,234898.0,166889.41,775480.0,359679.97,693462.0,2338.12,19222.0,100300.9,224918.0,335633.27,600055.0,7753.08,48273.0,84936.62,18065.0,1172.87,1407.0,70488.43,145855.0,1949139.43,459086.0,786574.55,387278.0,518074.0,39082.0,280568.03,611595.0,,,187832.27,56326.0,613577.0,102048.0,1775.94,2509.0,194028.24,203510.0,19815324.84,4258487.0,1703.24,4860.0,85122.15,287415.0,1294.86,4006.0,307.4,1233.0,7.04,10.0
250,France,2016,5868272.86,1064941.0,74702.85,334064.0,1480824.0,1525393.0,,,601700.26,2917472.0,84123.0,157581.0,191414.59,264398.0,59277093.6,83840.96,116791.0,17277.89,37965.0,8997.0,3048.0,37220.8,79680.0,40772.9,245443.0,165076.28,745067.0,312826.61,549731.0,2465.34,18822.0,95441.14,221070.0,348138.78,653080.0,8277.52,49862.0,51139.68,12342.0,1706.14,2288.0,69937.9,139509.0,1846821.54,599154.0,827774.68,394645.0,486650.0,35190.0,234398.47,475172.0,,,147512.53,39544.0,545597.0,94882.0,1484.66,2234.0,205099.05,209970.0,18343653.49,3364258.0,5431.56,8620.0,85313.31,259515.0,1159.04,3471.0,223.65,1169.0,17.26,28.0
250,France,2017,5654969.65,1006407.0,74807.4,440864.0,1600053.0,1644076.0,,,609827.27,3060918.0,91065.0,169977.0,178414.22,326691.0,63106848.22,81630.12,125262.0,18323.82,41433.0,8394.0,3769.0,34771.69,85967.0,41275.67,260433.0,165099.46,786851.0,300123.83,535617.0,2618.48,19280.0,74392.85,202176.0,347992.62,724187.0,8738.02,55279.0,59161.36,14505.0,1759.84,2197.0,67318.69,148074.0,2038305.14,594729.0,695073.17,387469.0,490278.0,36896.0,229459.72,513777.0,,,122842.22,37099.0,542331.0,111176.0,1254.25,2771.0,218955.17,223856.0,15228664.47,2985784.0,7462.58,16987.0,81144.07,295481.0,1000.91,2553.0,236.74,1271.0,64.77,37.0
250,France,2018,6196232.36,1325960.0,72418.78,487249.0,1580984.0,1743739.0,,,610659.0,3271157.0,102459.0,220354.0,154678.73,337854.0,67409503.06,71043.21,118087.0,16876.53,45743.0,6309.0,1283.0,29777.1,82091.0,43991.27,309417.0,165881.94,822438.0,280923.26,563386.0,2495.82,20445.0,75791.01,207206.0,353934.98,679841.0,8881.37,61400.0,93367.53,22185.0,1733.77,2345.0,66921.4,149785.0,2324442.01,643713.0,713772.41,384316.0,429135.0,31028.0,225162.39,428152.0,,,131652.44,40388.0,631127.0,111269.0,2003.99,4037.0,215312.06,233338.0,18940343.32,4111875.0,8139.74,23115.0,73302.5,274410.0,1061.6,2882.0,222.31,1364.0,55.47,36.0
250,France,2019,7171937.42,1494534.0,73951.09,453927.0,1616152.0,1660457.0,,,615934.55,3117875.0,103106.0,193195.0,151968.11,322919.0,65654706.57,62276.21,109356.0,15951.44,37710.0,6861.0,1438.0,27995.83,77773.0,40394.25,271886.0,158918.74,746257.0,245613.3,485770.0,2400.6,19456.0,79978.85,230602.0,398514.5,879900.0,8327.6,55649.0,110352.73,25425.0,2126.07,2945.0,69654.67,156454.0,2323364.01,805469.0,606901.07,331104.0,464147.0,34220.0,272424.66,605231.0,,,142513.62,39790.0,679512.0,126408.0,4264.09,7333.0,217903.62,233417.0,19956974.34,4298894.0,8425.07,22254.0,68567.23,253199.0,649.0,1935.0,248.03,1097.0,68.4,31.0
250,France,2020,6778157.87,1359114.0,74614.45,439690.0,1622105.0,1633164.0,,,594873.13,3150066.0,97918.0,186102.0,166017.21,324324.0,65058026.92,61392.63,115768.0,17054.27,39746.0,9043.0,2021.0,33255.24,80449.0,40907.84,272388.0,148181.91,703779.0,221227.81,441213.0,2181.88,16930.0,73367.61,227904.0,400537.11,934865.0,6830.92,46961.0,70840.03,19774.0,3427.67,5123.0,61091.39,140150.0,2336371.23,681452.0,599534.18,328154.0,479990.0,40344.0,263766.22,699777.0,,,164002.66,51351.0,827529.0,170638.0,5093.06,7875.0,217616.27,243242.0,19792596.96,4528591.0,12492.25,20748.0,76865.78,290181.0,585.56,1806.0,197.9,919.0,113.08,66.0
250,France,2021,6547407.01,1642865.0,78835.92,509766.0,1598921.0,1655117.0,,,606291.4,3391589.0,87624.0,200372.0,178840.42,379107.0,75607158.8,69345.89,157857.0,19521.73,45396.0,3934.0,1117.0,35042.34,92970.0,54308.01,388637.0,152515.44,781378.0,251678.18,495166.0,2286.59,18709.0,72947.66,220256.0,417598.38,890432.0,36785.03,322463.0,81570.91,22507.0,3514.76,5359.0,60062.35,139737.0,2401316.2,648070.0,442582.7,273843.0,479725.0,45494.0,272645.32,803066.0,,,114928.47,43581.0,566418.0,111557.0,6345.29,10172.0,196150.23,229553.0,16090548.64,4483928.0,9286.65,22239.0,84336.88,335603.0,824.07,2568.0,198.76,998.0,28.47,29.0
250,France,2022,5572445.14,1832553.0,82712.2,618859.0,1573500.0,1737450.0,,,605330.37,3419354.0,78096.0,226096.0,162918.1,393607.0,82253651.47,59949.92,156673.0,20499.43,57244.0,5026.0,1174.0,24762.07,90896.0,50161.11,410552.0,153704.8,872080.0,250238.3,538369.0,2026.01,18332.0,81388.99,232606.0,377113.25,806920.0,40842.24,335959.0,129144.45,37591.0,4160.41,6287.0,79416.31,135757.0,2875908.22,840593.0,461072.78,321831.0,490684.0,45093.0,227472.53,841762.0,,,131793.17,58279.0,393150.0,77942.0,11836.07,12823.0,202480.42,230107.0,20151547.1,7358185.0,6070.57,23750.0,75337.31,347671.0,1154.09,3057.0,201.94,863.0,15.21,38.0
250,France,2023,6827676.07,2053095.0,85628.72,643049.0,1468179.0,1762050.0,,,601111.6,3806924.0,76580.0,244410.0,212260.12,493653.0,82676875.33,58580.8,139503.0,21375.23,75304.0,5232.0,1379.0,24388.57,109050.0,49032.77,412120.0,138563.55,850399.0,230753.46,536657.0,2029.88,20013.0,85343.23,279423.0,342235.35,896256.0,49999.96,405524.0,107899.64,35459.0,5333.7,5938.0,79665.83,156472.0,2822829.0,1074799.0,428382.58,319971.0,491421.0,52160.0,233347.84,699192.0,,,91652.69,40181.0,281060.0,84524.0,5817.61,9206.0,228553.36,310594.0,13476663.17,3962766.0,5662.84,25424.0,71293.98,352044.0,919.54,2294.0,151.26,728.0,15.46,16.0
276,Germany,2000,6146482.0,699094.0,52492.0,134931.0,580826.0,245755.0,550.0,2545.0,519611.0,1409358.0,86364.0,101059.0,109173.0,161339.0,24123762.0,24114.0,27001.0,11514.0,14941.0,389.0,90.0,66514.0,70411.0,177374.0,404286.0,173250.0,445471.0,97883.0,150098.0,5.0,22.0,141212.0,249659.0,184784.0,268037.0,4277.0,18378.0,26103.0,4074.0,21862.0,7935.0,8216.0,8082.0,1354049.0,110514.0,1833201.0,629889.0,102051.0,5627.0,293717.0,552856.0,,,224547.0,50099.0,1086761.0,78769.0,2810.0,5165.0,47704.0,40357.0,4569373.0,617709.0,19207.0,20397.0,55179.0,133849.0,7522.0,21933.0,5069.0,8294.0,,
276,Germany,2001,2888541.0,329654.0,48167.0,128087.0,443413.0,124499.0,1298.0,5791.0,540675.0,1546157.0,94131.0,125350.0,102916.0,149122.0,24348310.0,41134.0,39566.0,10619.0,13286.0,0.0,0.0,67165.0,65478.0,277326.0,497532.0,208589.0,392481.0,98270.0,158690.0,1.0,10.0,157701.0,306263.0,236142.0,404439.0,7697.0,32709.0,28207.0,4270.0,25824.0,9366.0,14775.0,12399.0,1485974.0,112985.0,1568502.0,569519.0,83915.0,5544.0,343122.0,546027.0,,,234236.0,52050.0,763868.0,67221.0,2918.0,6095.0,69589.0,49935.0,5710406.0,755188.0,11568.0,15890.0,41911.0,111090.0,7334.0,19596.0,5203.0,8634.0,,
276,Germany,2002,2251565.0,252270.0,46617.0,115937.0,625350.0,201837.0,1944.0,6333.0,502012.0,1442448.0,116881.0,153748.0,92773.0,135041.0,26324209.0,27103.0,31646.0,12944.0,17637.0,17.0,9.0,68525.0,78958.0,216561.0,525498.0,214068.0,500615.0,144312.0,225856.0,11.0,65.0,211136.0,385061.0,253531.0,394683.0,7757.0,38123.0,38058.0,6010.0,24492.0,9646.0,14409.0,14141.0,1290243.0,124168.0,1510775.0,538636.0,64463.0,4392.0,149395.0,265592.0,,,289349.0,58107.0,1119232.0,98551.0,3737.0,8674.0,68011.0,54296.0,5872406.0,772273.0,6920.0,11879.0,27835.0,68402.0,6357.0,18863.0,5470.0,8561.0,,
276,Germany,2003,3179001.0,416009.0,84079.0,227845.0,727790.0,290111.0,1382.0,7153.0,647258.0,2092098.0,87441.0,139530.0,115469.0,201735.0,32804745.0,69390.0,60716.0,10516.0,18987.0,154.0,35.0,60899.0,97312.0,176458.0,539957.0,198301.0,593138.0,187649.0,362764.0,10.0,72.0,250045.0,551501.0,303666.0,532652.0,6503.0,39576.0,30397.0,5273.0,27278.0,12484.0,16128.0,19724.0,1337116.0,143921.0,1637436.0,688747.0,93074.0,6267.0,249723.0,543512.0,,,364655.0,90213.0,813455.0,80649.0,2836.0,9498.0,82650.0,73445.0,4473168.0,676590.0,11991.0,22443.0,45230.0,134256.0,5615.0,20909.0,4943.0,9349.0,,
276,Germany,2004,910528.0,144968.0,84444.0,277021.0,831802.0,372571.0,1295.0,7348.0,686451.0,2416973.0,111604.0,196820.0,151319.0,281595.0,39179921.0,156350.0,152902.0,8576.0,17189.0,154.0,49.0,63044.0,97568.0,163821.0,658660.0,210295.0,697172.0,163481.0,331999.0,5.0,64.0,310817.0,798196.0,312228.0,627260.0,4999.0,32182.0,35691.0,6450.0,29771.0,14894.0,16828.0,21804.0,1320537.0,177613.0,2040264.0,920421.0,74705.0,6280.0,244887.0,581224.0,,,402160.0,116045.0,829507.0,101269.0,2879.0,10671.0,64316.0,76511.0,3926949.0,709311.0,11619.0,23845.0,64537.0,202636.0,5763.0,21868.0,4547.0,10465.0,,
276,Germany,2005,2928969.0,403279.0,82278.0,273907.0,657746.0,313309.0,660.0,3530.0,697196.0,2442520.0,121914.0,215559.0,144412.0,255129.0,42414798.0,131382.0,127229.0,8396.0,14684.0,76.0,41.0,95836.0,130540.0,145170.0,700371.0,169330.0,631035.0,166775.0,342940.0,3.0,50.0,412699.0,1118492.0,356922.0,748783.0,5469.0,37961.0,81657.0,13036.0,34379.0,15703.0,22608.0,29762.0,1281175.0,147311.0,1789040.0,792852.0,117498.0,10172.0,208845.0,512566.0,,,329728.0,97408.0,1106904.0,132009.0,3157.0,11603.0,51133.0,59525.0,4627031.0,714513.0,2999.0,9535.0,64071.0,202782.0,4231.0,17858.0,2554.0,6990.0,,
276,Germany,2006,1971041.0,287841.0,78635.0,253115.0,587502.0,344733.0,1063.0,5429.0,808178.0,2835146.0,127277.0,212386.0,143283.0,247101.0,47297524.0,115697.0,126293.0,9792.0,18274.0,12.0,5.0,92370.0,139688.0,157708.0,843479.0,186223.0,745250.0,176111.0,352643.0,36.0,218.0,486937.0,1407433.0,373272.0,854342.0,7628.0,48246.0,52012.0,9934.0,37364.0,19214.0,24935.0,30882.0,1466216.0,215434.0,1870617.0,829489.0,66479.0,6262.0,147538.0,374338.0,,,307907.0,99177.0,1152127.0,125966.0,3917.0,15210.0,69841.0,77516.0,6105950.0,1006108.0,3434.0,11625.0,56204.0,179514.0,6936.0,24839.0,1990.0,5152.0,,
276,Germany,2007,2782756.0,664741.0,93625.0,403295.0,539608.0,328702.0,279.0,2217.0,888158.0,3704866.0,131773.0,286360.0,165099.0,361109.0,57434805.0,126935.0,199189.0,13306.0,27265.0,0.0,0.0,91023.0,167604.0,156934.0,942680.0,178110.0,718417.0,211631.0,463450.0,13.0,251.0,631358.0,1896083.0,423527.0,953109.0,7958.0,56554.0,31654.0,9350.0,43615.0,28991.0,31859.0,40318.0,1542572.0,294970.0,1793120.0,1019885.0,47953.0,5377.0,194878.0,749925.0,,,291117.0,128360.0,1301797.0,129020.0,4901.0,19863.0,63435.0,81505.0,4646043.0,1168131.0,3952.0,13249.0,47804.0,204416.0,4663.0,21954.0,1961.0,6213.0,,
276,Germany,2008,1663109.0,495149.0,98794.0,454345.0,491725.0,287218.0,396.0,3905.0,903976.0,4384945.0,135820.0,340690.0,173566.0,383302.0,70766143.0,122705.0,148055.0,13540.0,35129.0,309.0,162.0,104285.0,215910.0,162578.0,1164632.0,213241.0,971781.0,206392.0,500982.0,14.0,375.0,752476.0,2570108.0,529426.0,1387450.0,9446.0,74887.0,33741.0,12005.0,55770.0,45504.0,32391.0,42593.0,1396583.0,266273.0,1897407.0,1168329.0,48795.0,5555.0,183785.0,643628.0,,,351376.0,144192.0,1665380.0,219870.0,4513.0,23412.0,71951.0,111542.0,7037573.0,2534299.0,3150.0,15236.0,58928.0,271736.0,4060.0,19312.0,2086.0,6495.0,,
276,Germany,2009,1176330.0,211075.0,91626.0,338391.0,587985.0,303740.0,668.0,6083.0,948684.0,3597180.0,186958.0,401749.0,180453.0,335220.0,63478576.0,91642.0,85940.0,14869.0,35487.0,25.0,5.0,106319.0,230307.0,166055.0,1030857.0,232350.0,927486.0,251493.0,568124.0,7.0,208.0,835266.0,2577677.0,604847.0,1402292.0,8728.0,65292.0,28491.0,6329.0,57397.0,40782.0,30476.0,34279.0,1675535.0,265869.0,2016636.0,956203.0,61045.0,6856.0,192471.0,461114.0,,,338560.0,105379.0,2484619.0,307655.0,4131.0,20204.0,75324.0,117930.0,9687782.0,2203495.0,17654.0,39156.0,53626.0,160424.0,3364.0,11545.0,1279.0,3668.0,,
276,Germany,2010,1688625.0,334150.0,112361.0,515167.0,635483.0,332000.0,699.0,5935.0,1008251.0,3988695.0,218892.0,467332.0,180293.0,383749.0,66610074.0,62126.0,80739.0,13694.0,32115.0,58.0,20.0,115106.0,228822.0,191654.0,1102316.0,211568.0,835799.0,269292.0,583023.0,9.0,243.0,973191.0,2766618.0,571337.0,1290877.0,8020.0,69666.0,30555.0,6123.0,70533.0,42901.0,34912.0,41865.0,1592520.0,306905.0,2062102.0,1059802.0,44703.0,4935.0,222054.0,621864.0,,,325951.0,113097.0,2414878.0,265024.0,4706.0,21652.0,70066.0,97565.0,8915328.0,1967475.0,20463.0,42263.0,78905.0,195476.0,3867.0,10567.0,1077.0,2940.0,,
276,Germany,2011,2255672.0,642861.0,107695.0,614075.0,662683.0,414555.0,5318.0,38662.0,1048632.0,4695330.0,254984.0,653473.0,172480.0,432328.0,80126448.0,45383.0,75577.0,15578.0,36460.0,386.0,288.0,138558.0,243162.0,134468.0,994851.0,247113.0,1252605.0,287543.0,695142.0,16.0,369.0,1056470.0,3352817.0,645499.0,1574046.0,7093.0,79376.0,39415.0,13060.0,75156.0,62731.0,36033.0,45502.0,1596295.0,402628.0,2062410.0,1195006.0,40149.0,5005.0,294757.0,945849.0,,,383087.0,143558.0,2747865.0,315241.0,4700.0,23775.0,66907.0,99235.0,6168890.0,1981035.0,22934.0,52926.0,61007.0,247725.0,4447.0,14850.0,894.0,4246.0,,
276,Germany,2012,1534747.0,447989.0,103584.0,439946.0,620524.0,314412.0,0.0,0.0,1045981.0,4208264.0,290584.0,699378.0,173489.0,347876.0,79070692.0,85425.0,84923.0,18064.0,50695.0,246.0,106.0,135768.0,292076.0,133005.0,970105.0,206989.0,1028178.0,321797.0,742149.0,11.0,317.0,740540.0,2392948.0,953126.0,2614206.0,6660.0,62777.0,36568.0,12291.0,84042.0,68682.0,42069.0,54649.0,1972914.0,335923.0,1907390.0,964858.0,50510.0,6980.0,283020.0,839028.0,,,376276.0,127000.0,3470900.0,486099.0,4705.0,21925.0,69548.0,90990.0,6993096.0,2224044.0,23596.0,52897.0,54005.0,213367.0,4371.0,14436.0,737.0,3149.0,,
276,Germany,2013,2851292.0,823681.0,124677.0,613333.0,627805.0,288566.0,0.0,0.0,1073432.0,4781410.0,270858.0,698650.0,181492.0,439781.0,83749572.0,94937.0,127512.0,16204.0,39877.0,446.0,324.0,121655.0,264990.0,132865.0,992367.0,176656.0,884511.0,319314.0,767731.0,18.0,400.0,799907.0,2716608.0,925928.0,2571297.0,7313.0,64000.0,45800.0,14904.0,101354.0,87963.0,37407.0,55525.0,2195131.0,540518.0,1792623.0,1108248.0,20712.0,2676.0,286749.0,1091698.0,,,381332.0,159544.0,3216293.0,459629.0,4679.0,25654.0,64905.0,92304.0,8223838.0,2676082.0,23571.0,57308.0,58292.0,278560.0,4744.0,17196.0,485.0,2576.0,,
276,Germany,2014,957242.71,234592.0,132345.1,625682.0,758846.0,363097.0,,,1082265.15,4749735.0,262670.0,652803.0,181012.16,435122.0,84367285.67,75768.27,100605.0,14980.73,36415.0,41.0,20.0,150640.99,307647.0,141228.08,966684.0,187659.6,840038.0,342879.99,802110.0,39.39,484.0,785050.02,2496328.0,968101.8,2544579.0,6225.45,59137.0,46247.94,13862.0,110640.69,91086.0,41347.14,55306.0,1609750.68,335186.0,1993303.82,1191966.0,20746.0,2788.0,332101.69,1262330.0,,,391689.56,147082.0,3512535.0,460370.0,5389.05,29630.0,61729.41,90769.0,10959198.73,3066980.0,29001.16,69781.0,59003.61,294618.0,3428.89,16460.0,631.04,3159.0,532.0,665.0
276,Germany,2015,2778037.56,564668.0,139851.07,495089.0,817369.0,363127.0,,,1084718.24,3455519.0,292094.0,586792.0,159210.66,283193.0,72168613.85,48178.57,55990.0,15124.64,33368.0,258.0,192.0,142278.56,263669.0,130805.23,790228.0,176935.83,678564.0,323529.31,665342.0,21.83,310.0,815658.33,1966353.0,962163.15,2019628.0,6352.27,58020.0,41594.94,10945.0,120344.69,82830.0,37654.04,50239.0,1693080.55,280987.0,2050969.82,889112.0,12612.0,1506.0,358274.47,827006.0,,,397339.54,97151.0,3209888.0,262583.0,6357.04,31742.0,62371.94,76232.0,10815219.21,2427386.0,29464.98,48657.0,69693.28,256232.0,2453.49,13354.0,666.5,2656.0,587.3,604.0
276,Germany,2016,2897982.05,501006.0,132487.97,467104.0,827024.0,348303.0,,,1082544.68,3361817.0,333700.0,609869.0,175545.56,303946.0,73635482.49,50022.43,53583.0,15472.14,32753.0,339.0,241.0,155954.53,274329.0,127712.84,759681.0,173884.32,629737.0,305526.57,623732.0,38.97,495.0,837016.62,2076822.0,1037659.26,2283958.0,5977.0,56839.0,45116.87,12443.0,129759.17,89761.0,34409.3,47880.0,1840717.97,357024.0,2233207.16,888600.0,9839.0,1246.0,357980.97,744359.0,,,349956.73,86647.0,2464606.0,195691.0,7327.6,34367.0,62146.6,73105.0,10170168.06,1935129.0,31376.3,47399.0,65694.18,207353.0,2059.41,11912.0,514.21,2675.0,227.78,224.0
276,Germany,2017,2450511.7,433602.0,128374.26,688034.0,865523.0,430613.0,,,1115882.96,4070574.0,328450.0,654322.0,196965.66,476550.0,79053197.59,57083.4,62238.0,18420.94,44982.0,189.0,94.0,148918.97,292098.0,129074.75,816585.0,157546.5,630072.0,300560.64,629582.0,37.17,538.0,838574.56,2370195.0,999497.66,2444262.0,6710.58,69709.0,36088.79,12059.0,133291.9,94518.0,37932.13,53404.0,1995552.82,393978.0,1813004.64,903578.0,9802.0,1579.0,399075.87,887054.0,,,348568.89,101418.0,2436522.0,228237.0,6822.85,34381.0,58280.26,75152.0,7890970.95,1618934.0,30136.75,55917.0,68520.2,250097.0,1797.97,10252.0,538.41,2558.0,834.55,885.0
276,Germany,2018,1863190.02,377659.0,119190.35,691452.0,841118.0,404480.0,,,1131103.58,4202263.0,312679.0,680352.0,210336.08,574935.0,80494356.55,59061.5,71534.0,17342.54,44980.0,77.0,28.0,134178.43,299577.0,128208.53,876681.0,142084.05,596084.0,290395.78,649072.0,32.16,505.0,866713.09,2290393.0,925368.38,2126435.0,6133.93,66773.0,44532.46,14593.0,143167.53,109269.0,42016.33,56310.0,1923617.62,388404.0,1611315.82,783874.0,8052.0,958.0,409780.54,763293.0,,,364673.83,102353.0,2500287.0,195695.0,6696.94,35858.0,62812.66,84721.0,5228857.18,1159547.0,32281.24,59745.0,64898.96,234932.0,2212.12,12708.0,490.88,2489.0,634.94,700.0
276,Germany,2019,1580571.6,307581.0,137157.53,633853.0,817675.0,335349.0,,,1167201.67,4143603.0,296964.0,588261.0,210853.51,470308.0,77761265.77,62185.57,91207.0,18990.14,43323.0,65.0,22.0,135590.75,277177.0,122693.6,781176.0,147953.2,561192.0,302061.52,612079.0,33.82,526.0,855379.62,2521779.0,946400.52,2467822.0,6137.33,62217.0,42503.54,14519.0,147641.67,115040.0,44007.47,58638.0,1875696.1,437189.0,1729352.68,825129.0,16141.0,1762.0,405486.9,879449.0,,,383643.15,122186.0,2068207.0,197491.0,7536.52,37282.0,65663.49,84486.0,5550565.18,1235849.0,34607.88,61927.0,64280.49,226084.0,1998.07,10347.0,371.21,1823.0,515.14,553.0
276,Germany,2020,2405178.13,480207.0,135004.02,560440.0,760612.0,285957.0,,,1207654.87,4381951.0,256019.0,504633.0,220726.81,454686.0,79430990.97,63934.82,100762.0,13384.18,32528.0,97.0,5.0,118438.34,264930.0,99016.23,599059.0,136523.55,524605.0,254316.47,522534.0,13.79,280.0,804370.83,2363078.0,952473.14,2468085.0,4674.51,44983.0,41491.78,14286.0,159814.51,125572.0,39866.55,67476.0,1976560.85,376909.0,1565156.5,773618.0,15134.0,2153.0,368873.42,976769.0,,,344186.01,138369.0,2180304.0,207627.0,7346.1,35605.0,56660.86,81215.0,9259492.98,2105865.0,36602.84,68184.0,59369.79,220093.0,1881.37,8949.0,222.83,1125.0,201.7,228.0
276,Germany,2021,3074998.67,736803.0,131777.33,643606.0,743361.0,275073.0,,,1248738.12,4890791.0,255995.0,516765.0,238191.23,581315.0,86976654.52,65175.93,98875.0,17190.03,41120.0,4.0,0.0,117461.35,279095.0,109967.04,715084.0,142423.69,657947.0,265822.29,588584.0,18.48,421.0,851853.55,2141781.0,845674.37,1841794.0,5384.53,62768.0,53537.98,15880.0,156747.44,127805.0,39743.02,65700.0,1998604.46,381165.0,1594746.47,859058.0,17188.0,2882.0,324501.59,955996.0,,,236552.18,117880.0,1905226.0,165735.0,6985.6,40483.0,51660.83,78527.0,7100100.9,1969667.0,38139.06,74513.0,62756.66,245754.0,2968.55,12867.0,282.45,1723.0,137.09,136.0
276,Germany,2022,3062744.4,956738.0,120425.73,804266.0,698986.0,222286.0,,,1206931.36,5713647.0,244187.0,585772.0,228130.01,666018.0,91702449.58,57482.7,119268.0,20999.54,62459.0,,,115141.13,297598.0,101892.37,864515.0,156035.13,748315.0,323859.35,799388.0,36.6,442.0,740269.52,2052120.0,726021.94,1773975.0,5417.18,77018.0,53027.79,19431.0,143133.5,126531.0,36793.49,57372.0,2142386.85,464324.0,1253537.84,819514.0,13013.0,1747.0,293674.83,1107528.0,,,165692.18,82551.0,1740884.0,184335.0,6081.04,34151.0,54777.89,79991.0,6221620.18,2224216.0,34276.99,76421.0,83858.9,379643.0,3426.14,14142.0,281.95,1341.0,5.16,12.0
276,Germany,2023,3629964.03,929404.0,132759.53,752612.0,648172.0,278976.0,,,1304138.37,5919432.0,255352.0,627201.0,242746.89,675110.0,98514669.88,49064.97,97034.0,19075.98,75321.0,174.0,8.0,109568.32,327910.0,106486.69,886726.0,150244.95,752972.0,279541.62,726211.0,30.55,296.0,586643.69,2160997.0,653326.6,1969818.0,5109.48,61899.0,42070.97,15360.0,141084.04,149885.0,32657.63,66172.0,2346656.76,676874.0,1559006.54,947638.0,15408.0,1990.0,296872.01,894575.0,,,201284.95,76883.0,1478035.0,236477.0,5080.72,31865.0,63613.79,107699.0,6784192.03,1946337.0,36769.17,95496.0,82706.33,363599.0,2611.35,11166.0,185.01,775.0,6.23,10.0
300,Greece,2000,62.0,12.0,23.0,55.0,0.0,0.0,19861.7,22153.0,5426.0,19016.0,1496.0,638.0,92.0,170.0,2569486.59,28.0,15.0,259.0,484.0,108.0,6.0,1218.0,1112.0,4195.0,5796.0,135.0,322.0,5485.0,6427.0,83.0,324.0,975.0,2008.0,289.0,415.0,380.0,1264.0,5.0,1.0,0.0,0.0,730.0,1076.0,17324.0,3283.0,315.0,228.0,0.0,0.0,55.0,182.0,,,31.0,19.0,11.0,2.0,202.0,366.0,5172.0,7984.0,119249.0,18302.0,73.0,90.0,162.0,444.0,1365.0,1502.0,53.0,29.0,,
300,Greece,2001,19.0,6.0,13.0,36.0,0.0,0.0,28708.0,28799.0,5126.0,17664.0,2142.0,692.0,38.0,45.0,2407046.6,215.0,117.0,238.0,186.0,100.0,3.0,481.0,319.0,313.0,915.0,242.0,577.0,4788.0,3756.0,133.0,820.0,450.0,608.0,642.0,1118.0,677.0,2270.0,0.0,0.0,1.0,0.0,1173.0,1132.0,20504.0,2319.0,109.0,73.0,5015.0,246.0,25.0,90.0,,,53.0,64.0,3.0,1.0,237.0,414.0,6473.0,12024.0,351392.0,56108.0,35.0,45.0,308.0,794.0,1283.0,1181.0,25.0,13.0,,
300,Greece,2002,36739.0,4035.0,9.0,37.0,133.0,110.0,13621.0,21682.0,3737.0,16910.0,9900.0,4362.0,6.0,10.0,2508547.0,916.0,212.0,50.0,21.0,3589.0,120.0,183.0,130.0,403.0,1171.0,372.0,555.0,2729.0,4341.0,287.0,1547.0,552.0,1084.0,335.0,426.0,417.0,2044.0,0.0,1.0,5.0,21.0,3267.0,2328.0,23271.0,4177.0,29.0,17.0,0.0,0.0,23.0,41.0,,,74.0,108.0,9385.0,135.0,78.0,245.0,5894.0,10903.0,468544.0,75865.0,35.0,58.0,22.0,46.0,1400.0,1490.0,162.0,63.0,,
300,Greece,2003,0.0,0.0,27.0,83.0,658.0,210.0,23454.0,33526.0,6359.0,25216.0,3372.0,1991.0,40.0,82.0,2960634.0,4511.0,260.0,329.0,368.0,7463.0,283.0,285.0,316.0,684.0,2563.0,143.0,385.0,3533.0,5397.0,268.0,1373.0,260.0,629.0,200.0,374.0,310.0,2054.0,0.0,0.0,0.0,0.0,2193.0,2449.0,12289.0,2628.0,145.0,110.0,1106.0,70.0,4.0,5.0,,,105.0,82.0,626.0,30.0,1.0,3.0,3798.0,7224.0,190721.0,34907.0,20.0,36.0,19.0,50.0,640.0,959.0,161.0,59.0,,
300,Greece,2004,9201.0,1714.0,181.0,626.0,200.0,67.0,13756.0,45791.0,5468.0,29475.0,4013.0,2987.0,157.0,216.0,3112512.0,4458.0,194.0,1367.0,1197.0,6015.0,268.0,3475.0,2804.0,317.0,1871.0,334.0,1292.0,4424.0,4955.0,217.0,1710.0,355.0,966.0,478.0,1079.0,654.0,3994.0,0.0,0.0,9.0,8.0,4153.0,3736.0,19588.0,6065.0,155.0,96.0,94.0,2.0,13.0,23.0,,,88.0,74.0,1811.0,122.0,21.0,68.0,4957.0,12732.0,80724.0,18584.0,133.0,299.0,12.0,16.0,514.0,1017.0,109.0,32.0,,
300,Greece,2005,5947.0,1014.0,64.0,221.0,12.0,10.0,8647.0,45775.0,3722.0,23379.0,3587.0,3137.0,120.0,467.0,3672663.0,4334.0,438.0,1760.0,1501.0,2344.0,106.0,1438.0,924.0,400.0,2825.0,677.0,3311.0,7331.0,7533.0,254.0,2363.0,1281.0,1904.0,1434.0,2906.0,807.0,5690.0,2.0,4.0,12.0,14.0,5866.0,7082.0,5288.0,1191.0,217.0,165.0,2102.0,130.0,2219.0,4927.0,,,58.0,62.0,7637.0,480.0,30.0,67.0,7719.0,12941.0,197644.0,42207.0,296.0,605.0,58.0,224.0,763.0,967.0,0.0,0.0,,
300,Greece,2006,3215.0,582.0,52.0,189.0,1104.0,1184.0,9817.0,57625.0,4273.0,24431.0,1570.0,1767.0,592.0,850.0,4237810.0,165.0,692.0,925.0,876.0,731.0,31.0,178.0,211.0,387.0,2463.0,317.0,1785.0,5155.0,4329.0,248.0,2355.0,2755.0,2567.0,589.0,1764.0,557.0,3742.0,0.0,0.0,10.0,12.0,7949.0,11917.0,22741.0,11615.0,280.0,218.0,4319.0,439.0,105.0,221.0,,,26.0,23.0,6884.0,587.0,10.0,29.0,5690.0,11566.0,361805.0,82735.0,213.0,351.0,200.0,489.0,686.0,1133.0,0.0,0.0,,
300,Greece,2007,1686.0,437.0,67.0,343.0,102.0,70.0,1721.0,6823.0,37672.0,228419.0,4228.0,3259.0,865.0,1566.0,4409847.0,5003.0,1649.0,947.0,1429.0,9.0,1.0,159.0,359.0,932.0,4770.0,293.0,1705.0,11989.0,12350.0,296.0,3499.0,3925.0,4451.0,746.0,1656.0,941.0,5371.0,0.0,0.0,14.0,23.0,9207.0,13882.0,21627.0,9112.0,1125.0,857.0,1011.0,99.0,69.0,344.0,,,5.0,5.0,15208.0,2030.0,102.0,129.0,6375.0,16218.0,189507.0,72154.0,134.0,365.0,86.0,375.0,1357.0,2007.0,7.0,3.0,,
300,Greece,2008,938.0,634.0,169.0,707.0,62.0,55.0,2020.0,14174.0,38097.0,271596.0,4346.0,3534.0,220.0,420.0,5138476.0,2377.0,415.0,767.0,1454.0,1682.0,101.0,750.0,1162.0,1593.0,8213.0,473.0,1969.0,12345.0,15896.0,974.0,12088.0,3148.0,6401.0,1746.0,3713.0,765.0,6502.0,235.0,84.0,7.0,24.0,10398.0,15485.0,24352.0,10682.0,163.0,198.0,0.0,0.0,254.0,1058.0,,,39.0,88.0,45034.0,3804.0,1.0,1.0,7836.0,15026.0,312805.0,155435.0,123.0,521.0,153.0,512.0,600.0,822.0,0.0,0.0,,
300,Greece,2009,127.0,83.0,56.0,246.0,648.0,353.0,2316.0,12817.0,39036.0,270915.0,4528.0,4001.0,1236.0,1126.0,4862054.0,7183.0,1330.0,1676.0,2590.0,16.0,3.0,963.0,1379.0,1232.0,6022.0,570.0,1689.0,11344.0,12747.0,200.0,1932.0,2532.0,4970.0,1711.0,3877.0,1277.0,10514.0,137.0,50.0,9.0,25.0,9104.0,17292.0,16419.0,7163.0,650.0,758.0,602.0,53.0,532.0,1245.0,,,91.0,182.0,41325.0,5384.0,17.0,9.0,7362.0,14480.0,644167.0,190035.0,97.0,462.0,168.0,446.0,606.0,715.0,0.0,0.0,,
300,Greece,2010,657.0,139.0,156.0,618.0,1120.0,1120.0,1295.0,6350.0,41790.0,284112.0,4926.0,4227.0,524.0,1131.0,5110438.0,7664.0,1110.0,1200.0,2011.0,270.0,25.0,194.0,369.0,1284.0,5359.0,959.0,3553.0,11754.0,10551.0,215.0,2091.0,3738.0,8326.0,966.0,2205.0,1717.0,11951.0,76.0,24.0,10.0,14.0,5303.0,5996.0,24351.0,10125.0,991.0,813.0,2332.0,275.0,457.0,1245.0,,,353.0,329.0,56190.0,7402.0,7.0,4.0,9900.0,19847.0,512476.0,129104.0,140.0,582.0,168.0,499.0,1096.0,1074.0,0.0,0.0,,
300,Greece,2011,71.0,37.0,127.0,651.0,12962.0,12566.0,1955.0,9687.0,46732.0,319648.0,3464.0,3633.0,241.0,688.0,5405778.0,5931.0,1087.0,2172.0,3366.0,711.0,52.0,90.0,265.0,725.0,3992.0,567.0,2515.0,16657.0,18842.0,184.0,1904.0,3022.0,8130.0,1292.0,2284.0,1558.0,11728.0,17.0,11.0,8.0,10.0,5795.0,4902.0,22933.0,10757.0,579.0,509.0,138055.0,13968.0,837.0,1637.0,,,51.0,116.0,57404.0,8047.0,53.0,42.0,9980.0,18453.0,342058.0,130617.0,120.0,545.0,175.0,759.0,975.0,1525.0,0.0,0.0,,
300,Greece,2012,2021.0,655.0,62.0,272.0,6588.0,4908.0,0.0,0.0,50578.0,351144.0,3639.0,3279.0,437.0,891.0,5904832.27,3144.0,849.0,2714.0,4904.0,4474.0,998.0,371.0,842.0,90.0,614.0,471.0,1647.0,17550.0,18496.0,233.0,2260.0,2744.0,8607.0,3828.0,5107.0,1804.0,14241.0,4.0,2.0,10.0,14.0,6404.0,5381.0,19094.0,6673.0,666.0,610.0,82708.0,7391.0,242.0,914.0,,,68.0,178.0,58151.0,7884.0,331.0,441.0,9703.0,17017.0,337504.0,121612.0,151.0,635.0,309.0,871.0,1503.0,1446.0,0.0,0.0,,
300,Greece,2013,717.0,285.0,288.0,1390.0,885.0,580.0,0.0,0.0,52752.0,393888.0,4000.0,4416.0,746.0,1692.0,6336075.0,2798.0,841.0,2832.0,5456.0,5503.0,479.0,213.0,599.0,132.0,819.0,366.0,1569.0,16107.0,20131.0,408.0,3740.0,515.0,1767.0,3195.0,6593.0,2831.0,20680.0,728.0,221.0,21.0,32.0,8446.0,6982.0,18699.0,11212.0,984.0,1150.0,27245.0,2846.0,368.0,1126.0,,,222.0,485.0,53039.0,7518.0,666.0,913.0,11434.0,22311.0,208487.0,72569.0,162.0,796.0,280.0,955.0,1516.0,1418.0,0.0,0.0,,
300,Greece,2014,2798.55,1006.0,254.95,1252.0,165.0,103.0,,,57671.52,441049.0,4050.0,5421.0,420.95,1001.0,6006354.82,5451.59,1229.0,1908.81,3531.0,4802.0,269.0,334.67,697.0,225.6,1416.0,149.19,601.0,19588.04,25464.0,424.84,4291.0,1065.68,1875.0,2402.47,6639.0,3269.79,22614.0,104.4,64.0,22.7,33.0,7185.31,5024.0,15631.1,5936.0,3832.94,3089.0,14916.0,1121.0,1150.88,2454.0,,,180.94,437.0,63494.0,10008.0,845.05,1135.0,11246.53,12637.0,424495.4,152018.0,198.32,534.0,109.23,468.0,1322.1,1094.0,,,,
300,Greece,2015,23971.8,4827.0,329.13,966.0,333.0,165.0,,,65240.16,413227.0,4286.0,3931.0,80.13,195.0,5655467.77,2621.1,642.0,919.8,1482.0,293.0,28.0,752.7,2558.0,207.48,1099.0,164.54,651.0,16943.01,17853.0,420.63,3519.0,1051.0,1847.0,2304.36,5187.0,2869.64,20746.0,48.11,39.0,48.43,77.0,5612.16,4295.0,19031.2,6308.0,8631.03,7628.0,22977.0,1275.0,1213.45,2566.0,,,955.69,618.0,75274.0,10264.0,284.28,350.0,12101.83,12596.0,158854.69,53991.0,231.77,534.0,392.74,871.0,746.1,539.0,,,,
300,Greece,2016,1367.88,481.0,449.63,1875.0,165.0,116.0,,,69658.12,444375.0,3605.0,3729.0,452.55,574.0,6020451.66,744.23,710.0,950.71,1621.0,12.0,4.0,590.24,1855.0,343.35,1749.0,309.86,1280.0,19019.45,19048.0,614.51,4584.0,997.86,2351.0,2432.68,5737.0,4217.78,26188.0,72.76,28.0,72.31,113.0,9892.82,6658.0,26240.28,10110.0,1818.29,2306.0,80210.0,1451.0,915.73,1814.0,,,1296.15,2410.0,65476.0,8362.0,733.13,959.0,12205.19,10604.0,644415.76,151678.0,444.53,1929.0,256.28,652.0,670.6,394.0,12.04,24.0,,
300,Greece,2017,1575.7,633.0,616.08,3290.0,46.0,30.0,,,77460.28,481825.0,2823.0,2355.0,156.59,369.0,6091644.26,2981.56,2192.0,830.88,1567.0,106.0,24.0,529.82,1456.0,457.23,2257.0,539.36,1320.0,25283.59,25927.0,782.58,5390.0,734.31,2327.0,3162.44,7479.0,4565.38,29180.0,260.33,67.0,84.57,168.0,10253.55,6902.0,38909.62,13728.0,4388.57,3252.0,25612.0,1460.0,319.3,795.0,,,1821.26,4225.0,76502.0,10389.0,468.78,803.0,12813.97,14749.0,210211.77,53580.0,1014.36,1986.0,115.07,394.0,264.09,229.0,,,,
300,Greece,2018,1843.3,582.0,1750.58,5739.0,57.0,98.0,,,81762.84,528131.0,3985.0,3603.0,518.68,1438.0,6805263.44,2577.59,990.0,773.15,1693.0,285.0,70.0,502.47,1309.0,362.95,1947.0,265.12,1185.0,28134.09,32913.0,1242.88,7867.0,1335.88,3688.0,4020.79,7849.0,5488.04,33741.0,103.04,43.0,72.94,78.0,11255.19,6997.0,27970.21,12369.0,8860.81,7124.0,15165.0,1192.0,660.82,1358.0,,,2064.84,4749.0,85020.0,10503.0,1277.93,3242.0,13818.09,13829.0,341340.48,87222.0,1280.96,3132.0,179.0,824.0,465.59,303.0,,,,
300,Greece,2019,1254.42,452.0,1279.61,5192.0,865.0,370.0,,,88934.21,514947.0,5514.0,4849.0,336.54,902.0,6501884.93,2760.92,1403.0,695.23,1378.0,565.0,16.0,1711.46,2690.0,412.59,2263.0,179.77,936.0,30858.28,33750.0,1378.87,8557.0,1520.48,4295.0,3173.76,7708.0,5696.83,36244.0,64.03,27.0,116.32,168.0,7437.65,5192.0,47264.32,24091.0,7436.15,7596.0,32878.0,1720.0,971.77,2326.0,,,297.2,539.0,92358.0,13214.0,675.92,2062.0,10424.29,14362.0,287034.27,75859.0,240.77,668.0,816.21,6519.0,156.62,209.0,,,,
300,Greece,2020,10854.36,2031.0,1431.06,6393.0,279.0,77.0,,,100628.11,600342.0,3650.0,3959.0,152.18,437.0,7296150.08,2101.16,1619.0,686.99,1422.0,485.0,11.0,3281.2,4367.0,431.08,2361.0,367.66,1695.0,29176.36,32490.0,1238.41,7053.0,1005.07,2801.0,3759.07,9139.0,5623.84,34828.0,66.8,34.0,106.3,148.0,12694.31,9251.0,54708.48,17012.0,6963.03,7659.0,27358.0,1419.0,653.55,1741.0,,,130.79,207.0,77670.0,10042.0,479.07,2557.0,5162.45,9142.0,286932.17,89061.0,291.3,852.0,748.55,5468.0,311.09,485.0,,,,
300,Greece,2021,881.48,289.0,1484.77,6804.0,4243.0,556.0,,,111018.63,704062.0,4524.0,4013.0,250.37,762.0,8747204.43,3806.84,2673.0,816.79,1798.0,2274.0,132.0,1747.9,3165.0,784.0,4177.0,369.31,1925.0,36159.61,43072.0,1217.24,9136.0,1188.43,4443.0,2743.96,8076.0,8270.58,67083.0,577.09,198.0,118.94,257.0,12020.61,10319.0,36883.35,12788.0,8881.29,10856.0,29356.0,2003.0,882.42,3259.0,,,172.69,248.0,84378.0,9866.0,388.11,3437.0,6586.63,11943.0,537598.43,209578.0,293.27,901.0,284.17,1014.0,328.31,400.0,,,,
300,Greece,2022,330.69,187.0,2131.99,8832.0,6819.0,830.0,,,111194.22,801807.0,2963.0,3587.0,202.78,694.0,9120300.57,7674.13,2357.0,998.24,2358.0,1930.0,58.0,1291.5,4025.0,1043.6,7287.0,641.38,3675.0,40399.53,67997.0,1557.55,10762.0,1315.75,5922.0,2355.11,7081.0,7901.27,55351.0,29.79,20.0,209.5,423.0,14873.91,13261.0,30264.24,11957.0,5714.96,5679.0,42270.0,2754.0,607.81,2346.0,,,125.55,227.0,86160.0,9899.0,1009.23,7474.0,6726.81,11600.0,423121.91,220051.0,265.25,815.0,170.03,775.0,284.96,327.0,,,,
300,Greece,2023,4245.85,1280.0,1140.33,5630.0,6291.0,1947.0,,,114674.17,998526.0,3833.0,3671.0,322.8,1039.0,10248230.05,4798.53,3654.0,1141.73,3638.0,1104.0,40.0,1778.43,7119.0,830.67,7524.0,601.08,3890.0,39475.08,66537.0,1088.05,8380.0,1249.36,6197.0,1845.02,6910.0,5222.26,43974.0,87.59,43.0,134.21,223.0,17551.24,17743.0,51832.18,25131.0,8647.92,9337.0,33416.0,2630.0,784.17,2512.0,,,316.61,316.0,69176.0,8987.0,1123.87,6363.0,7476.22,15738.0,527008.42,200760.0,358.88,1449.0,347.03,1268.0,105.17,112.0,,,,
348,Hungary,2000,82859.1,9639.0,703.8,1010.0,124011.0,36390.0,0.0,0.0,18107.3,38236.0,14578.0,8757.0,0.0,0.0,2178418.0,1684.0,6427.0,40.0,93.0,8640.0,159.0,4286.1,9834.0,2153.7,3973.0,7396.8,15941.0,38379.5,67837.0,0.0,0.0,56327.2,116827.0,48674.9,69095.0,525.9,2101.0,6022.2,603.0,9.8,6.0,8254.1,4940.0,20464.2,2312.0,65165.0,16413.0,876450.0,34060.0,1594.7,2372.0,,,0.0,0.0,340497.0,32312.0,0.0,0.0,49300.5,22311.0,582646.8,67864.0,4.0,7.0,1700.5,2518.0,192.6,275.0,294.7,317.0,,
348,Hungary,2001,139892.0,13211.0,992.0,1445.0,127682.0,36772.0,0.0,0.0,19735.0,43720.0,22753.0,13741.0,1179.0,986.0,2393919.0,1512.0,6882.0,0.0,0.0,5560.0,116.0,4705.0,11795.0,1838.0,4529.0,3317.0,6707.0,43038.0,83533.0,16.0,101.0,53039.0,144997.0,36980.0,70287.0,1325.0,5567.0,7483.0,820.0,0.0,0.0,8796.0,4485.0,2890.0,482.0,78553.0,19858.0,851890.0,39110.0,5640.0,9910.0,,,3402.0,609.0,345127.0,45205.0,0.0,0.0,64571.0,30044.0,1515118.0,150655.0,1.0,1.0,3984.0,6891.0,164.0,283.0,491.0,529.0,,
348,Hungary,2002,133494.0,13575.0,2189.0,2249.0,85910.0,38050.0,0.0,0.0,19875.0,40460.0,15481.0,13306.0,728.0,779.0,2626452.0,1713.0,7211.0,0.0,0.0,8380.0,161.0,5532.0,13018.0,3245.0,7305.0,4044.0,8546.0,38720.0,74330.0,0.0,0.0,55125.0,142582.0,29418.0,56926.0,189.0,838.0,8398.0,839.0,0.0,0.0,8075.0,4042.0,0.0,0.0,56654.0,15648.0,910400.0,43351.0,8431.0,9413.0,,,3058.0,650.0,229895.0,25479.0,0.0,0.0,53534.0,27343.0,1158771.0,119074.0,4.0,15.0,2577.0,3106.0,180.0,389.0,490.0,555.0,,
348,Hungary,2003,112032.0,14019.0,2677.0,4343.0,50560.0,32691.0,0.0,0.0,23313.0,48959.0,22817.0,17528.0,0.0,0.0,3221908.0,853.0,3753.0,0.0,0.0,8620.0,213.0,12764.0,25433.0,500.0,1927.0,7206.0,19227.0,36822.0,86132.0,0.0,0.0,53157.0,136368.0,30266.0,59331.0,368.0,1945.0,8028.0,917.0,66.0,25.0,10112.0,6347.0,1220.0,256.0,39199.0,13376.0,1072067.0,44432.0,9180.0,12902.0,,,0.0,0.0,119838.0,14475.0,746.0,644.0,41268.0,26622.0,1228255.0,169035.0,0.0,0.0,2620.0,3722.0,443.0,892.0,0.0,0.0,,
348,Hungary,2004,126830.0,17584.0,935.0,1338.0,89620.0,36261.0,0.0,0.0,12323.0,28481.0,9399.0,11260.0,48.0,92.0,3582305.59,1461.0,6693.0,0.0,0.0,2562.0,94.0,6880.0,19318.0,948.0,3038.0,5984.0,22405.0,36871.0,106010.0,1.0,8.0,55326.0,170301.0,23175.0,53297.0,450.0,2715.0,2740.0,395.0,1.0,1.0,9287.0,8405.0,1123.0,362.0,23548.0,13391.0,751828.0,67593.0,199.0,299.0,,,0.0,0.0,100915.0,5844.0,0.0,0.0,31217.0,22650.0,955196.0,143939.0,5.0,14.0,36.0,90.0,427.0,1248.0,200.0,358.0,,
348,Hungary,2005,307896.0,40334.0,1869.0,4431.0,86620.0,53841.0,0.0,0.0,16351.0,45830.0,18284.0,21387.0,171.0,602.0,4007506.0,12022.0,10317.0,0.0,0.0,4590.0,163.0,5252.0,15419.0,2490.0,7501.0,7351.0,23282.0,32561.0,98859.0,0.0,0.0,58295.0,181771.0,25495.0,61487.0,309.0,1280.0,9455.0,1276.0,6.0,3.0,8483.0,7431.0,7294.0,1182.0,80272.0,30303.0,1031153.0,70851.0,639.0,1445.0,,,23257.0,5675.0,161498.0,17144.0,0.0,0.0,37876.0,32811.0,1641966.0,202545.0,4.0,14.0,207.0,763.0,23.0,43.0,0.0,0.0,,
348,Hungary,2006,309850.0,42286.0,76.0,229.0,87572.0,64047.0,10.0,25.0,12791.0,38549.0,25581.0,26530.0,1454.0,3524.0,4280378.0,9542.0,8196.0,0.0,0.0,4743.0,183.0,4978.0,16992.0,311.0,1693.0,5523.0,16778.0,23933.0,73021.0,0.0,0.0,58236.0,187783.0,27349.0,69541.0,308.0,1675.0,12627.0,1526.0,0.0,0.0,7908.0,7566.0,12537.0,2261.0,129646.0,46498.0,911724.0,60917.0,5.0,12.0,,,0.0,0.0,120262.0,17690.0,0.0,0.0,39728.0,33157.0,2095336.0,296169.0,0.0,1.0,241.0,787.0,0.0,0.0,446.0,639.0,,
348,Hungary,2007,363862.0,88386.0,626.0,2421.0,98209.0,83544.0,0.0,0.0,9771.0,38921.0,28916.0,33930.0,1123.0,2502.0,5974816.0,4957.0,5722.0,0.0,0.0,4263.0,178.0,4456.0,13702.0,2013.0,7201.0,8980.0,28154.0,21176.0,81046.0,0.0,0.0,52404.0,184556.0,30002.0,77784.0,0.0,1.0,5374.0,1692.0,0.0,0.0,9040.0,10048.0,3518.0,1098.0,154796.0,67790.0,866173.0,52453.0,1078.0,4972.0,,,95184.0,31463.0,88192.0,14099.0,0.0,0.0,48480.0,43201.0,1591989.0,406315.0,0.0,0.0,0.0,0.0,88.0,116.0,0.0,0.0,,
348,Hungary,2008,478593.0,124047.0,655.0,2412.0,103493.0,108599.0,0.0,0.0,8530.0,43765.0,40689.0,55875.0,8863.0,6850.0,7590565.0,297.0,246.0,182.0,363.0,3120.0,151.0,4440.0,28605.0,3170.0,18231.0,11478.0,39345.0,35391.0,119429.0,0.0,0.0,56941.0,214161.0,34795.0,100280.0,0.0,0.0,5874.0,1846.0,0.0,0.0,9792.0,10336.0,6260.0,2234.0,174902.0,87094.0,713538.0,54188.0,42.0,230.0,,,112215.0,42434.0,264677.0,55483.0,0.0,0.0,48546.0,51160.0,2112604.0,660034.0,8.0,26.0,157.0,585.0,0.0,0.0,720.0,1954.0,,
348,Hungary,2009,223892.0,40691.0,688.0,2267.0,116070.0,128279.0,0.0,0.0,11101.0,42083.0,34991.0,55857.0,12828.0,5833.0,6291887.89,16365.0,8130.0,156.0,333.0,2973.0,102.0,12967.0,37587.0,2405.0,13241.0,13943.0,42063.0,35735.0,112155.0,0.0,0.0,62087.0,209564.0,45120.0,109892.0,4.0,28.0,4048.0,960.0,0.0,0.0,9791.0,10021.0,5559.0,1832.0,223445.0,80958.0,675742.0,51683.0,312.0,628.0,,,86044.0,21100.0,525740.0,64809.0,0.0,0.0,31345.0,31682.0,1660684.0,312161.0,30.0,97.0,169.0,533.0,0.0,0.0,0.0,0.0,,
348,Hungary,2010,303997.0,57700.0,1485.0,5486.0,157205.0,177579.0,0.0,0.0,12161.0,48558.0,37958.0,49547.0,9132.0,4539.0,7353868.0,14786.0,7304.0,69.0,145.0,2477.0,91.0,12231.0,43184.0,2542.0,8994.0,13840.0,44561.0,57841.0,151858.0,0.0,0.0,99571.0,305532.0,59186.0,129951.0,102.0,882.0,5712.0,987.0,91.0,79.0,11144.0,16731.0,4494.0,1330.0,236652.0,97139.0,706706.0,53793.0,216.0,684.0,,,89784.0,26006.0,625117.0,69066.0,43.0,105.0,38664.0,34574.0,2110818.0,436256.0,59.0,95.0,58.0,211.0,274.0,395.0,108.0,263.0,,
348,Hungary,2011,522532.0,140468.0,1225.0,5638.0,196019.0,269773.0,3.0,14.0,11606.0,55478.0,32194.0,43127.0,2676.0,1907.0,9158475.14,19425.0,10136.0,187.0,498.0,2308.0,103.0,8762.0,41858.0,2855.0,13172.0,12212.0,46226.0,81178.0,212105.0,0.0,0.0,89700.0,313759.0,62266.0,147596.0,48.0,696.0,4921.0,1397.0,17.0,27.0,8995.0,14937.0,4845.0,2476.0,314614.0,155551.0,643689.0,61155.0,308.0,981.0,,,64222.0,23458.0,536469.0,80239.0,2.0,17.0,36126.0,36639.0,1246456.0,369476.0,8.0,32.0,56.0,201.0,4.0,24.0,5.0,13.0,,
348,Hungary,2012,299476.0,87151.0,775.0,2967.0,136627.0,195987.0,0.0,0.0,11366.0,53402.0,41174.0,49014.0,659.0,1222.0,9563748.3,20771.0,9675.0,125.0,317.0,2432.0,97.0,9294.0,37700.0,2581.0,11301.0,12462.0,47187.0,74082.0,159739.0,0.0,0.0,58525.0,201207.0,77818.0,209225.0,36.0,505.0,5041.0,1828.0,42.0,61.0,12617.0,12745.0,6667.0,2115.0,326173.0,146395.0,649622.0,58059.0,203.0,721.0,,,66619.0,21190.0,783941.0,122451.0,22.0,104.0,39602.0,37469.0,1324686.0,384636.0,12.0,37.0,223.0,451.0,25.0,64.0,45.0,95.0,,
348,Hungary,2013,455252.0,117371.0,895.0,3981.0,101268.0,132538.0,0.0,0.0,12189.0,63488.0,70031.0,70792.0,2009.0,4826.0,9689166.48,23831.0,11931.0,153.0,310.0,3261.0,140.0,9682.0,35961.0,1704.0,7745.0,12840.0,45641.0,85341.0,192883.0,1.0,7.0,59283.0,208729.0,73206.0,189193.0,139.0,932.0,4587.0,1515.0,31.0,50.0,12634.0,11790.0,3142.0,1218.0,331749.0,178441.0,579146.0,50509.0,69.0,286.0,,,56344.0,24572.0,902640.0,139460.0,12.0,83.0,36015.0,35881.0,2412684.0,655046.0,3.0,15.0,78.0,354.0,70.0,168.0,29.0,42.0,,
348,Hungary,2014,468785.0,108624.0,1158.15,4662.0,80846.0,105014.0,,,12791.47,70344.0,72443.0,69483.0,4527.21,9632.0,9510936.35,23495.34,12036.0,213.93,411.0,1750.0,65.0,10070.01,46174.0,1787.9,7145.0,9824.12,30418.0,93706.02,214518.0,1.6,18.0,66328.77,249111.0,64184.32,162728.0,105.08,898.0,6555.8,2364.0,13.55,22.0,12904.17,13715.0,2862.47,1002.0,354187.22,181085.0,587593.0,50685.0,476.21,1836.0,,,30674.48,12516.0,703241.0,97353.0,70.53,240.0,34370.44,35287.0,2245158.4,562442.0,3.16,16.0,161.44,853.0,72.4,167.0,8.34,41.0,,
348,Hungary,2015,822998.5,142036.0,761.51,2274.0,139128.0,159725.0,,,15977.73,71676.0,76224.0,62740.0,7249.72,11518.0,8109264.03,25601.25,9387.0,211.2,343.0,1504.0,49.0,10948.5,41433.0,1718.6,5820.0,10734.57,29116.0,93260.31,182669.0,0.6,6.0,76509.02,214728.0,62776.45,128023.0,140.86,1027.0,10570.1,3634.0,62.62,80.0,15604.57,16181.0,2970.57,935.0,351446.14,117042.0,570050.0,40389.0,117.21,306.0,,,52077.5,11828.0,489495.0,47252.0,79.75,245.0,38362.79,31923.0,1785677.1,371137.0,3.45,12.0,122.35,411.0,989.0,938.0,43.0,143.0,,
348,Hungary,2016,640382.37,100314.0,1039.27,3092.0,167328.0,204233.0,,,19301.46,79611.0,80128.0,63332.0,8724.09,14449.0,8105163.01,24540.7,9203.0,265.57,357.0,1724.0,119.0,9227.1,33752.0,1692.07,6187.0,11873.6,29842.0,100179.87,186456.0,0.74,7.0,76900.01,224599.0,57953.05,130640.0,384.48,2277.0,9291.93,3868.0,221.49,323.0,16655.9,16741.0,4507.75,1339.0,291984.23,95730.0,553782.0,37594.0,69.36,217.0,,,32032.59,6149.0,425479.0,47105.0,63.87,365.0,44607.05,37276.0,2530263.06,440008.0,5.56,17.0,38.66,142.0,541.43,881.0,45.17,49.0,,
348,Hungary,2017,952284.14,149941.0,895.34,3548.0,109675.0,155858.0,,,21925.84,97740.0,95186.0,76844.0,7981.48,20774.0,9217816.42,25246.81,10382.0,292.53,327.0,2470.0,392.0,6962.75,30031.0,1975.52,8014.0,11365.43,34006.0,87599.39,156449.0,0.29,4.0,85691.91,262270.0,52954.41,131092.0,312.81,1813.0,4118.55,1137.0,373.2,444.0,16080.42,14491.0,10017.27,3193.0,312242.75,129061.0,578248.0,41699.0,237.07,640.0,,,28517.56,5897.0,391363.0,48179.0,43.37,334.0,41547.05,35543.0,3250478.85,597918.0,12.06,55.0,14.71,57.0,41.83,117.0,71.68,51.0,,
348,Hungary,2018,456747.64,86245.0,874.77,3886.0,134949.0,182301.0,,,24676.0,111210.0,102100.0,95997.0,8129.69,22968.0,9292833.78,26983.41,11936.0,345.62,263.0,4146.0,1997.0,8363.67,34369.0,2660.5,12615.0,11581.68,39609.0,88993.63,181891.0,,,68563.82,185443.0,59980.39,134111.0,449.06,2735.0,3030.85,1028.0,204.26,358.0,14456.23,15869.0,8660.53,2224.0,273181.7,113335.0,578858.0,49746.0,503.16,1025.0,,,32000.42,5270.0,401017.0,48616.0,46.69,314.0,40015.83,34930.0,2156619.22,445281.0,7.52,30.0,19.43,75.0,51.78,116.0,33.49,23.0,,
348,Hungary,2019,420266.11,76214.0,858.53,3803.0,160776.0,186120.0,,,27953.16,125149.0,117883.0,101405.0,8885.32,17351.0,9368929.94,28614.45,12244.0,231.79,149.0,1615.0,672.0,8563.66,35351.0,3498.18,14223.0,10464.3,32047.0,112248.68,206698.0,,,68084.91,187825.0,78341.2,190351.0,422.76,2509.0,4242.85,1234.0,293.14,463.0,13594.78,18851.0,9039.45,2498.0,262755.61,106103.0,591759.0,53880.0,192.13,440.0,,,9854.73,2040.0,505985.0,65287.0,138.49,439.0,29600.99,25797.0,2320082.24,484524.0,26.01,77.0,28.17,104.0,6.34,15.0,22.49,24.0,,
348,Hungary,2020,831604.93,140153.0,1651.94,8084.0,175731.0,183823.0,,,30386.59,135014.0,116879.0,106232.0,6614.11,13087.0,9895450.96,29368.74,12391.0,185.54,142.0,914.0,357.0,8585.25,36768.0,4097.37,15630.0,9343.11,26658.0,118542.09,200647.0,,,68786.58,185828.0,79093.75,193810.0,410.15,3018.0,5527.71,1768.0,617.18,790.0,14702.93,19236.0,9995.99,3200.0,271946.35,107524.0,483551.0,45806.0,1251.59,2780.0,,,15808.04,5872.0,460618.0,59283.0,247.72,637.0,23520.82,23423.0,2979320.18,599166.0,120.24,227.0,14.61,58.0,9.75,26.0,21.25,19.0,,
348,Hungary,2021,808262.21,173653.0,888.53,4257.0,175227.0,201382.0,,,34377.49,147293.0,124826.0,126103.0,11599.6,28170.0,11267942.69,29733.51,13357.0,273.68,214.0,1001.0,226.0,9898.18,51031.0,3438.27,14746.0,9507.5,33928.0,129309.91,262314.0,,,77703.95,201036.0,81591.59,191085.0,372.09,3183.0,4822.79,2143.0,870.76,1021.0,13335.12,17553.0,6619.68,2147.0,293840.27,124378.0,455340.0,51343.0,1847.52,5357.0,,,10842.99,3583.0,415961.0,47731.0,142.28,597.0,25595.56,26231.0,2482475.96,632357.0,16.45,64.0,64.2,269.0,28.47,79.0,6.5,11.0,,
348,Hungary,2022,529487.7,162280.0,800.28,4566.0,178534.0,223689.0,,,32510.92,160881.0,125450.0,119177.0,12782.69,43258.0,12398835.78,27625.72,15197.0,339.57,258.0,219.0,12.0,10453.63,61659.0,2212.81,13186.0,7959.54,33574.0,127472.92,316831.0,,,67277.94,193854.0,89478.62,223068.0,254.97,2322.0,5556.1,2864.0,819.07,1159.0,12414.86,17320.0,5206.54,2030.0,284449.8,158320.0,430262.0,47623.0,1245.3,4281.0,,,10333.87,6370.0,478076.0,58312.0,149.17,814.0,22428.96,23418.0,1963278.97,687022.0,30.56,147.0,21.16,111.0,184.63,320.0,6.72,11.0,,
348,Hungary,2023,1141569.74,251155.0,855.65,5034.0,171001.0,240450.0,,,30356.62,166975.0,129288.0,160424.0,14302.17,32412.0,13076242.65,19330.82,11873.0,390.65,404.0,227.0,37.0,9752.62,50277.0,1645.85,10350.0,6898.29,28262.0,150244.6,363293.0,,,53929.28,202286.0,93378.21,288091.0,202.38,2006.0,6965.14,4194.0,839.06,1443.0,13585.47,19583.0,3158.37,1827.0,298692.4,156480.0,440180.0,51963.0,4337.9,11044.0,,,8507.69,3781.0,543724.0,86253.0,97.28,600.0,22294.28,27264.0,2829778.41,775005.0,35.07,143.0,40.49,270.0,85.35,315.0,,,,
356,India,2000,1.0,1.0,0.0,0.0,0.0,1.0,,,58.0,158.0,1348.0,346.0,0.0,0.0,4949624.8,275.0,663.0,4539.0,6620.0,0.0,0.0,11344.0,12741.0,0.0,0.0,25536.0,29670.0,84.0,92.0,421.0,804.0,0.0,0.0,3.0,2.0,11482.0,16602.0,2.0,1.0,0.0,0.0,55686.0,16120.0,25361.0,2926.0,0.0,0.0,0.0,0.0,7665.0,13360.0,,,9.0,13.0,0.0,0.0,201.0,247.0,17247.0,7387.0,813492.0,92433.0,411.0,754.0,1321.0,2276.0,13.0,112.0,201.0,472.0,,
356,India,2001,2.0,1.0,0.0,0.0,0.0,1.0,,,143.0,417.0,1234.0,280.0,0.0,0.0,5233925.0,599.0,745.0,8924.0,11831.0,0.0,0.0,10486.0,15111.0,0.0,0.0,10304.0,11100.0,26.0,26.0,26.0,39.0,163.0,186.0,28.0,9.0,3468.0,6497.0,0.0,0.0,16.0,16.0,94518.0,24042.0,11531.0,1064.0,0.0,0.0,0.0,0.0,17628.0,29574.0,,,0.0,0.0,0.0,0.0,259.0,295.0,21019.0,9138.0,2649381.0,296215.0,357.0,640.0,3006.0,5477.0,47.0,163.0,151.0,476.0,,
356,India,2002,68.0,44.0,0.0,0.0,0.0,0.0,,,389.0,745.0,1666.0,426.0,13.0,38.0,5520796.9,392.0,414.0,12426.0,13608.0,1306.0,23.0,15128.0,13807.0,0.0,0.0,5734.0,4763.0,450.0,407.0,130.0,140.0,112.0,92.0,33.0,32.0,4843.0,8077.0,6.0,6.0,12.0,11.0,67730.0,20334.0,30066.0,2891.0,0.0,0.0,0.0,0.0,13083.0,17793.0,,,107.0,82.0,0.0,0.0,172.0,350.0,20057.0,10620.0,3671254.0,361917.0,307.0,823.0,612.0,909.0,14.0,59.0,167.0,549.0,,
356,India,2003,288.0,63.0,0.0,0.0,848.0,75.0,,,373.0,551.0,2045.0,493.0,5.0,3.0,6503169.0,112.0,130.0,6969.0,12675.0,302594.0,3008.0,42319.0,29912.0,0.0,0.0,24730.0,24229.0,4473.0,4422.0,280.0,455.0,30.0,39.0,6.0,10.0,16541.0,23256.0,779.0,320.0,64.0,13.0,34789.0,13627.0,72941.0,6670.0,0.0,0.0,5914.0,87.0,5700.0,10332.0,,,98.0,161.0,0.0,0.0,326.0,379.0,22931.0,11913.0,4093081.0,513620.0,396.0,973.0,671.0,1562.0,19.0,96.0,259.0,725.0,,
356,India,2004,4690.0,1629.0,0.0,0.0,576.0,70.0,,,200.0,452.0,1480.0,430.0,451.0,553.0,7057223.0,218.0,362.0,3248.0,13281.0,243336.0,3733.0,48582.0,37416.0,0.0,0.0,31110.0,35718.0,1404.0,1407.0,56.0,151.0,307.0,236.0,9.0,14.0,8829.0,17366.0,206.0,64.0,114.0,31.0,50975.0,15880.0,67159.0,7322.0,49.0,21.0,4123.0,50.0,30628.0,52514.0,,,31.0,53.0,182.0,60.0,453.0,395.0,25573.0,13649.0,2007947.0,322056.0,268.0,849.0,4527.0,11194.0,45.0,263.0,114.0,387.0,,
356,India,2005,195.0,82.0,0.0,0.0,349.0,8.0,,,956.0,2161.0,129.0,63.0,122.0,228.0,9017833.0,140.0,808.0,1500.0,2423.0,236562.0,4714.0,58744.0,42841.0,0.0,0.0,31251.0,34920.0,476.0,602.0,19.0,50.0,239.0,285.0,0.0,0.0,7159.0,18181.0,375.0,90.0,37.0,4.0,49860.0,19040.0,78378.0,9747.0,2215.0,1064.0,1748.0,71.0,47334.0,94915.0,,,17.0,11.0,2078.0,35.0,924.0,1205.0,16359.0,10708.0,746173.0,126463.0,408.0,989.0,14733.0,31410.0,70.0,327.0,187.0,547.0,,
356,India,2006,832.0,234.0,0.0,0.0,99.0,6.0,,,753.0,1990.0,301.0,399.0,160.0,222.0,11256389.76,213.0,343.0,61.0,141.0,328568.0,8134.0,49070.0,34726.0,0.0,0.0,20914.0,28241.0,438.0,537.0,572.0,1282.0,0.0,0.0,1550.0,1889.0,4910.0,12639.0,215.0,129.0,29.0,14.0,77719.0,42737.0,92184.0,13469.0,4728.0,2082.0,2914.0,64.0,29660.0,67756.0,,,20.0,47.0,11.0,0.0,348.0,460.0,15342.0,10992.0,46633.0,7805.0,250.0,456.0,3237.0,7652.0,14.0,47.0,147.0,492.0,,
356,India,2007,347836.0,99676.0,0.0,0.0,605.0,24.0,,,866.0,2844.0,202.0,410.0,113.0,280.0,16706503.0,1505.0,3724.0,351.0,652.0,310274.0,9229.0,67259.0,66095.0,0.0,0.0,2496.0,3808.0,576.0,819.0,152.0,406.0,0.0,0.0,421.0,1559.0,7833.0,29132.0,128.0,38.0,96.0,31.0,65688.0,36573.0,81627.0,11021.0,7089.0,3791.0,861.0,35.0,38515.0,131305.0,,,203.0,492.0,1042.0,21.0,1091.0,714.0,15277.0,11545.0,237.0,58.0,241.0,819.0,2707.0,9413.0,39.0,250.0,58.0,208.0,,
356,India,2008,166825.0,49442.0,0.0,0.0,151.0,17.0,,,1569.0,5666.0,12.0,45.0,102.0,147.0,17307066.0,144.0,270.0,283.0,839.0,855049.0,12549.0,52409.0,52576.0,0.0,0.0,209.0,275.0,1000.0,1728.0,27.0,138.0,0.0,0.0,645.0,1642.0,37086.0,112540.0,2380.0,590.0,0.0,0.0,95484.0,57458.0,196390.0,29390.0,8138.0,4987.0,1944.0,37.0,30580.0,108432.0,,,114.0,240.0,2255.0,37.0,1440.0,1761.0,21761.0,16875.0,1121.0,337.0,469.0,1465.0,8349.0,32044.0,48.0,139.0,273.0,680.0,,
356,India,2009,51224.0,11752.0,0.0,0.0,147.0,13.0,,,1620.0,4879.0,17.0,46.0,94.0,90.0,15660521.0,0.0,0.0,523.0,791.0,450561.0,15624.0,44180.0,48751.0,0.0,0.0,16084.0,37133.0,839.0,935.0,7234.0,20598.0,0.0,0.0,505.0,570.0,45018.0,131795.0,18.0,4.0,12.0,15.0,124663.0,71368.0,96633.0,16401.0,5176.0,3120.0,513.0,12.0,18735.0,43625.0,,,138.0,172.0,2028.0,44.0,367.0,568.0,14421.0,10861.0,29.0,11.0,151.0,490.0,1401.0,5257.0,513.0,1026.0,486.0,977.0,,
356,India,2010,33138.0,8078.0,0.0,0.0,48.0,2.0,,,1740.0,5444.0,202.0,460.0,66.0,96.0,19974554.0,10.0,18.0,600.0,1070.0,415780.0,11377.0,34861.0,38790.0,0.0,0.0,1834.0,3878.0,2234.0,2948.0,40.0,159.0,0.0,0.0,538.0,697.0,14273.0,60172.0,12.0,2.0,21.0,13.0,129582.0,75751.0,173864.0,28624.0,3011.0,2006.0,563.0,13.0,18092.0,50814.0,,,459.0,375.0,3036.0,71.0,419.0,571.0,16148.0,13795.0,346.0,135.0,157.0,303.0,2561.0,9472.0,688.0,1565.0,677.0,1798.0,,
356,India,2011,44739.0,13251.0,0.0,0.0,109.0,4.0,,,1586.0,5993.0,123.0,341.0,34.0,132.0,30291315.8,44.0,107.0,443.0,914.0,273539.0,12121.0,33915.0,40761.0,0.0,0.0,359.0,1262.0,8767.0,14150.0,129.0,415.0,0.0,0.0,92.0,267.0,10615.0,53604.0,110.0,42.0,115.0,97.0,117867.0,79535.0,217949.0,37084.0,9118.0,4854.0,1828.0,97.0,3005.0,9152.0,,,316.0,423.0,4945.0,120.0,871.0,1021.0,24330.0,20687.0,499901.0,145447.0,124.0,344.0,640.0,1987.0,390.0,1132.0,1991.0,8584.0,,
356,India,2012,117353.0,35814.0,0.0,0.0,39.0,3.0,,,2427.0,10286.0,6.0,28.0,92.0,231.0,38165255.0,70.0,140.0,1693.0,3080.0,147373.0,5536.0,36164.0,49528.0,0.0,0.0,433.0,1908.0,4015.0,5882.0,6.0,36.0,0.0,0.0,116.0,269.0,11991.0,59452.0,1264.0,446.0,734.0,431.0,120570.0,85168.0,115712.0,18942.0,9544.0,5791.0,383.0,24.0,34431.0,100729.0,,,200.0,265.0,1421.0,41.0,1533.0,1074.0,22216.0,16933.0,4584967.0,1350104.0,83.0,203.0,43.0,141.0,94.0,150.0,1800.0,7156.0,,
356,India,2013,546252.0,151966.0,0.0,0.0,7.0,0.0,,,2455.0,10457.0,309.0,833.0,25.0,65.0,42489242.0,45.0,98.0,1304.0,2404.0,262640.0,10403.0,23966.0,33050.0,0.0,0.0,80.0,266.0,5419.0,7579.0,13.0,81.0,0.0,0.0,70.0,87.0,21418.0,121445.0,53.0,37.0,606.0,1067.0,99052.0,84098.0,165855.0,34490.0,5105.0,4245.0,252.0,13.0,145395.0,484656.0,,,99.0,194.0,2481.0,114.0,514.0,1177.0,28416.0,28636.0,6503635.0,1911966.0,228.0,640.0,6451.0,26900.0,28.0,127.0,1936.0,7343.0,,
356,India,2014,503701.08,130383.0,,,,,,,3618.5,14658.0,154.0,321.0,,,36178496.62,11.44,42.0,1804.82,3127.0,233296.0,10824.0,26226.71,34870.0,,,168.74,182.0,8223.67,11032.0,7.98,51.0,14.14,32.0,52.87,126.0,22799.14,131592.0,75.59,41.0,406.47,463.0,103531.99,89089.0,300116.69,109637.0,16784.2,9735.0,90.0,8.0,60539.21,217064.0,,,911.68,548.0,3626.0,246.0,290.05,1819.0,29563.76,31897.0,3950910.38,1109934.0,855.46,2635.0,3681.65,15111.0,2.28,1.0,2447.7,8802.0,70.89,210.0
356,India,2015,84332.47,19870.0,,,2.0,0.0,,,3503.47,14432.0,81.0,213.0,,,28656243.83,1.97,8.0,1541.24,3511.0,230863.0,9262.0,34437.7,40212.0,,,182.5,342.0,7572.72,12402.0,14.23,56.0,,,2.28,3.0,21595.82,128229.0,144.38,75.0,320.13,501.0,114083.9,101950.0,207853.13,54484.0,4742.38,3693.0,38.0,2.0,17157.6,48921.0,,,383.92,295.0,1642.0,99.0,175.72,873.0,20890.66,24376.0,602899.72,155883.0,233.91,839.0,1100.56,4666.0,41.64,287.0,2985.87,11804.0,22.78,71.0
356,India,2016,1660.8,616.0,,,,,,,4829.53,19918.0,11.0,56.0,,,26489228.2,19.27,88.0,1693.2,2910.0,496054.0,25017.0,26348.43,37534.0,,,19.6,63.0,3850.49,6207.0,1.53,14.0,,,12.07,31.0,21289.19,125331.0,321.5,129.0,487.27,742.0,138919.99,111072.0,220223.12,60276.0,4498.5,3085.0,213749.0,11121.0,18550.37,50856.0,,,162.26,239.0,2692.0,165.0,124.23,947.0,19235.56,24593.0,198965.28,49912.0,902.26,3597.0,1015.31,2175.0,35.49,117.0,3185.95,13270.0,18.75,23.0
356,India,2017,808.3,380.0,,,,,,,4798.92,20686.0,50.0,150.0,,,30423043.15,94.81,283.0,1049.33,2108.0,425438.0,22667.0,26947.35,39604.0,,,10.46,58.0,3645.87,4038.0,0.11,1.0,1.26,10.0,523.99,1274.0,22888.79,134926.0,476.63,158.0,517.86,920.0,153043.99,120509.0,339480.94,59922.0,7058.08,6011.0,45161.0,3083.0,9489.78,28978.0,,,1279.85,1003.0,11773.0,719.0,445.72,1835.0,25644.8,28048.0,201956.14,55218.0,1062.29,4573.0,2136.49,7773.0,41.63,168.0,2575.62,10701.0,34.92,61.0
356,India,2018,5273.56,1550.0,,,170.0,132.0,,,4702.1,19639.0,237.0,733.0,,,30740433.97,100.95,377.0,1943.56,4736.0,509024.0,27379.0,30548.8,44696.0,,,13.68,34.0,6724.29,8276.0,1.04,4.0,15.07,60.0,760.62,1703.0,18801.2,113884.0,89.23,54.0,681.5,1285.0,148730.8,120084.0,336714.02,57554.0,6436.36,5638.0,32885.0,1457.0,42582.13,80638.0,,,2722.9,2292.0,4989.0,299.0,519.11,1962.0,21027.45,27186.0,168314.88,46545.0,304.3,737.0,2617.63,10983.0,233.15,529.0,3370.4,14453.0,70.82,187.0
356,India,2019,1860.91,684.0,,,,,,,4780.71,20354.0,81.0,276.0,,,29298936.85,52.9,172.0,1019.77,1982.0,320472.0,14679.0,28727.14,40785.0,,,6.5,16.0,5118.44,6212.0,0.25,1.0,0.3,1.0,723.32,1712.0,15660.37,100861.0,215.39,88.0,889.5,1331.0,128524.8,111120.0,417401.93,76596.0,13091.5,9860.0,32152.0,1381.0,8441.78,17265.0,,,666.87,543.0,322.0,18.0,464.65,5873.0,27197.91,33390.0,190058.07,54009.0,218.48,369.0,2680.59,11764.0,79.38,137.0,1890.52,8156.0,90.02,229.0
356,India,2020,2090.4,860.0,,,,,,,5865.1,25954.0,158.0,224.0,,,32083329.36,28.75,134.0,1543.09,3131.0,142524.0,4026.0,15965.56,24426.0,,,15.04,18.0,3105.27,4335.0,,,0.06,0.0,541.62,1342.0,7639.93,48391.0,200.65,69.0,1234.55,2101.0,110382.15,92316.0,296409.41,71637.0,10678.87,8226.0,27066.0,925.0,5040.28,13316.0,,,162.0,247.0,,,374.37,6248.0,40576.57,45089.0,928683.78,243067.0,190.9,784.0,2313.01,11062.0,130.44,107.0,807.32,3670.0,63.21,201.0
356,India,2021,2166.01,891.0,,,,,,,5699.59,24556.0,719.0,643.0,,,41584228.41,27.44,155.0,1246.7,2452.0,217681.0,9479.0,17426.33,28954.0,,,69.48,176.0,3371.71,5292.0,38.53,135.0,10.65,37.0,1932.19,5880.0,8213.68,56417.0,80.22,103.0,1760.14,2576.0,142029.46,95659.0,350036.17,70923.0,11343.06,9223.0,9895.0,509.0,44854.78,123389.0,,,139.57,149.0,100.0,7.0,589.69,7716.0,32225.79,38672.0,6090607.37,1723431.0,294.44,766.0,1438.53,6459.0,66.68,77.0,1056.06,4661.0,31.41,104.0
356,India,2022,2087.69,1148.0,,,,,,,7054.69,31032.0,792.0,563.0,,,45287795.74,37.08,187.0,2436.6,5044.0,76994.0,3624.0,34027.74,51792.0,,,113.54,235.0,4751.51,9538.0,183.5,309.0,13.38,46.0,1212.72,3702.0,9191.44,64713.0,347.24,189.0,1196.37,2020.0,115284.52,83450.0,441905.73,95582.0,13921.19,10870.0,994.0,36.0,28196.19,98619.0,,,152.13,105.0,,,590.74,6853.0,28375.52,39671.0,6798598.3,2130739.0,113.31,375.0,1875.75,8602.0,134.41,393.0,1391.61,6846.0,115.12,386.0
356,India,2023,7072.13,2767.0,,,556.0,312.0,,,7461.43,38189.0,984.0,805.0,,,42238702.33,151.16,761.0,2600.92,6084.0,128769.0,6883.0,74711.39,96415.0,,,136.93,431.0,4685.91,7847.0,358.8,744.0,,,,,9960.73,71978.0,361.29,326.0,1594.72,2837.0,106469.55,89436.0,516993.45,103087.0,15652.61,12690.0,11356.0,514.0,1477.94,5973.0,,,311.72,229.0,,,608.84,2962.0,45255.64,56552.0,157566.49,48234.0,112.09,412.0,1895.79,9283.0,114.73,484.0,855.38,4434.0,54.73,207.0
372,Ireland,2000,125418.0,16853.0,118761.0,322860.0,329295.0,130651.0,3.0,9.0,77671.0,229291.0,1239.0,2428.0,2522.0,4656.0,6874926.79,1876.0,4007.0,0.0,2.0,0.0,0.0,611.0,627.0,301161.0,685481.0,76884.0,195330.0,17855.0,23303.0,0.0,0.0,51311.0,106720.0,30820.0,51132.0,52630.0,151857.0,12432.0,1484.0,5154.0,3972.0,36.0,58.0,3568.0,1091.0,94639.0,31956.0,272423.0,15727.0,123151.0,225060.0,,,20401.0,4597.0,400221.0,32002.0,1.0,8.0,1126.0,979.0,40848.0,5103.0,66.0,55.0,48346.0,100167.0,466.0,578.0,26.0,50.0,,
372,Ireland,2001,167987.0,19822.0,113592.0,293852.0,64056.0,31330.0,45.0,118.0,104943.0,311302.0,443.0,1129.0,3444.0,6208.0,5796172.69,1337.0,2366.0,4.0,8.0,0.0,0.0,1128.0,2274.0,158734.0,474095.0,49692.0,115207.0,22654.0,30742.0,1.0,1.0,55195.0,109956.0,39206.0,76342.0,67644.0,237369.0,4353.0,530.0,3093.0,3584.0,128.0,168.0,5187.0,1816.0,72666.0,25232.0,61245.0,4139.0,43834.0,94679.0,,,15000.0,3014.0,123677.0,10693.0,0.0,0.0,872.0,731.0,34571.0,4954.0,42.0,67.0,39972.0,90762.0,351.0,447.0,7.0,60.0,,
372,Ireland,2002,47419.0,6051.0,99241.0,285760.0,75917.0,37242.0,35.0,132.0,101071.0,293258.0,331.0,701.0,2342.0,4678.0,6129146.76,2006.0,3941.0,4.0,10.0,610.0,245.0,2380.0,4178.0,232689.0,665347.0,60590.0,152545.0,21737.0,25716.0,39.0,56.0,45277.0,89997.0,37055.0,70905.0,46529.0,154935.0,8324.0,1116.0,3747.0,3959.0,171.0,199.0,3714.0,1416.0,61770.0,23994.0,34025.0,2115.0,34114.0,57414.0,,,24091.0,4442.0,362220.0,33916.0,0.0,0.0,823.0,852.0,25413.0,4628.0,59.0,78.0,32801.0,69885.0,328.0,502.0,171.0,310.0,,
372,Ireland,2003,14471.0,2504.0,124203.0,396186.0,108851.0,59035.0,57.0,210.0,89965.0,301799.0,143.0,308.0,2439.0,5318.0,7511176.58,1835.0,4200.0,0.0,1.0,50.0,23.0,2425.0,4432.0,260529.0,906061.0,59387.0,170419.0,20773.0,29512.0,0.0,0.0,41528.0,102399.0,30781.0,71709.0,44186.0,179000.0,4574.0,615.0,3662.0,4400.0,116.0,168.0,16965.0,7524.0,38453.0,19440.0,56445.0,4838.0,46821.0,97041.0,,,57440.0,11320.0,317191.0,38940.0,8.0,2.0,815.0,918.0,116699.0,17344.0,59.0,70.0,44133.0,100943.0,227.0,377.0,4.0,6.0,,
372,Ireland,2004,14958.0,3194.0,131589.0,446126.0,65071.0,49518.0,5.0,18.0,99650.0,388937.0,447.0,644.0,2411.0,7158.0,9238252.0,2465.0,6135.0,19.0,49.0,0.0,0.0,2273.0,3908.0,228508.0,1058720.0,52938.0,198478.0,16439.0,31336.0,0.0,0.0,46998.0,131307.0,24927.0,80535.0,49550.0,216257.0,9363.0,1654.0,4859.0,6854.0,492.0,564.0,15366.0,5963.0,58678.0,30518.0,75407.0,9376.0,40304.0,100841.0,,,56220.0,14600.0,393827.0,68046.0,0.0,0.0,612.0,936.0,56163.0,9793.0,433.0,577.0,45478.0,122854.0,5.0,13.0,6.0,19.0,,
372,Ireland,2005,31193.0,5967.0,116814.0,403909.0,91641.0,72103.0,1.0,6.0,108081.0,419501.0,50.0,134.0,6609.0,20383.0,9955612.0,5028.0,13511.0,83.0,587.0,2.0,1.0,5359.0,4390.0,240940.0,1219606.0,58491.0,215019.0,14225.0,30630.0,4.0,9.0,55201.0,157091.0,30932.0,104985.0,53519.0,235890.0,3897.0,1023.0,5440.0,8815.0,212.0,351.0,2396.0,1846.0,62400.0,36340.0,75469.0,9937.0,36626.0,92423.0,,,32311.0,11531.0,465791.0,66458.0,0.0,0.0,786.0,967.0,152912.0,25224.0,457.0,431.0,59868.0,149100.0,6.0,11.0,0.0,0.0,,
372,Ireland,2006,13611.0,2513.0,133083.0,412637.0,107291.0,100128.0,0.0,0.0,124850.0,475243.0,37.0,72.0,2066.0,6949.0,11407511.48,2327.0,5367.0,142.0,659.0,0.0,0.0,3238.0,5043.0,261420.0,1406405.0,63914.0,257829.0,16285.0,31774.0,3.0,7.0,50501.0,149675.0,26962.0,73640.0,52162.0,236484.0,7234.0,1259.0,5723.0,12552.0,239.0,347.0,2489.0,2486.0,96454.0,37023.0,144638.0,15195.0,47437.0,128311.0,,,23686.0,6255.0,497920.0,62811.0,0.0,0.0,897.0,1373.0,19651.0,4812.0,446.0,513.0,80431.0,189441.0,1.0,2.0,0.0,1.0,,
372,Ireland,2007,22818.0,6321.0,143256.0,575097.0,154417.0,126829.0,0.0,0.0,123038.0,549518.0,1111.0,2757.0,2034.0,8722.0,11511108.96,3181.0,9305.0,30.0,126.0,1.0,0.0,1412.0,2181.0,296987.0,1545220.0,66385.0,276476.0,18758.0,47525.0,258.0,345.0,49699.0,139305.0,32299.0,100807.0,47279.0,241481.0,6151.0,1555.0,6621.0,13596.0,321.0,622.0,2797.0,3701.0,135385.0,62785.0,68003.0,7385.0,68938.0,277375.0,,,48970.0,16557.0,551549.0,81523.0,0.0,0.0,588.0,1392.0,30957.0,8426.0,498.0,642.0,58658.0,211202.0,41.0,108.0,0.0,0.0,,
372,Ireland,2008,43446.0,13164.0,123785.0,523280.0,129876.0,124043.0,0.0,0.0,154008.0,833916.0,3027.0,4321.0,1041.0,4145.0,11570430.14,1476.0,7064.0,30.0,147.0,0.0,0.0,2384.0,4538.0,245515.0,1698182.0,58856.0,303336.0,16910.0,44583.0,50.0,100.0,46234.0,144679.0,31574.0,86010.0,42643.0,237267.0,6919.0,1953.0,5522.0,11663.0,248.0,733.0,2545.0,3389.0,148203.0,74343.0,67408.0,7840.0,37656.0,148594.0,,,14425.0,7057.0,88611.0,13487.0,1.0,2.0,416.0,1243.0,56875.0,19587.0,419.0,636.0,56950.0,241231.0,46.0,215.0,0.0,0.0,,
372,Ireland,2009,38774.0,7543.0,120044.0,388464.0,188723.0,166581.0,0.0,0.0,158875.0,624317.0,8288.0,6453.0,2362.0,6996.0,9680705.61,4204.0,9015.0,22.0,88.0,150.0,31.0,4540.0,6638.0,242086.0,1491774.0,57671.0,252198.0,22291.0,44450.0,31.0,106.0,48486.0,129475.0,33228.0,69776.0,40675.0,221832.0,2592.0,516.0,4588.0,6103.0,180.0,492.0,2477.0,2424.0,176158.0,59550.0,91755.0,11146.0,35258.0,89261.0,,,19091.0,5500.0,96856.0,11779.0,0.0,0.0,708.0,1376.0,38004.0,8030.0,1109.0,1324.0,45959.0,131641.0,5.0,25.0,0.0,1.0,,
372,Ireland,2010,23465.0,4980.0,134402.0,558211.0,271663.0,192881.0,1.0,11.0,162802.0,660726.0,26028.0,17622.0,2678.0,9086.0,10119869.0,11442.0,18671.0,24.0,86.0,0.0,0.0,2217.0,3894.0,263884.0,1501262.0,55282.0,232925.0,38824.0,66076.0,162.0,2070.0,63695.0,170537.0,38738.0,78114.0,34942.0,212620.0,19170.0,11619.0,3678.0,5439.0,201.0,531.0,9137.0,3489.0,127785.0,58077.0,37090.0,5192.0,51482.0,152215.0,,,28713.0,8930.0,107825.0,17536.0,0.0,0.0,472.0,801.0,50614.0,10602.0,1275.0,1694.0,53247.0,179683.0,6.0,28.0,0.0,0.0,,
372,Ireland,2011,90176.0,26993.0,163781.0,807011.0,184630.0,180423.0,11.0,113.0,166511.0,781748.0,35812.0,22397.0,2435.0,12718.0,11796669.0,10479.0,21161.0,25.0,128.0,0.0,0.0,2586.0,4000.0,285796.0,1855894.0,51277.0,255157.0,53406.0,80779.0,0.0,0.0,76010.0,225577.0,45311.0,106199.0,38634.0,265229.0,60575.0,17920.0,7863.0,6957.0,100.0,330.0,21929.0,8033.0,135899.0,67485.0,18711.0,3153.0,60849.0,206717.0,,,48084.0,15380.0,85938.0,17405.0,16.0,53.0,505.0,876.0,120118.0,35168.0,1420.0,2151.0,67326.0,268498.0,2.0,14.0,0.0,0.0,,
372,Ireland,2012,69465.0,23051.0,142765.0,552129.0,130578.0,161982.0,0.0,0.0,183999.0,822409.0,33600.0,15206.0,2698.0,9179.0,11322154.0,6638.0,18461.0,35.0,170.0,0.0,0.0,3006.0,6510.0,239597.0,1702954.0,45994.0,232964.0,44601.0,80078.0,0.0,0.0,57948.0,186062.0,74242.0,195201.0,43498.0,272266.0,44099.0,12559.0,8268.0,6966.0,62.0,202.0,3493.0,1351.0,125882.0,62962.0,30528.0,4951.0,46679.0,130943.0,,,42576.0,14149.0,66043.0,7878.0,3.0,12.0,836.0,1244.0,50881.0,15359.0,1448.0,1785.0,39661.0,140564.0,463.0,722.0,0.0,0.0,,
372,Ireland,2013,34570.0,10717.0,156437.0,738907.0,192352.0,156314.0,0.0,0.0,179903.0,845601.0,20271.0,10814.0,3575.0,12055.0,12591403.0,7410.0,25996.0,41.0,168.0,130.0,20.0,3932.0,10720.0,235442.0,1732009.0,47479.0,249844.0,26045.0,55470.0,0.0,0.0,63478.0,220514.0,65370.0,201166.0,42595.0,287644.0,21320.0,6942.0,5986.0,7089.0,236.0,478.0,4663.0,2023.0,188506.0,101392.0,54197.0,9871.0,42475.0,138763.0,,,34315.0,16461.0,468232.0,70747.0,16.0,52.0,667.0,1224.0,46646.0,15698.0,1633.0,3771.0,37531.0,177980.0,170.0,336.0,10.0,8.0,,
372,Ireland,2014,34532.8,8407.0,145281.0,666190.0,205866.0,167563.0,,,176628.2,878779.0,31017.0,12465.0,5178.6,15297.0,13493114.13,7214.9,22196.0,50.5,204.0,114.0,18.0,5946.07,20756.0,249338.6,1740407.0,58786.35,293924.0,33967.54,71436.0,14.1,77.0,65964.05,235804.0,82227.3,236873.0,39418.4,262711.0,29109.1,7068.0,6662.59,9923.0,400.31,966.0,12617.9,2669.0,66080.9,40245.0,37646.0,5955.0,49884.2,205748.0,,,69435.6,22635.0,532435.0,93928.0,0.75,24.0,887.3,1683.0,16129.4,4271.0,1556.62,2657.0,31911.34,139062.0,672.7,1425.0,1.1,1.0,,
372,Ireland,2015,73328.1,15088.0,179421.71,616041.0,148454.0,99553.0,,,188252.15,675037.0,33416.0,12180.0,7645.63,14965.0,12000176.17,7157.4,15247.0,48.9,166.0,100.0,13.0,5822.4,17665.0,237838.21,1553887.0,54280.93,234644.0,46556.81,72959.0,24.5,89.0,66252.92,177196.0,103157.4,245791.0,42442.34,258241.0,81416.7,18133.0,6990.64,9036.0,351.9,883.0,3237.5,2213.0,31962.6,22892.0,15036.0,2087.0,62637.76,138243.0,,,80473.0,15218.0,568290.0,74750.0,0.0,0.0,652.71,1572.0,23752.2,5431.0,1327.65,1811.0,33195.44,90380.0,990.2,3450.0,,,,
372,Ireland,2016,29603.86,5810.0,187417.71,610323.0,123727.0,75105.0,,,207383.6,671541.0,32923.0,11759.0,9253.59,19045.0,12384785.06,5841.47,11165.0,40.72,159.0,100.0,33.0,6077.07,12590.0,309499.78,1791515.0,47729.06,192519.0,46013.52,66900.0,21.65,34.0,63190.64,171276.0,120356.57,315065.0,48552.68,294590.0,31944.5,8116.0,7266.34,9515.0,251.2,716.0,19981.02,2405.0,18171.62,16333.0,15657.0,2222.0,68303.22,135796.0,,,41529.43,12054.0,466088.0,61740.0,0.21,5.0,775.72,1681.0,11638.87,2503.0,1399.21,1703.0,53115.85,128216.0,267.3,900.0,,,,
372,Ireland,2017,28523.68,5696.0,200899.33,1018985.0,150293.0,96265.0,,,215317.83,823062.0,37847.0,12208.0,8724.72,33227.0,14001158.6,3011.67,7550.0,130.7,507.0,167.0,22.0,5359.24,14252.0,310843.16,1934630.0,50777.46,212364.0,63800.74,73870.0,198.73,651.0,63336.0,183403.0,128879.36,320516.0,55546.2,336798.0,28008.66,8664.0,11674.0,12267.0,377.39,1220.0,2899.52,1989.0,37717.52,28321.0,20834.0,3042.0,90618.19,202273.0,,,76514.92,15908.0,1476820.0,73802.0,0.36,9.0,870.35,1890.0,13684.27,3265.0,817.44,1619.0,70958.65,216079.0,406.35,1870.0,,,0.01,0.0
372,Ireland,2018,14832.9,3483.0,220803.1,1298177.0,188065.0,114435.0,,,212985.09,864862.0,46109.0,14478.0,15877.14,77005.0,14458259.71,2044.71,3700.0,180.21,709.0,86.0,12.0,5714.24,13312.0,313874.85,2061596.0,43862.62,197237.0,57912.01,84847.0,149.69,899.0,55609.77,146562.0,131242.78,354854.0,53080.15,358763.0,14711.76,5420.0,14760.32,15891.0,301.8,1243.0,1679.09,1941.0,32220.83,26724.0,15958.0,2213.0,125612.48,242243.0,,,97750.14,22168.0,489525.0,72321.0,1.02,27.0,1317.83,2850.0,20135.31,4828.0,1842.26,3159.0,59971.16,184875.0,81.85,2031.0,,,,
372,Ireland,2019,52846.22,7334.0,258903.46,1212422.0,235891.0,124506.0,,,291636.73,1061333.0,15032.0,7908.0,14738.35,50852.0,14378826.35,1217.11,3775.0,144.68,691.0,34.0,11.0,7432.49,15689.0,321820.97,1861833.0,38933.23,158945.0,73557.91,97035.0,471.38,1658.0,46642.45,137015.0,125345.38,354112.0,53714.31,335395.0,22387.01,6114.0,9898.55,13289.0,350.55,1287.0,5359.86,4346.0,30433.21,24388.0,5332.0,1295.0,167688.38,378769.0,,,37050.05,9062.0,419108.0,72237.0,0.79,20.0,1778.36,3302.0,26241.1,6056.0,5229.01,14241.0,56933.92,174046.0,62.4,1617.0,,,,
372,Ireland,2020,33743.11,8875.0,292885.07,1125066.0,291362.0,124611.0,,,271983.27,1091329.0,3343.0,3828.0,16653.95,55408.0,14428616.8,938.25,3159.0,47.84,296.0,,,8275.93,19313.0,325729.37,1972866.0,34370.33,140188.0,79975.91,102127.0,48.21,224.0,50880.08,172165.0,130006.55,367347.0,56644.27,389911.0,12528.12,4266.0,8699.11,14362.0,289.08,974.0,4669.53,4277.0,144609.23,63819.0,18605.0,3091.0,157308.3,412986.0,,,14904.76,6099.0,100718.0,19378.0,2.61,68.0,2077.58,3706.0,29714.01,7280.0,999.16,2103.0,74473.57,226654.0,113.6,1446.0,0.48,6.0,,
372,Ireland,2021,28109.98,8279.0,277581.07,1259379.0,213410.0,141461.0,,,264765.36,1218459.0,6290.0,4517.0,27696.01,104546.0,15833269.77,1026.58,3182.0,36.97,251.0,140.0,16.0,9911.0,41248.0,329536.0,2275339.0,16330.98,74470.0,56029.89,88982.0,0.01,0.0,41258.6,126597.0,140832.55,391214.0,50127.01,434117.0,4623.94,1955.0,9071.82,14220.0,473.98,1353.0,4499.08,4101.0,150538.03,82245.0,9641.0,1822.0,152556.16,457785.0,,,42051.0,10668.0,598917.0,83827.0,3.72,107.0,2182.57,4027.0,49947.58,15920.0,195.84,1155.0,56585.59,200063.0,42.55,1362.0,0.07,1.0,0.09,1.0
372,Ireland,2022,33193.91,10175.0,233702.05,1729277.0,319490.0,168302.0,,,249594.5,1326090.0,5803.0,3803.0,31286.06,147581.0,17440957.89,1505.94,9680.0,61.43,290.0,,,10151.5,42686.0,340660.45,2505371.0,14599.7,76223.0,75643.38,88401.0,2.61,6.0,47817.67,136540.0,134135.64,346867.0,56007.15,450146.0,30148.99,8926.0,12475.41,20196.0,683.24,1911.0,28510.6,12400.0,165349.93,96805.0,21282.0,4433.0,171206.31,649146.0,,,57174.44,27962.0,540689.0,76841.0,4.17,100.0,2159.28,4203.0,26696.95,9551.0,321.25,1202.0,48020.58,220760.0,2.91,82.0,2.9,3.0,0.0,0.0
372,Ireland,2023,22857.46,7397.0,242820.92,1404066.0,310128.0,182162.0,,,279705.86,1397642.0,5609.0,4757.0,28005.82,122488.0,17399851.59,4379.83,22698.0,69.44,442.0,5.0,1.0,9942.7,39805.0,340685.49,2550006.0,23616.25,108777.0,44476.22,80468.0,,,33396.51,108494.0,101457.66,288353.0,52781.3,422821.0,38019.01,10968.0,11687.96,21907.0,653.47,2447.0,4885.7,5294.0,126485.79,74147.0,23241.0,4806.0,210807.37,603116.0,,,40596.91,17234.0,401914.0,100138.0,4.99,116.0,2534.69,4777.0,30878.8,10025.0,255.96,1150.0,61767.19,224415.0,71.46,95.0,0.31,4.0,,
380,Italy,2000,2977.0,576.0,12337.0,32945.0,68171.0,22370.0,26586.0,117865.0,137752.0,661688.0,6929.0,1913.0,1065.0,2060.0,15480066.98,11625.0,1960.0,3644.0,2973.0,0.0,0.0,1168.0,1075.0,57454.0,122959.0,40940.0,83372.0,28874.0,44686.0,81.0,583.0,28594.0,50911.0,21585.0,35186.0,2465.0,6713.0,173.0,33.0,17.0,8.0,151718.0,106888.0,269319.0,70810.0,11797.0,6804.0,8454.0,381.0,313.0,853.0,,,264.0,156.0,9471.0,1234.0,1032.0,674.0,16674.0,23707.0,185944.0,35060.0,146.0,416.0,1911.0,1863.0,1607.0,2526.0,3206.0,5633.0,,
380,Italy,2001,2992.0,584.0,11390.0,28217.0,19428.0,5493.0,24405.0,123879.0,146904.0,724722.0,9586.0,4331.0,1911.0,3079.0,15533268.73,10429.0,2282.0,7724.0,5374.0,2000.0,8.0,5548.0,5111.0,58724.0,116147.0,13031.0,22452.0,44420.0,65489.0,48.0,348.0,16338.0,40151.0,21761.0,40929.0,1948.0,6185.0,430.0,127.0,81.0,34.0,172604.0,123853.0,293682.0,108263.0,2026.0,994.0,7881.0,397.0,608.0,1149.0,,,699.0,430.0,2380.0,481.0,145.0,247.0,16581.0,25753.0,163986.0,32360.0,377.0,909.0,644.0,1204.0,1487.0,3597.0,3809.0,6066.0,,
380,Italy,2002,4476.0,845.0,9604.0,25083.0,36903.0,9766.0,21264.0,118833.0,165303.0,788364.0,12942.0,3849.0,1196.0,2108.0,17262375.78,15169.0,3959.0,6855.0,4780.0,0.0,0.0,8962.0,8355.0,69284.0,141321.0,19825.0,34930.0,55322.0,78734.0,9.0,52.0,19372.0,38491.0,22176.0,38014.0,984.0,3195.0,737.0,141.0,31.0,23.0,170855.0,136041.0,312151.0,81889.0,3832.0,1835.0,12007.0,706.0,612.0,1400.0,,,552.0,343.0,6705.0,1072.0,116.0,287.0,17513.0,29796.0,214046.0,37052.0,557.0,1478.0,530.0,938.0,3000.0,7231.0,3237.0,6185.0,,
380,Italy,2003,2622.0,640.0,9992.0,30382.0,35254.0,13704.0,22999.0,134201.0,170650.0,1067325.0,12947.0,4538.0,3932.0,6762.0,20432992.72,10583.0,4106.0,7748.0,6714.0,0.0,0.0,22397.0,29403.0,77746.0,177535.0,30239.0,60207.0,52030.0,91013.0,8.0,63.0,23171.0,47748.0,24340.0,44384.0,653.0,3117.0,189.0,43.0,38.0,40.0,163280.0,186768.0,197608.0,76405.0,4979.0,2818.0,15414.0,1093.0,8181.0,14801.0,,,1599.0,1579.0,16006.0,1537.0,34.0,94.0,15804.0,33132.0,208412.0,47114.0,484.0,1516.0,657.0,1191.0,1135.0,2948.0,3230.0,6444.0,,
380,Italy,2004,2026.0,532.0,18392.0,57788.0,66022.0,19692.0,22007.0,131146.0,186748.0,1253580.0,9232.0,4303.0,4383.0,9514.0,24173715.34,11765.0,4456.0,11062.0,10449.0,0.0,0.0,8011.0,10236.0,93735.0,266285.0,34604.0,79826.0,57350.0,104421.0,1.0,6.0,38604.0,78160.0,28973.0,55890.0,977.0,5725.0,80.0,16.0,92.0,107.0,164604.0,162846.0,183349.0,76362.0,5253.0,4063.0,44902.0,3268.0,981.0,3243.0,,,1497.0,1338.0,16764.0,1826.0,72.0,124.0,13759.0,37737.0,196637.0,47786.0,435.0,1524.0,770.0,1786.0,1965.0,7911.0,3373.0,8514.0,,
380,Italy,2005,1466.0,383.0,18588.0,57399.0,44903.0,14382.0,22668.0,130445.0,198546.0,1290349.0,11202.0,5096.0,4717.0,8543.0,25007801.1,19797.0,7738.0,7759.0,6519.0,0.0,0.0,8854.0,12604.0,66924.0,258186.0,36811.0,97228.0,62593.0,120513.0,16.0,115.0,33464.0,74050.0,24909.0,51635.0,1223.0,8185.0,2308.0,572.0,271.0,302.0,142375.0,189680.0,185814.0,66606.0,7175.0,5039.0,61500.0,4449.0,1581.0,2797.0,,,2996.0,2453.0,73456.0,11368.0,39.0,115.0,14179.0,38228.0,141644.0,30802.0,362.0,1414.0,1143.0,4065.0,1578.0,6179.0,3525.0,10013.0,,
380,Italy,2006,6305.0,1606.0,11666.0,35285.0,53545.0,20427.0,21303.0,136927.0,205048.0,1353874.0,10437.0,5725.0,5042.0,8506.0,27483797.43,35453.0,9038.0,6874.0,10169.0,0.0,0.0,10109.0,12423.0,68804.0,312397.0,39849.0,117222.0,63119.0,115954.0,8.0,76.0,28990.0,66151.0,23011.0,54505.0,1317.0,9134.0,9697.0,1930.0,184.0,205.0,165880.0,205423.0,187286.0,87381.0,6649.0,4506.0,64896.0,4321.0,4272.0,8346.0,,,1599.0,1738.0,31342.0,5505.0,174.0,452.0,17041.0,43828.0,83406.0,24198.0,442.0,1178.0,472.0,935.0,2435.0,6015.0,2159.0,6693.0,,
380,Italy,2007,13538.0,5302.0,13111.0,51076.0,50697.0,22736.0,20615.0,163074.0,216681.0,1618922.0,9299.0,5205.0,7165.0,13605.0,31166813.8,53983.0,26808.0,4046.0,11783.0,206.0,24.0,10496.0,16630.0,61089.0,324244.0,43342.0,139462.0,50708.0,126373.0,455.0,743.0,35661.0,75510.0,31918.0,67797.0,1361.0,10992.0,7462.0,2710.0,206.0,360.0,179561.0,234486.0,197041.0,101571.0,19482.0,13458.0,19797.0,1459.0,9079.0,20350.0,,,2720.0,3066.0,7439.0,1172.0,188.0,373.0,20291.0,52363.0,196917.0,95325.0,208.0,752.0,3117.0,5518.0,2738.0,8414.0,2648.0,10563.0,,
380,Italy,2008,21331.0,10398.0,8564.0,34711.0,35928.0,18050.0,18335.0,173266.0,212765.0,1866486.0,9644.0,6678.0,6421.0,12688.0,36657513.24,32423.0,12174.0,4268.0,11425.0,528.0,65.0,12802.0,27719.0,66812.0,381395.0,49157.0,178134.0,53514.0,157614.0,15.0,150.0,43126.0,109268.0,44649.0,105245.0,1399.0,11636.0,1802.0,1021.0,115.0,185.0,177024.0,268083.0,220109.0,121082.0,6797.0,7519.0,14238.0,1430.0,9083.0,27084.0,,,3234.0,4836.0,130682.0,25560.0,57.0,264.0,22202.0,61680.0,411796.0,239758.0,391.0,1720.0,1094.0,2783.0,1912.0,6834.0,2088.0,6343.0,,
380,Italy,2009,7408.0,2458.0,9622.0,32288.0,27321.0,11192.0,17263.0,157898.0,227257.0,1820077.0,14810.0,9367.0,5207.0,9390.0,32967247.62,25641.0,7645.0,5723.0,13075.0,0.0,0.0,19075.0,46895.0,61991.0,348916.0,43315.0,142822.0,55704.0,146791.0,26.0,272.0,36995.0,98815.0,37407.0,85157.0,1657.0,14454.0,395.0,217.0,193.0,320.0,169591.0,287727.0,148353.0,81265.0,10855.0,10958.0,2779.0,258.0,14316.0,17511.0,,,4351.0,6058.0,71350.0,12366.0,114.0,448.0,23132.0,61870.0,209042.0,78597.0,318.0,1345.0,2265.0,4825.0,2314.0,5826.0,3981.0,14297.0,,
380,Italy,2010,7171.0,2501.0,27274.0,121469.0,39960.0,15833.0,17385.0,142253.0,248731.0,2036509.0,19052.0,11443.0,6263.0,12323.0,35597459.0,26618.0,10638.0,7621.0,15826.0,6.0,2.0,27679.0,65434.0,84084.0,449021.0,49953.0,161107.0,86232.0,194480.0,6.0,55.0,34644.0,99994.0,43581.0,96343.0,2498.0,19637.0,6463.0,2029.0,311.0,472.0,228591.0,370982.0,168099.0,98756.0,12299.0,9462.0,2868.0,166.0,26892.0,54286.0,,,4062.0,5342.0,20739.0,3682.0,111.0,445.0,24177.0,61284.0,395284.0,130680.0,370.0,1460.0,825.0,3424.0,2598.0,7790.0,5876.0,17858.0,,
380,Italy,2011,10502.0,4942.0,9452.0,50747.0,44169.0,15683.0,18741.0,159553.0,258149.0,2476259.0,15169.0,10826.0,8783.0,19126.0,40533768.0,29890.0,17945.0,7353.0,16014.0,188.0,26.0,20633.0,33680.0,82772.0,498669.0,52567.0,202374.0,86759.0,219499.0,172.0,766.0,43604.0,125741.0,44286.0,111548.0,1923.0,17325.0,4993.0,1567.0,685.0,592.0,213948.0,390281.0,144982.0,87034.0,9541.0,8425.0,2280.0,187.0,2607.0,11932.0,,,2706.0,4379.0,12849.0,2194.0,96.0,545.0,27718.0,69983.0,570009.0,268988.0,502.0,1856.0,670.0,3385.0,2320.0,8789.0,4442.0,13732.0,,
380,Italy,2012,6220.0,2774.0,8396.0,31786.0,50406.0,19313.0,0.0,0.0,294525.0,2519367.0,13728.0,12295.0,12283.0,18596.0,39653051.0,22987.0,11997.0,9662.0,23581.0,105.0,6.0,9329.0,21465.0,66865.0,446694.0,46020.0,180248.0,89990.0,205000.0,45.0,250.0,22205.0,78362.0,58397.0,138321.0,2079.0,16380.0,9822.0,3467.0,603.0,607.0,218935.0,368903.0,121807.0,65282.0,12554.0,11915.0,3611.0,219.0,4564.0,18859.0,,,3624.0,3760.0,12928.0,2591.0,1046.0,3007.0,31497.0,71928.0,256616.0,109230.0,360.0,1697.0,849.0,3961.0,1740.0,8930.0,2450.0,8392.0,,
380,Italy,2013,10090.0,4921.0,7173.0,35952.0,50689.0,20062.0,0.0,0.0,317000.0,2712927.0,12435.0,11480.0,16678.0,24788.0,42797593.0,26895.0,17204.0,6697.0,17747.0,215.0,69.0,6780.0,9130.0,61655.0,429925.0,45864.0,176933.0,80844.0,195566.0,50.0,205.0,22383.0,77773.0,55626.0,129210.0,2090.0,14748.0,12857.0,3731.0,313.0,300.0,230271.0,428228.0,145861.0,95917.0,20658.0,20278.0,2120.0,149.0,4400.0,19979.0,,,3632.0,4114.0,15438.0,2868.0,897.0,3356.0,32599.0,73917.0,188164.0,82602.0,330.0,1212.0,852.0,4503.0,2039.0,9538.0,2666.0,10376.0,,
380,Italy,2014,3330.44,3014.0,3179.05,16292.0,52808.0,19053.0,,,326224.58,2844400.0,16834.0,13350.0,12517.5,24654.0,43725051.27,44627.7,22748.0,7006.91,16922.0,42.0,9.0,16382.98,18031.0,56401.8,414262.0,48845.49,170259.0,81236.25,204660.0,145.83,975.0,25262.87,96304.0,48942.89,128783.0,2389.26,16845.0,996.98,466.0,196.04,243.0,231568.12,417412.0,99234.29,53043.0,26113.35,25966.0,,,6204.45,31047.0,,,3812.79,4402.0,3957.0,617.0,1554.38,5817.0,33863.97,78075.0,310184.5,140209.0,305.5,1518.0,1398.62,7461.0,1515.35,7328.0,2194.21,10213.0,506.32,1120.0
380,Italy,2015,4962.68,1930.0,7628.46,31604.0,53434.0,22523.0,,,358357.26,2492176.0,15776.0,10633.0,7889.24,14804.0,39147443.59,38746.36,12160.0,13061.34,24930.0,286.0,107.0,23223.4,25719.0,58594.75,382782.0,54207.55,163741.0,84779.67,189459.0,102.17,435.0,23777.82,73202.0,48903.82,113453.0,2982.76,18098.0,8570.47,2610.0,157.18,138.0,232226.41,382871.0,105050.73,48920.0,35902.98,28988.0,5800.0,186.0,11666.48,42971.0,,,7800.1,7088.0,4871.0,915.0,1547.95,5063.0,29900.75,64420.0,491296.99,234296.0,540.87,1574.0,1322.1,7264.0,1702.34,7608.0,1815.59,9313.0,730.01,1349.0
380,Italy,2016,2999.62,1215.0,7311.62,32659.0,40337.0,15415.0,,,385866.52,2665573.0,15110.0,11148.0,18651.05,34993.0,40693708.45,35412.26,9636.0,12821.01,20833.0,576.0,125.0,24593.86,22156.0,61201.74,384633.0,55334.8,159751.0,101253.85,200213.0,163.19,822.0,35767.05,98477.0,65023.03,137771.0,2502.37,17395.0,6781.9,1770.0,347.43,290.0,254297.95,408303.0,133202.81,71896.0,50312.16,34920.0,2784.0,137.0,5244.3,20989.0,,,9807.23,7425.0,2050.0,415.0,1453.1,5846.0,30272.46,67409.0,454140.96,134820.0,618.4,1695.0,1611.14,8794.0,1836.51,9389.0,1802.15,9313.0,786.17,1518.0
380,Italy,2017,15537.13,8415.0,6834.28,40196.0,19347.0,12377.0,,,412854.1,3003224.0,15621.0,8492.0,21267.96,47095.0,44744665.53,33877.72,13255.0,12025.35,22621.0,3225.0,112.0,14156.34,19242.0,65934.2,399598.0,51424.68,171071.0,91435.33,190254.0,250.0,1141.0,23540.63,70540.0,70394.76,164192.0,3626.47,22847.0,4832.76,3083.0,288.68,704.0,235550.24,456854.0,117586.0,57001.0,66382.47,46269.0,3337.0,259.0,5826.55,24151.0,,,14266.06,8679.0,1281.0,276.0,1255.48,5218.0,35797.4,81644.0,579565.43,169273.0,2097.02,3080.0,1513.84,8611.0,2714.63,12053.0,1473.47,7459.0,789.28,1944.0
380,Italy,2018,3377.18,1771.0,9598.69,59047.0,13501.0,7630.0,,,421129.0,3323315.0,14317.0,8597.0,17945.69,53303.0,47927538.82,46165.1,14823.0,11703.95,25725.0,,,17142.58,25850.0,60426.25,403797.0,49218.25,175714.0,85559.54,193763.0,390.1,1726.0,17855.78,55301.0,59688.52,138115.0,3927.4,23275.0,522.68,1657.0,483.63,1034.0,258458.58,493054.0,83167.56,46372.0,46763.65,35686.0,,,9457.25,31901.0,,,9318.06,6455.0,1668.0,192.0,1571.55,9711.0,35037.11,85180.0,186231.99,66849.0,1041.97,2099.0,2329.64,16147.0,1796.15,9544.0,2157.85,14627.0,1058.18,2187.0
380,Italy,2019,4103.65,1638.0,10430.87,56383.0,10292.0,7906.0,,,448203.08,3468676.0,13525.0,7272.0,18461.79,45508.0,47430817.15,46697.77,15008.0,15002.74,26162.0,32.0,16.0,20297.95,24306.0,52962.05,333788.0,48775.97,154412.0,95450.23,196803.0,511.84,2138.0,21149.76,54826.0,62092.12,138077.0,3739.11,18574.0,7896.84,2220.0,355.06,863.0,260788.27,499799.0,109573.55,68565.0,40306.76,28495.0,140.0,1.0,7547.87,23316.0,,,5719.16,4336.0,680.0,164.0,1317.06,7768.0,39291.69,79959.0,65678.57,30934.0,250.28,1278.0,3471.74,25126.0,1374.59,6624.0,1302.84,8592.0,696.32,1815.0
380,Italy,2020,40209.67,9082.0,12880.08,68879.0,10515.0,6893.0,,,459528.35,3532189.0,15413.0,8380.0,21177.53,51431.0,50617988.25,41595.39,12965.0,13304.11,24463.0,,,15637.41,19980.0,44778.99,270906.0,48941.43,154296.0,92131.31,194403.0,333.57,1477.0,12766.0,37309.0,76812.8,188240.0,4336.14,20447.0,4085.74,1436.0,456.49,1103.0,263648.06,518451.0,78324.31,48678.0,42373.51,30651.0,,,6722.78,22335.0,,,4048.14,3918.0,1043.0,229.0,1181.93,6586.0,45435.52,91732.0,61043.78,25506.0,307.34,1023.0,3040.07,23450.0,643.28,4286.0,537.74,3779.0,876.3,1395.0
380,Italy,2021,3781.82,1687.0,14608.55,81389.0,18400.0,9622.0,,,517287.34,4172571.0,10326.0,6209.0,24378.49,69289.0,58731639.7,14919.23,7328.0,13895.49,26375.0,268.0,48.0,16364.77,21642.0,60061.87,390154.0,51054.26,191331.0,103868.39,252623.0,111.57,744.0,15263.89,41411.0,77383.05,201001.0,3499.28,22051.0,1396.23,839.0,536.94,1166.0,258182.96,572468.0,67361.58,44297.0,43441.46,33242.0,,,7203.47,29162.0,,,4329.68,5824.0,2223.0,365.0,1063.41,12343.0,46731.81,93793.0,206908.59,92909.0,565.69,1309.0,3664.36,30838.0,825.8,4630.0,1190.11,6448.0,757.3,1698.0
380,Italy,2022,2747.14,1795.0,12466.67,88493.0,10573.0,14236.0,,,562638.91,4608782.0,9488.0,6291.0,30741.33,115014.0,60408859.11,10778.94,7070.0,15742.01,36058.0,367.0,87.0,13133.87,21381.0,54142.67,431034.0,52404.18,239823.0,84532.14,249218.0,483.41,3138.0,15828.12,37634.0,58085.43,120689.0,4945.96,33066.0,3620.65,2014.0,886.52,1710.0,269173.43,578769.0,79410.55,44548.0,40904.59,32611.0,540.0,76.0,8280.93,36872.0,,,6620.44,6599.0,1142.0,98.0,1585.44,24756.0,47901.7,94978.0,338607.22,217542.0,374.79,1317.0,3045.51,18598.0,822.77,4653.0,1282.6,7186.0,1953.74,2020.0
380,Italy,2023,2377.31,1423.0,17587.99,104186.0,17655.0,11557.0,,,591299.26,5310733.0,8772.0,7064.0,24767.17,78092.0,64932736.81,4776.77,6447.0,22771.78,67860.0,500.0,137.0,18884.91,53084.0,50299.52,437457.0,47105.45,217958.0,107101.15,309848.0,263.44,1917.0,10808.75,30530.0,47142.98,108405.0,3630.19,28164.0,3501.21,2496.0,650.49,2078.0,280779.9,648051.0,100879.34,71197.0,26043.66,25817.0,63666.0,2799.0,10525.63,39948.0,,,10293.78,10465.0,321.0,90.0,907.96,4387.0,51379.97,103663.0,162086.37,76185.0,456.29,1957.0,8764.94,40263.0,963.92,4970.0,945.38,4512.0,2091.94,1721.0
428,Latvia,2000,0.0,0.0,2576.0,6607.0,0.0,0.0,,,2560.0,9085.0,2.0,2.0,98.0,163.0,141593.09,20.0,13.0,0.0,0.0,0.0,,1822.0,1982.0,3.0,26.0,3.0,18.0,109.0,292.0,,,7.0,49.0,3.0,16.0,,2.0,0.0,0.0,683.0,425.0,29.0,28.0,1550.0,156.0,3448.0,1074.0,0.0,0.0,2442.0,6865.0,,,115.0,22.0,0.0,0.0,3.0,10.0,7.0,20.0,3225.0,566.0,5878.0,5668.0,279.0,822.0,0.0,2.0,150.0,207.0,,
428,Latvia,2001,5915.0,926.0,2062.0,4972.0,8.0,9.0,,,4708.0,18480.0,0.0,0.0,69.0,110.0,184741.0,0.0,0.0,287.0,395.0,0.0,,615.0,706.0,1.0,4.0,6.0,28.0,168.0,273.0,,,9.0,66.0,1.0,4.0,,2.0,0.0,0.0,746.0,472.0,23.0,17.0,1800.0,274.0,993.0,359.0,0.0,0.0,1086.0,3281.0,,,81.0,18.0,3.0,2.0,3.0,15.0,8.0,36.0,86081.0,13473.0,1701.0,2323.0,401.0,1264.0,58.0,368.0,141.0,166.0,,
428,Latvia,2002,0.0,0.0,2230.0,5353.0,0.0,0.0,,,4466.0,17042.0,0.0,0.0,121.0,267.0,263235.82,0.0,0.0,344.0,415.0,0.0,,1169.0,1057.0,15.0,93.0,11.0,41.0,163.0,290.0,,,23.0,108.0,7.0,48.0,,3.0,0.0,0.0,344.0,258.0,148.0,134.0,667.0,172.0,86.0,66.0,0.0,0.0,2032.0,4588.0,,,98.0,60.0,20.0,19.0,4.0,26.0,15.0,32.0,102687.0,19251.0,399.0,563.0,467.0,1228.0,4.0,12.0,96.0,102.0,,
428,Latvia,2003,342.0,88.0,3123.0,8570.0,0.0,0.0,,,6623.0,30073.0,0.0,0.0,152.0,425.0,347509.0,1.0,0.0,291.0,543.0,3.0,0.0,2050.0,2892.0,16.0,52.0,6.0,48.0,447.0,528.0,,,38.0,130.0,11.0,82.0,1.0,5.0,0.0,0.0,409.0,404.0,60.0,53.0,975.0,277.0,1966.0,863.0,2.0,0.0,487.0,1222.0,,,495.0,159.0,0.0,0.0,21.0,176.0,64.0,78.0,149050.0,36622.0,264.0,433.0,0.0,2.0,22.0,137.0,82.0,135.0,,
428,Latvia,2004,6510.0,902.0,2954.0,9552.0,0.0,0.0,,,7930.0,25069.0,0.0,0.0,277.0,467.0,305588.73,1.0,4.0,8.0,14.0,0.0,0.0,2833.0,1921.0,174.0,534.0,5.0,21.0,600.0,450.0,,,9.0,54.0,43.0,196.0,2.0,17.0,419.0,48.0,475.0,357.0,69.0,96.0,2086.0,400.0,9833.0,3134.0,0.0,0.0,2308.0,5097.0,,,1050.0,240.0,0.0,0.0,2.0,24.0,63.0,340.0,63776.0,10928.0,161.0,249.0,1356.0,3941.0,67.0,73.0,58.0,63.0,,
428,Latvia,2005,69104.0,8960.0,2892.0,9006.0,1509.0,404.0,,,11456.0,40266.0,0.0,0.0,440.0,724.0,478770.29,29.0,26.0,6.0,12.0,0.0,0.0,3342.0,2836.0,1250.0,4477.0,72.0,157.0,1224.0,2222.0,,,68.0,199.0,224.0,524.0,5.0,52.0,3479.0,402.0,1836.0,852.0,122.0,116.0,5169.0,819.0,36523.0,11848.0,0.0,0.0,1970.0,4577.0,,,35.0,15.0,4503.0,618.0,1.0,10.0,91.0,202.0,402692.0,51830.0,214.0,380.0,2270.0,6425.0,51.0,210.0,49.0,68.0,,
428,Latvia,2006,90525.0,13915.0,3559.0,10446.0,22568.0,5415.0,,,12372.0,43551.0,53.0,26.0,804.0,1314.0,611032.75,4111.0,465.0,82.0,96.0,0.0,0.0,3551.0,3892.0,1536.0,5389.0,1628.0,3627.0,4365.0,9134.0,,,196.0,435.0,664.0,1506.0,5.0,68.0,12186.0,1596.0,3424.0,1354.0,312.0,143.0,3883.0,648.0,111853.0,37920.0,0.0,0.0,1573.0,4014.0,,,53.0,20.0,4136.0,303.0,1.0,14.0,124.0,401.0,187653.0,30767.0,331.0,627.0,7311.0,20363.0,144.0,531.0,144.0,217.0,,
428,Latvia,2007,75179.0,17875.0,2893.0,12781.0,27603.0,5046.0,0.0,1.0,13986.0,57241.0,577.0,107.0,1512.0,3131.0,984551.69,2949.0,4376.0,485.0,862.0,67.0,19.0,9618.0,12636.0,1579.0,5714.0,3378.0,7703.0,3308.0,8998.0,,,305.0,828.0,1037.0,2863.0,8.0,98.0,5401.0,1018.0,1075.0,763.0,98.0,627.0,136.0,73.0,129136.0,53793.0,0.0,0.0,3717.0,15903.0,,,592.0,199.0,14687.0,1090.0,7.0,54.0,121.0,376.0,263823.0,73390.0,534.0,1052.0,2708.0,10106.0,217.0,890.0,186.0,267.0,,
428,Latvia,2008,109742.0,26902.0,1398.0,5076.0,28237.0,6160.0,0.0,4.0,14070.0,65300.0,1068.0,410.0,884.0,2370.0,1436025.41,1127.0,664.0,642.0,1253.0,0.0,0.0,8510.0,11527.0,1421.0,6464.0,4884.0,13960.0,3374.0,10535.0,,,449.0,1145.0,453.0,1203.0,14.0,162.0,32248.0,7283.0,940.0,925.0,626.0,1260.0,729.0,231.0,177883.0,77907.0,0.0,0.0,1134.0,3116.0,,,2754.0,869.0,46426.0,7992.0,4.0,37.0,229.0,645.0,864988.0,246607.0,1620.0,2353.0,2883.0,10734.0,185.0,766.0,83.0,175.0,,
428,Latvia,2009,109799.0,17189.0,1943.0,6129.0,39337.0,12037.0,0.0,2.0,9056.0,31551.0,857.0,176.0,1038.0,1631.0,1212801.06,1235.0,610.0,690.0,1244.0,0.0,0.0,15482.0,20553.0,1102.0,4934.0,5305.0,14016.0,4373.0,11704.0,,,631.0,1715.0,1939.0,4177.0,14.0,135.0,8484.0,1297.0,1025.0,929.0,411.0,811.0,1282.0,314.0,168641.0,47629.0,0.0,0.0,3604.0,7140.0,,,2306.0,386.0,116185.0,16201.0,3.0,29.0,242.0,504.0,1087499.0,226719.0,34.0,109.0,4854.0,11821.0,22.0,75.0,0.0,0.0,,
428,Latvia,2010,183538.0,35330.0,2978.0,12301.0,41674.0,12846.0,0.0,3.0,13597.0,53740.0,872.0,213.0,1885.0,3793.0,1491130.3,1392.0,1303.0,1694.0,2277.0,150.0,6.0,18985.0,20859.0,1153.0,4355.0,7113.0,18366.0,6385.0,14402.0,,,549.0,1681.0,1205.0,2735.0,11.0,131.0,21376.0,2670.0,4408.0,2885.0,619.0,1318.0,8036.0,2496.0,167675.0,63006.0,0.0,0.0,3473.0,8770.0,,,1831.0,398.0,216253.0,26377.0,2.0,16.0,458.0,713.0,1043413.0,236829.0,184.0,578.0,2506.0,8003.0,73.0,282.0,0.0,0.0,,
428,Latvia,2011,132166.0,34091.0,2787.0,15079.0,55060.0,25154.0,2.0,22.0,14245.0,65208.0,1722.0,627.0,1860.0,4348.0,1787327.66,1716.0,925.0,3305.0,4586.0,0.0,0.0,15732.0,17683.0,748.0,3820.0,9248.0,30687.0,7285.0,19521.0,,,595.0,1750.0,2370.0,6611.0,15.0,263.0,9059.0,2006.0,4042.0,3600.0,2158.0,3429.0,11239.0,5809.0,213738.0,99555.0,7.0,2.0,2663.0,8279.0,,,1262.0,383.0,249691.0,37834.0,0.0,4.0,484.0,937.0,468663.0,143886.0,322.0,1000.0,3601.0,13788.0,84.0,429.0,0.0,0.0,,
428,Latvia,2012,113927.0,31549.0,2140.0,9607.0,41034.0,23238.0,0.0,0.0,16204.0,65725.0,1216.0,606.0,2591.0,6245.0,2559585.0,1513.0,1231.0,5403.0,9797.0,0.0,0.0,14621.0,25500.0,654.0,5585.0,8742.0,29171.0,8575.0,22193.0,,,1041.0,2971.0,2278.0,7372.0,32.0,291.0,6441.0,1818.0,4541.0,3805.0,1249.0,1807.0,2719.0,921.0,253677.0,97980.0,0.0,0.0,3724.0,10996.0,,,6269.0,3720.0,160151.0,21078.0,0.0,0.0,473.0,825.0,1489974.0,465188.0,458.0,1157.0,4332.0,14828.0,68.0,401.0,0.0,0.0,,
428,Latvia,2013,134208.0,35865.0,4265.0,21730.0,30590.0,12527.0,0.0,0.0,15295.0,67765.0,172.0,115.0,3813.0,9941.0,2584288.0,168.0,154.0,6320.0,10194.0,40.0,4.0,12398.0,18689.0,1016.0,6342.0,7831.0,25363.0,11787.0,30767.0,,,3322.0,8879.0,2341.0,6061.0,49.0,439.0,18800.0,4040.0,3012.0,2534.0,1864.0,2509.0,4487.0,1602.0,244801.0,110529.0,0.0,0.0,7566.0,30566.0,,,14194.0,10729.0,166554.0,25871.0,0.0,0.0,508.0,923.0,1091812.0,329036.0,342.0,1030.0,2042.0,8497.0,134.0,728.0,0.0,0.0,,
428,Latvia,2014,159141.1,31928.0,3940.63,18930.0,40852.0,17985.0,,,14774.02,61228.0,1069.0,799.0,6104.69,13996.0,2512430.09,179.9,174.0,4901.1,8638.0,,,13752.1,19702.0,1166.78,5496.0,8515.2,23585.0,12871.68,31125.0,0.2,2.0,2097.51,6411.0,2428.24,5497.0,92.31,823.0,31241.7,5928.0,4999.08,3564.0,1104.22,1497.0,4354.14,1437.0,277937.57,113774.0,,,9906.32,35861.0,,,13020.3,6768.0,178175.0,21946.0,0.03,0.0,571.23,999.0,1372847.2,356767.0,294.5,902.0,819.33,3334.0,113.96,896.0,,,,
428,Latvia,2015,231143.3,40725.0,2735.26,8680.0,43014.0,22504.0,,,16499.66,53165.0,1695.0,1262.0,2317.43,3172.0,2032913.27,179.8,200.0,4601.55,7444.0,,,15152.32,18697.0,914.26,4489.0,8996.9,23299.0,10034.85,17653.0,0.1,0.0,757.57,1692.0,1648.63,2956.0,96.24,753.0,30704.0,5578.0,6066.2,3240.0,1545.16,1497.0,2346.5,909.0,265506.37,68952.0,,,9067.31,19365.0,,,17244.0,3558.0,166206.0,16097.0,0.76,1.0,585.91,842.0,1841531.76,363596.0,426.61,1158.0,1598.02,4189.0,153.52,835.0,,,,
428,Latvia,2016,148539.25,24105.0,3673.62,10957.0,52542.0,31504.0,,,18082.77,54691.0,1591.0,1129.0,5554.66,9305.0,2116918.86,13644.15,2210.0,5703.36,8314.0,40.0,6.0,18888.47,19516.0,1191.07,5254.0,9964.08,23774.0,11627.7,20804.0,0.43,7.0,1654.69,3776.0,1973.26,3599.0,153.54,1025.0,12936.12,2633.0,11671.41,6053.0,2226.51,1620.0,3172.1,1042.0,263121.67,67488.0,,,6984.6,14008.0,,,16188.44,3764.0,162178.0,13524.0,7.62,29.0,790.3,1148.0,2225720.56,388378.0,551.57,1488.0,2739.01,7223.0,219.65,1240.0,,,,
428,Latvia,2017,46607.82,7749.0,2260.08,8026.0,56560.0,32958.0,,,22648.55,86212.0,1799.0,1202.0,9289.19,23870.0,2678794.55,8179.26,2022.0,5138.85,8820.0,,,20610.71,28098.0,1446.92,6777.0,10039.3,27838.0,15144.54,27539.0,0.18,1.0,3200.2,8303.0,1129.98,2187.0,141.58,1108.0,34474.76,6766.0,21449.37,12685.0,1311.93,1180.0,7563.36,2449.0,298623.31,109054.0,116.0,13.0,5558.75,12563.0,,,9615.55,3312.0,180626.0,18319.0,18.54,217.0,741.72,1118.0,2157866.98,419930.0,502.11,1369.0,1357.06,4618.0,298.72,1517.0,,,,
428,Latvia,2018,116554.18,24471.0,783.23,4736.0,61071.0,37248.0,,,26045.94,97816.0,1995.0,1766.0,3404.17,8025.0,2822161.25,2479.18,635.0,6411.83,12094.0,,,18203.97,24239.0,1446.18,7331.0,10078.27,31393.0,14652.61,34158.0,0.09,0.0,2016.93,5224.0,905.63,1838.0,189.1,1368.0,53444.64,13127.0,28852.26,19501.0,1407.85,1449.0,6996.21,1979.0,333084.8,117957.0,8.0,1.0,7393.86,12254.0,,,10081.2,3468.0,134421.0,13912.0,5.96,108.0,1943.73,3144.0,1570806.36,344721.0,518.78,1465.0,835.35,2613.0,304.58,1347.0,,,,
428,Latvia,2019,205116.18,36850.0,611.29,2955.0,60138.0,38398.0,,,29227.16,105254.0,1902.0,1314.0,3716.75,6896.0,3140749.78,3910.3,773.0,7234.68,12441.0,17.0,19.0,21988.75,27464.0,1688.81,8291.0,8422.01,24399.0,13481.7,30256.0,0.68,3.0,2413.01,6441.0,832.56,1786.0,166.9,1311.0,53676.63,12641.0,37658.28,26989.0,2646.78,2787.0,15602.11,4730.0,333051.09,114333.0,529.0,131.0,6915.72,14909.0,,,12950.04,4069.0,156965.0,14978.0,11.63,101.0,3085.45,2635.0,2452801.22,499509.0,658.77,1599.0,942.1,2801.0,246.02,1025.0,,,,
428,Latvia,2020,127760.06,23588.0,902.31,3896.0,60697.0,38816.0,,,29532.45,106633.0,2014.0,1356.0,4001.84,6707.0,3414850.47,3591.36,691.0,7607.72,13124.0,,,21526.66,28028.0,2670.87,11652.0,8242.9,23761.0,12974.73,26193.0,1.94,12.0,3214.63,8343.0,1039.1,2316.0,198.23,1528.0,85374.46,17317.0,42290.44,29202.0,1746.72,2116.0,16182.36,3570.0,343025.36,118643.0,1005.0,131.0,1556.66,4022.0,,,27417.55,9190.0,230476.0,19210.0,1.95,75.0,703.4,865.0,3011622.84,652979.0,792.43,1545.0,1699.66,5193.0,156.72,647.0,,,,
428,Latvia,2021,156832.11,36973.0,466.18,2298.0,61794.0,41498.0,,,29628.18,119719.0,2133.0,1337.0,3951.67,9796.0,3559907.03,3738.89,993.0,7821.31,13064.0,,,23033.86,30746.0,4335.7,19388.0,8838.4,30701.0,12856.27,31562.0,0.64,5.0,4478.56,12647.0,1685.42,4023.0,217.77,1883.0,88944.83,17949.0,51387.76,34365.0,1999.78,2573.0,24139.92,4549.0,367769.92,148693.0,3408.0,377.0,1416.17,4305.0,,,28758.49,11151.0,206415.0,13050.0,14.53,312.0,24189.24,10635.0,2267770.84,618868.0,664.59,1156.0,1474.83,5029.0,402.95,1458.0,28.4,18.0,,
428,Latvia,2022,32662.32,9272.0,702.28,4490.0,68017.0,55233.0,,,30057.09,152131.0,2540.0,1603.0,7603.49,24911.0,4618934.74,1896.39,2900.0,11361.99,20898.0,325.0,363.0,36765.86,65584.0,3981.4,22902.0,7300.73,29843.0,13349.29,42292.0,0.76,5.0,4815.3,16001.0,1430.15,4381.0,174.22,1685.0,52925.44,15930.0,46485.24,34602.0,2453.61,2895.0,15508.26,6173.0,390669.16,209925.0,3171.0,330.0,1507.12,5353.0,,,42852.15,18815.0,215940.0,16661.0,17.65,265.0,10051.04,5884.0,2707501.01,962054.0,934.12,1640.0,1040.49,4156.0,457.61,1532.0,,,,
428,Latvia,2023,121002.82,31700.0,1030.77,5748.0,81028.0,67355.0,,,34224.68,150937.0,2555.0,2350.0,6064.68,15434.0,4911833.46,2624.98,4371.0,17213.78,36570.0,1293.0,1343.0,32283.06,72877.0,5663.02,29450.0,8771.11,30412.0,13923.86,49805.0,2.88,15.0,6386.3,26969.0,1216.49,4641.0,173.44,1797.0,46987.04,13797.0,53618.35,44926.0,2220.86,3240.0,16984.63,6948.0,355563.31,149571.0,3234.0,878.0,2994.34,8332.0,,,30050.58,10239.0,287735.0,32997.0,10610.06,11291.0,11417.55,4745.0,2362606.1,649950.0,654.3,1115.0,882.52,3807.0,290.31,1012.0,,,,
440,Lithuania,2000,5066.0,764.0,11664.0,15149.0,15581.0,3179.0,,,32184.0,72064.0,229.0,96.0,4264.0,2707.0,446897.0,2090.0,2164.0,228.0,486.0,,,1.0,0.0,655.0,1190.0,20516.0,20238.0,1009.0,908.0,,,8.0,34.0,47.0,52.0,0.0,1.0,0.0,0.0,24.0,8.0,648.0,50.0,7805.0,315.0,3898.0,901.0,56.0,4.0,35621.0,45269.0,,,110.0,12.0,3656.0,371.0,1.0,5.0,928.0,2566.0,111293.0,11023.0,1841.0,1139.0,2257.0,3594.0,12.0,62.0,64.0,38.0,,
440,Lithuania,2001,29082.0,3303.0,9273.0,12245.0,1856.0,1450.0,,,35357.0,85762.0,1234.0,773.0,3308.0,1830.0,532087.0,1164.0,1914.0,0.0,0.0,,,656.0,445.0,73.0,221.0,3025.0,4464.0,1160.0,1623.0,,,168.0,174.0,791.0,1125.0,0.0,0.0,2.0,0.0,395.0,120.0,221.0,27.0,3460.0,152.0,1264.0,284.0,0.0,0.0,28484.0,41643.0,,,0.0,0.0,9060.0,1073.0,6.0,39.0,656.0,1951.0,408776.0,43468.0,2013.0,1550.0,3076.0,4615.0,44.0,192.0,86.0,116.0,,
440,Lithuania,2002,16523.0,2458.0,8224.0,10808.0,5005.0,1630.0,,,40266.0,102331.0,4538.0,1940.0,2142.0,1405.0,541999.59,93.0,154.0,20.0,56.0,,,2093.0,1439.0,469.0,910.0,2830.0,3873.0,11314.0,7089.0,,,1285.0,1641.0,2362.0,3388.0,33.0,34.0,2.0,0.0,339.0,97.0,710.0,100.0,1376.0,156.0,1470.0,361.0,0.0,0.0,10758.0,13518.0,,,0.0,0.0,34431.0,3198.0,3.0,26.0,767.0,2628.0,291315.0,35685.0,4402.0,3650.0,2457.0,3481.0,26.0,131.0,4.0,2.0,,
440,Lithuania,2003,37155.0,5406.0,6471.0,12144.0,13291.0,3381.0,,,40285.0,109087.0,6298.0,2990.0,9568.0,9443.0,756339.0,24.0,32.0,0.0,0.0,,,5569.0,4970.0,1220.0,2202.0,3980.0,5664.0,10395.0,7958.0,,,527.0,1024.0,1135.0,1856.0,4.0,16.0,0.0,0.0,246.0,78.0,884.0,231.0,2543.0,357.0,1765.0,520.0,0.0,0.0,11849.0,16678.0,,,4.0,2.0,7565.0,696.0,22.0,166.0,1307.0,6429.0,553286.0,81017.0,7251.0,6055.0,4291.0,7697.0,477.0,1923.0,43.0,25.0,,
440,Lithuania,2004,136293.0,22347.0,6707.0,18320.0,23519.0,7048.0,,,51157.0,155412.0,6706.0,3923.0,23422.0,37174.0,995384.0,6854.0,5929.0,101.0,114.0,,,7620.0,6500.0,2595.0,5883.0,7329.0,13343.0,5361.0,10099.0,,,326.0,955.0,542.0,1179.0,4.0,26.0,968.0,125.0,433.0,171.0,181.0,53.0,1664.0,275.0,2048.0,684.0,0.0,0.0,10379.0,23505.0,,,18.0,7.0,4664.0,667.0,38.0,321.0,1015.0,5713.0,367566.0,63676.0,5896.0,6815.0,3993.0,10371.0,197.0,680.0,24.0,17.0,,
440,Lithuania,2005,300445.0,42152.0,8376.0,23942.0,66998.0,16728.0,,,51741.0,172415.0,5181.0,2945.0,31064.0,48578.0,1352824.39,3341.0,4140.0,107.0,118.0,19.0,3.0,11249.0,9638.0,8486.0,21784.0,13233.0,29008.0,10874.0,24104.0,,,258.0,896.0,534.0,1201.0,16.0,65.0,1021.0,131.0,1235.0,420.0,480.0,262.0,931.0,205.0,742.0,310.0,0.0,0.0,11318.0,26352.0,,,2880.0,508.0,42797.0,3697.0,20.0,188.0,1340.0,5900.0,752594.0,101792.0,4578.0,7659.0,393.0,968.0,48.0,240.0,84.0,53.0,,
440,Lithuania,2006,328652.0,52938.0,12281.0,31321.0,121207.0,30203.0,,,62114.0,207621.0,2596.0,1128.0,32955.0,47557.0,1712697.6,924.0,701.0,104.0,120.0,24.0,4.0,15679.0,14791.0,12116.0,39720.0,11171.0,29196.0,11757.0,27159.0,,,1060.0,3211.0,1190.0,2765.0,7.0,33.0,983.0,179.0,1072.0,552.0,2922.0,1979.0,2627.0,805.0,7229.0,2652.0,908.0,64.0,11635.0,28793.0,,,9397.0,3230.0,124879.0,14552.0,24.0,238.0,1307.0,5015.0,406677.0,60147.0,5260.0,8436.0,236.0,488.0,52.0,204.0,146.0,55.0,,
440,Lithuania,2007,227626.0,73204.0,8678.0,30076.0,155406.0,36561.0,,,59511.0,256363.0,4049.0,3096.0,43394.0,100214.0,2518896.0,1431.0,2495.0,11.0,17.0,0.0,0.0,18178.0,21740.0,16465.0,58481.0,14115.0,40868.0,14805.0,36848.0,,,2258.0,6884.0,2537.0,4034.0,2.0,8.0,711.0,274.0,741.0,632.0,5023.0,6854.0,4836.0,2838.0,7751.0,3573.0,0.0,0.0,16636.0,67817.0,,,18105.0,5508.0,282787.0,35527.0,21.0,263.0,1644.0,5199.0,435395.0,118017.0,6109.0,11913.0,374.0,1488.0,92.0,387.0,102.0,45.0,,
440,Lithuania,2008,316049.0,77722.0,5768.0,22271.0,144441.0,41072.0,19.0,142.0,68319.0,333185.0,8058.0,6395.0,41609.0,72054.0,3448770.62,3598.0,1619.0,0.0,5.0,0.0,0.0,14034.0,21465.0,17449.0,81425.0,8224.0,30034.0,13801.0,39462.0,,,2735.0,11043.0,2534.0,7203.0,0.0,1.0,12731.0,3440.0,1236.0,881.0,11615.0,11750.0,4122.0,2460.0,9844.0,4467.0,0.0,0.0,10497.0,34033.0,,,783.0,291.0,415158.0,69387.0,39.0,492.0,1426.0,5850.0,1126619.0,348441.0,8598.0,20259.0,2681.0,9528.0,127.0,464.0,94.0,56.0,,
440,Lithuania,2009,188975.0,29720.0,5200.0,16063.0,141393.0,40710.0,0.0,2.0,90763.0,262266.0,6205.0,3501.0,37598.0,64059.0,2826651.0,2991.0,4535.0,11.0,42.0,18.0,2.0,11305.0,17707.0,13510.0,58314.0,12281.0,38371.0,16587.0,46158.0,,,2537.0,8601.0,1373.0,3424.0,1.0,4.0,10078.0,1509.0,1917.0,1010.0,9013.0,10217.0,5212.0,2147.0,16607.0,6776.0,0.0,0.0,11240.0,26810.0,,,5091.0,762.0,562445.0,80159.0,20.0,221.0,1082.0,3199.0,1275620.0,265185.0,7544.0,16304.0,4552.0,12651.0,173.0,719.0,24.0,14.0,,
440,Lithuania,2010,153973.0,28761.0,2959.0,12865.0,130834.0,41653.0,0.0,0.0,59043.0,272803.0,6228.0,3476.0,43976.0,98237.0,3280497.19,3213.0,2651.0,12.0,20.0,0.0,0.0,10713.0,13949.0,18311.0,75522.0,8330.0,25941.0,21273.0,56865.0,,,2659.0,8939.0,1971.0,4360.0,29.0,129.0,10543.0,1549.0,835.0,502.0,14830.0,21243.0,18309.0,7809.0,29539.0,13203.0,0.0,0.0,21477.0,58367.0,,,2203.0,517.0,442643.0,55914.0,48.0,508.0,1316.0,3636.0,1123107.0,261925.0,6354.0,12842.0,3622.0,11227.0,1062.0,5743.0,0.0,0.0,,
440,Lithuania,2011,204695.0,55567.0,3033.0,14878.0,129869.0,55248.0,1.0,5.0,65207.0,323602.0,5357.0,3740.0,49338.0,127198.0,4128686.24,2232.0,2680.0,51.0,71.0,0.0,0.0,10184.0,14432.0,20181.0,108681.0,5264.0,20632.0,27025.0,73189.0,,,6042.0,20128.0,2725.0,6923.0,7.0,45.0,10516.0,3881.0,427.0,457.0,16821.0,22786.0,28123.0,15609.0,77256.0,38161.0,0.0,0.0,17147.0,54874.0,,,10214.0,2356.0,260740.0,36346.0,24.0,293.0,2081.0,6172.0,808963.0,258913.0,6639.0,15829.0,985.0,4329.0,326.0,1569.0,50.0,36.0,,
440,Lithuania,2012,101609.0,28129.0,5526.0,21852.0,110839.0,37381.0,0.0,0.0,79732.0,350638.0,10484.0,6656.0,46075.0,85042.0,4967654.07,1565.0,2095.0,58.0,90.0,0.0,0.0,12213.0,20214.0,16031.0,88122.0,9041.0,35957.0,32608.0,80796.0,,,6290.0,21322.0,3461.0,9264.0,2.0,18.0,13825.0,4113.0,615.0,516.0,18986.0,29911.0,20559.0,9789.0,95418.0,48731.0,0.0,0.0,27005.0,75226.0,,,1680.0,495.0,283578.0,49039.0,88.0,424.0,1562.0,4465.0,1680302.0,561524.0,6830.0,15150.0,2703.0,9324.0,80.0,383.0,36.0,25.0,,
440,Lithuania,2013,278356.0,71648.0,5809.0,31372.0,98267.0,27084.0,0.0,0.0,71668.0,354609.0,2721.0,2290.0,46336.0,117927.0,5537697.33,7369.0,3857.0,159.0,261.0,0.0,0.0,12130.0,16692.0,11539.0,62214.0,9755.0,37568.0,36663.0,102373.0,,,10237.0,38158.0,4434.0,12854.0,8.0,54.0,22758.0,6060.0,908.0,889.0,22515.0,32461.0,37723.0,14989.0,111003.0,70638.0,30.0,22.0,22074.0,88108.0,,,3556.0,1156.0,373023.0,59769.0,92.0,428.0,1439.0,3742.0,1931515.0,589041.0,6746.0,15825.0,738.0,3463.0,532.0,3092.0,6.0,5.0,,
440,Lithuania,2014,320457.2,66335.0,9862.09,49768.0,108418.0,29407.0,,,70363.01,335363.0,1331.0,2511.0,45420.89,94579.0,5466375.75,17600.05,3813.0,864.33,1311.0,,,12912.5,21142.0,12245.2,57095.0,13137.32,47404.0,44064.16,117635.0,,,6097.47,19250.0,2759.42,7204.0,9.3,62.0,39733.8,8789.0,542.0,499.0,19804.97,22195.0,20902.5,6118.0,176363.02,90243.0,66.0,8.0,28941.3,105683.0,,,6330.5,1373.0,310122.0,44181.0,93.91,397.0,1942.82,5158.0,2511284.1,656996.0,5593.1,12686.0,200.72,925.0,80.1,538.0,20.2,33.0,,
440,Lithuania,2015,403036.64,75560.0,6534.57,24151.0,106459.0,28837.0,,,55139.03,187694.0,297.0,908.0,51788.97,78392.0,4288108.13,26553.27,2905.0,1534.84,2480.0,,,16418.2,22038.0,13233.71,46635.0,16040.16,47725.0,46816.41,93827.0,,,9290.89,20505.0,3305.17,6873.0,8.28,55.0,47463.3,9548.0,772.89,601.0,14722.36,5226.0,8709.0,1779.0,121751.42,45763.0,805.0,540.0,15205.49,31298.0,,,12119.87,1635.0,290441.0,30471.0,72.46,612.0,4863.06,6308.0,2393532.9,502433.0,5592.01,9722.0,215.98,554.0,29.4,181.0,40.5,8.0,,
440,Lithuania,2016,45660.33,7889.0,10646.46,37825.0,122770.0,40222.0,,,57811.07,188537.0,2490.0,5179.0,47987.29,87438.0,4112592.33,24770.8,4476.0,4943.67,8631.0,,,8912.67,11482.0,13022.66,47920.0,14054.13,41794.0,44914.72,93476.0,,,4750.24,9928.0,1646.55,3295.0,19.37,134.0,39688.84,9962.0,2511.93,1453.0,9492.07,3671.0,10679.73,1874.0,112975.26,42512.0,1455.0,281.0,10869.78,21854.0,,,6781.01,1219.0,310879.0,33921.0,107.79,647.0,3299.36,7112.0,3253829.78,594081.0,4838.83,8198.0,288.45,759.0,28.45,188.0,62.3,45.0,,
440,Lithuania,2017,186568.02,32344.0,5121.98,28245.0,120159.0,48926.0,,,54634.96,220350.0,563.0,895.0,56480.04,160975.0,4613199.54,25491.24,19320.0,1923.5,4941.0,10.0,0.0,8780.32,13316.0,10776.15,43605.0,15313.03,51841.0,52865.7,102869.0,,,4419.96,9930.0,1529.09,3814.0,22.26,147.0,41253.66,12779.0,6193.3,3249.0,11600.97,3602.0,12797.91,2343.0,86817.82,45878.0,1703.0,270.0,8632.45,18162.0,,,4901.95,1423.0,337827.0,40975.0,211.37,1234.0,3248.44,7689.0,2991549.42,591803.0,4317.66,7844.0,559.02,1858.0,44.54,437.0,62.75,90.0,,
440,Lithuania,2018,243418.5,52241.0,5263.17,31465.0,124401.0,55081.0,,,45446.53,183233.0,2060.0,2878.0,49901.81,144119.0,4887694.52,23983.2,23450.0,2354.11,5184.0,,,10125.67,11754.0,11885.68,55272.0,15577.01,57042.0,49431.9,112390.0,,,4157.3,9619.0,3251.77,5666.0,21.24,170.0,49556.99,14848.0,10727.29,6193.0,11423.73,5552.0,14412.39,2775.0,104565.07,49788.0,3709.0,311.0,30524.16,50894.0,,,3256.19,534.0,201139.0,22258.0,346.65,2218.0,3895.3,7801.0,1689997.14,378260.0,5182.14,9677.0,893.78,3323.0,283.8,875.0,41.12,33.0,14.87,439.0
440,Lithuania,2019,292639.29,54705.0,4357.66,19452.0,114443.0,46606.0,,,51304.33,201260.0,1614.0,2009.0,58049.29,112416.0,5117961.19,20583.89,34881.0,3387.71,6316.0,,,14808.07,16148.0,13783.07,61790.0,15711.36,53339.0,45387.19,97062.0,,,5597.31,13869.0,2734.08,5211.0,20.49,192.0,51666.71,15261.0,13526.88,8248.0,7402.93,4781.0,20951.52,4746.0,104209.91,46114.0,3417.0,275.0,50268.6,105678.0,,,5839.78,1192.0,124865.0,16448.0,489.63,2107.0,3865.04,7195.0,3114560.51,669088.0,5417.19,9702.0,849.21,3085.0,411.33,1084.0,82.05,62.0,,
440,Lithuania,2020,383854.77,73468.0,6451.84,29245.0,105144.0,46213.0,,,49087.15,198597.0,1877.0,1540.0,58948.94,107733.0,6021313.4,23437.66,41392.0,1912.61,2731.0,,,13243.5,14885.0,14523.83,66473.0,13785.58,47806.0,46157.17,87488.0,0.61,4.0,5391.39,12626.0,1984.88,4184.0,30.1,256.0,69272.1,19615.0,16789.65,11028.0,11055.15,4503.0,22191.96,3999.0,101652.07,47385.0,3721.0,341.0,27212.49,67748.0,,,4141.72,441.0,132137.0,17323.0,406.71,2234.0,3372.18,6544.0,3979200.43,896645.0,10057.53,18579.0,841.15,3428.0,416.92,950.0,9.03,37.0,21.42,34.0
440,Lithuania,2021,270251.08,66128.0,6076.83,26251.0,108215.0,50366.0,,,52302.42,228311.0,3746.0,7339.0,63274.43,153413.0,6093886.97,22092.13,49225.0,1703.63,3080.0,2.0,0.0,14616.31,18942.0,16711.33,83189.0,14645.17,60515.0,39935.16,87001.0,,,5961.46,12889.0,1599.85,3429.0,51.92,476.0,67436.69,19157.0,18063.21,12395.0,9837.97,4352.0,29919.16,4797.0,105513.39,55603.0,1126.0,148.0,24441.89,64617.0,,,890.73,226.0,171517.0,20885.0,645.59,3552.0,3747.65,9153.0,3061362.59,820260.0,9040.05,16738.0,560.65,2216.0,414.18,851.0,25.49,47.0,,
440,Lithuania,2022,64483.1,19668.0,3976.15,28300.0,98155.0,42408.0,,,51096.23,272625.0,7495.0,21494.0,81175.1,266090.0,7115018.36,23722.37,74135.0,1047.67,2723.0,,,14318.58,23415.0,15876.25,99966.0,15572.41,75383.0,37127.89,94169.0,,,6563.41,15851.0,1753.32,3960.0,49.91,496.0,39993.55,13520.0,19132.67,15213.0,6464.33,2194.0,10248.49,2985.0,92210.97,62795.0,2655.0,277.0,27332.84,104053.0,,,4285.6,1168.0,212841.0,31213.0,615.64,3574.0,3402.4,7539.0,2959197.56,1033513.0,8036.12,17763.0,141.38,726.0,437.64,943.0,63.79,45.0,13.9,49.0
440,Lithuania,2023,235319.53,58500.0,6723.61,36284.0,100495.0,52082.0,,,51837.65,257952.0,12212.0,36821.0,65395.96,159392.0,7331901.64,24126.3,70884.0,2014.84,9786.0,,,14368.19,27471.0,14772.51,95889.0,15257.8,71912.0,40646.09,98779.0,,,5993.9,19014.0,1450.54,4634.0,12.95,125.0,105582.07,31966.0,20214.9,15762.0,7465.86,3901.0,9940.04,3743.0,86398.16,46131.0,891.0,87.0,29158.42,78472.0,,,7183.09,1392.0,205838.0,39153.0,718.88,4088.0,3733.25,9756.0,3704409.45,1039857.0,7919.34,20483.0,447.23,694.0,740.78,1749.0,69.88,67.0,,
442,Luxembourg,2000,9218.0,1069.0,1718.0,6072.0,67107.0,18759.0,,,2039.0,7264.0,,,3576.0,6998.0,451534.75,2.0,4.0,16.0,44.0,0.0,,19.0,29.0,360.0,2531.0,497.0,1544.0,470.0,1250.0,0.0,2.0,635.0,2134.0,682.0,1371.0,76.0,575.0,1275.0,202.0,0.0,,289.0,556.0,6576.0,2162.0,94012.0,32869.0,,,8.0,20.0,,,11407.0,1933.0,17069.0,1649.0,0.0,,130.0,153.0,3946.0,749.0,2.0,3.0,3.0,6.0,,,,,,
442,Luxembourg,2001,12739.0,1523.0,1916.0,6536.0,28922.0,11004.0,,,14869.0,55057.0,,0.0,5580.0,9819.0,499278.0,3.0,5.0,18.0,48.0,0.0,0.0,17.0,27.0,369.0,2420.0,707.0,2335.0,553.0,1397.0,0.0,0.0,875.0,2476.0,1206.0,2063.0,84.0,559.0,2778.0,296.0,9.0,1.0,349.0,608.0,6515.0,2118.0,75075.0,30672.0,3.0,0.0,4.0,10.0,,,20448.0,3413.0,62622.0,6845.0,0.0,1.0,196.0,216.0,12068.0,1656.0,12.0,19.0,5.0,10.0,0.0,0.0,,0.0,,
442,Luxembourg,2002,4207.0,613.0,1625.0,5969.0,35707.0,14935.0,,,11773.0,70140.0,,0.0,5249.0,9656.0,536310.0,3.0,6.0,16.0,44.0,17.0,2.0,16.0,30.0,905.0,3922.0,1182.0,4190.0,529.0,1014.0,1.0,5.0,934.0,2885.0,909.0,1644.0,72.0,536.0,1136.0,160.0,24.0,3.0,225.0,463.0,10937.0,2801.0,92504.0,28969.0,0.0,0.0,6.0,14.0,,,15878.0,3731.0,22916.0,2255.0,0.0,0.0,202.0,273.0,8649.0,1726.0,4.0,10.0,3.0,14.0,23.0,15.0,,0.0,,
442,Luxembourg,2003,19413.0,3323.0,1402.0,6708.0,31222.0,15961.0,,,12512.0,88498.0,,0.0,5579.0,12224.0,667992.0,4.0,10.0,12.0,56.0,180.0,11.0,15.0,39.0,774.0,3579.0,929.0,3398.0,177.0,739.0,0.0,1.0,594.0,2221.0,651.0,1843.0,61.0,572.0,2799.0,592.0,38.0,7.0,278.0,676.0,6922.0,2447.0,96844.0,39430.0,24.0,1.0,4.0,10.0,,,16529.0,4852.0,20517.0,2218.0,0.0,0.0,185.0,346.0,10661.0,3130.0,1.0,5.0,59.0,211.0,17.0,7.0,,0.0,,
442,Luxembourg,2004,9229.0,2105.0,1745.0,8864.0,29591.0,15245.0,,,13714.0,98993.0,,0.0,4112.0,9679.0,700299.0,6.0,18.0,12.0,36.0,0.0,0.0,15.0,38.0,969.0,6135.0,1041.0,4101.0,160.0,844.0,0.0,2.0,578.0,2304.0,903.0,2630.0,55.0,572.0,5993.0,1292.0,0.0,0.0,280.0,893.0,4734.0,2102.0,71286.0,50690.0,0.0,0.0,1.0,4.0,,,22136.0,5030.0,52786.0,6460.0,0.0,0.0,315.0,624.0,19618.0,3630.0,1.0,4.0,68.0,248.0,18.0,12.0,,0.0,,
442,Luxembourg,2005,15401.0,2554.0,1612.0,7774.0,35783.0,21191.0,,,16309.0,114465.0,,0.0,4428.0,10283.0,778359.0,9.0,27.0,12.0,40.0,77.0,11.0,23.0,51.0,1078.0,8601.0,767.0,2716.0,154.0,929.0,0.0,2.0,586.0,2104.0,881.0,2322.0,51.0,581.0,4368.0,924.0,84.0,12.0,311.0,1152.0,5213.0,2475.0,58392.0,45633.0,0.0,0.0,8.0,26.0,,,16178.0,3705.0,59492.0,7952.0,0.0,0.0,584.0,1139.0,25024.0,3936.0,1.0,3.0,55.0,225.0,0.0,0.0,,0.0,,
442,Luxembourg,2006,21249.0,3379.0,1372.0,6556.0,40033.0,23783.0,,,21449.0,149785.0,,0.0,3876.0,9195.0,827697.0,7.0,23.0,10.0,47.0,77.0,11.0,29.0,61.0,1534.0,12362.0,768.0,2891.0,124.0,759.0,1.0,3.0,601.0,2088.0,723.0,2147.0,54.0,665.0,4077.0,657.0,3.0,2.0,377.0,1315.0,4421.0,2852.0,52516.0,46096.0,50.0,5.0,7.0,28.0,,,14529.0,3908.0,62846.0,9395.0,0.0,0.0,411.0,931.0,50112.0,8833.0,2.0,11.0,43.0,178.0,0.0,0.0,,0.0,,
442,Luxembourg,2007,26207.0,5188.0,1197.0,6599.0,31403.0,21140.0,,,21239.0,171591.0,,0.0,3396.0,8575.0,911349.0,7.0,31.0,16.0,66.0,0.0,0.0,41.0,107.0,1170.0,12032.0,681.0,3347.0,226.0,1500.0,0.0,1.0,453.0,1944.0,631.0,2250.0,52.0,785.0,3008.0,530.0,0.0,1.0,407.0,1712.0,2999.0,4270.0,123303.0,67728.0,0.0,0.0,28.0,55.0,,,9432.0,2673.0,76236.0,11368.0,0.0,1.0,737.0,1896.0,20628.0,6281.0,3.0,11.0,18.0,88.0,0.0,0.0,,0.0,,
442,Luxembourg,2008,18339.0,4050.0,1046.0,6776.0,38147.0,27475.0,,,27937.0,241240.0,,0.0,3212.0,9559.0,1109525.0,10.0,41.0,22.0,80.0,2875.0,39.0,36.0,114.0,999.0,13972.0,765.0,4200.0,309.0,2093.0,2.0,3.0,455.0,2319.0,855.0,3515.0,55.0,935.0,5114.0,1242.0,3.0,2.0,397.0,1761.0,4961.0,5202.0,139674.0,82778.0,154.0,22.0,135.0,226.0,,,118.0,77.0,79654.0,14330.0,0.0,1.0,580.0,1560.0,13326.0,4573.0,1.0,11.0,37.0,173.0,0.0,0.0,,0.0,,
442,Luxembourg,2009,14772.0,4236.0,1234.0,7957.0,38554.0,28641.0,,,28261.0,220825.0,72.0,216.0,3675.0,10003.0,1080925.0,6.0,20.0,23.0,95.0,191.0,6.0,27.0,122.0,1045.0,11432.0,702.0,3814.0,275.0,1740.0,1.0,1.0,448.0,2188.0,774.0,3144.0,53.0,765.0,5046.0,1340.0,3.0,1.0,428.0,1600.0,4838.0,7507.0,106127.0,66779.0,356.0,48.0,135.0,145.0,,,107.0,85.0,76549.0,12047.0,0.0,1.0,1106.0,2816.0,21581.0,4768.0,3.0,16.0,47.0,199.0,0.0,0.0,,0.0,,
442,Luxembourg,2010,16145.0,3624.0,2840.0,14528.0,17620.0,30216.0,,,44634.0,240334.0,66.0,229.0,6073.0,13973.0,1357978.0,9.0,17.0,28.0,114.0,100.0,9.0,58.0,143.0,1219.0,10112.0,621.0,3169.0,255.0,1646.0,3.0,3.0,725.0,1969.0,1175.0,2644.0,53.0,750.0,2272.0,1047.0,5.0,2.0,520.0,1828.0,3019.0,3671.0,143674.0,61520.0,586.0,74.0,17.0,53.0,,,115.0,114.0,25108.0,14092.0,0.0,1.0,442.0,1091.0,35138.0,8613.0,3.0,19.0,24.0,367.0,0.0,0.0,,0.0,,
442,Luxembourg,2011,10913.0,3412.0,3271.0,17497.0,27952.0,43980.0,,,41693.0,248191.0,62.0,196.0,8117.0,20347.0,1675927.0,4.0,13.0,39.0,161.0,100.0,30.0,59.0,164.0,1066.0,12437.0,740.0,4353.0,299.0,2185.0,0.0,4.0,706.0,2297.0,1474.0,3858.0,55.0,1054.0,1187.0,1144.0,3.0,6.0,610.0,2002.0,2353.0,4800.0,139969.0,70625.0,39.0,5.0,19.0,114.0,,,1457.0,346.0,92751.0,18453.0,0.0,2.0,445.0,1068.0,16517.0,5408.0,3.0,27.0,41.0,570.0,0.0,0.0,,0.0,,
442,Luxembourg,2012,13592.0,4552.0,2903.0,16538.0,36160.0,33014.0,,,41910.0,247291.0,71.0,238.0,8835.0,19931.0,1288620.0,7.0,27.0,35.0,166.0,26.0,1.0,58.0,202.0,1023.0,13442.0,592.0,3182.0,258.0,1373.0,4.0,13.0,279.0,1093.0,2517.0,5824.0,39.0,774.0,1734.0,1233.0,3.0,3.0,539.0,1424.0,1612.0,4153.0,141027.0,59393.0,0.0,0.0,19.0,90.0,,,1098.0,370.0,130354.0,20812.0,0.0,1.0,311.0,784.0,32000.0,10988.0,2.0,22.0,92.0,859.0,0.0,0.0,,0.0,,
442,Luxembourg,2013,13178.0,3894.0,2490.0,19000.0,32051.0,29016.0,,,44238.0,309579.0,164.0,346.0,5034.0,13120.0,1447723.0,6.0,25.0,41.0,176.0,0.0,0.0,126.0,185.0,771.0,8823.0,682.0,3028.0,238.0,1443.0,5.0,12.0,296.0,1153.0,2743.0,6459.0,53.0,744.0,1932.0,611.0,2.0,3.0,546.0,1519.0,2562.0,4398.0,157188.0,81271.0,0.0,0.0,141.0,233.0,,,1030.0,252.0,104330.0,19388.0,0.0,1.0,313.0,816.0,22769.0,6200.0,3.0,21.0,71.0,751.0,0.0,0.0,,0.0,,
442,Luxembourg,2014,13866.3,3474.0,2567.94,25689.0,38777.0,33415.0,,,47092.68,419524.0,163.0,386.0,9280.59,27360.0,1644157.31,7.54,36.0,45.92,192.0,,,128.47,186.0,1065.9,10812.0,965.31,3310.0,220.93,1553.0,1.26,14.0,358.12,1336.0,3616.73,8341.0,38.52,695.0,2029.5,677.0,40.64,12.0,629.14,1577.0,9574.51,4335.0,172664.0,89601.0,,,57.69,134.0,0.31,1.0,243.15,311.0,91904.0,14786.0,0.2,1.0,272.77,756.0,25836.09,7110.0,2.79,21.0,62.47,704.0,,,,,,
442,Luxembourg,2015,20186.1,4037.0,1571.63,12601.0,40797.0,28547.0,,,43977.55,319342.0,180.0,958.0,11571.3,26802.0,1409950.3,10.77,95.0,64.21,248.0,,,148.94,185.0,1783.26,11515.0,745.88,2855.0,251.46,1388.0,0.4,5.0,428.68,1265.0,3566.52,7067.0,48.24,779.0,1907.9,567.0,6.44,9.0,826.78,1407.0,5097.83,1956.0,221644.32,75936.0,3.0,1.0,6.78,33.0,0.09,0.0,145.91,280.0,91158.0,9982.0,0.45,20.0,242.9,587.0,25174.24,6179.0,3.4,20.0,102.01,1039.0,,,0.1,5.0,,
442,Luxembourg,2016,19336.28,3512.0,519.32,2843.0,43637.0,22903.0,,,34356.47,195456.0,48.0,278.0,9422.97,19907.0,1237825.22,10.46,103.0,43.09,159.0,75.0,5.0,173.01,209.0,1645.73,12137.0,509.65,2453.0,345.89,1835.0,0.24,3.0,408.04,1277.0,4887.91,9935.0,52.23,715.0,1669.01,504.0,37.61,14.0,644.31,1536.0,6590.96,2323.0,239851.59,77071.0,175.0,17.0,22.21,46.0,128.72,151.0,123.99,179.0,67402.0,10568.0,0.41,27.0,256.67,549.0,38717.25,7118.0,4.03,23.0,102.96,1096.0,,,0.11,3.0,,
442,Luxembourg,2017,12321.29,2379.0,547.99,3917.0,43823.0,26875.0,,,35638.3,237278.0,55.0,370.0,8342.99,21524.0,1381980.84,11.67,111.0,268.88,706.0,,,219.48,272.0,1462.85,13323.0,615.95,3004.0,310.9,1735.0,0.61,10.0,455.65,1407.0,3288.26,8274.0,64.97,936.0,1245.29,381.0,33.64,12.0,520.43,1975.0,8392.75,3476.0,242096.49,102107.0,109.0,4.0,2.31,49.0,888.04,1108.0,1091.76,1641.0,65208.0,14637.0,1.03,67.0,218.72,542.0,24848.19,5118.0,6.43,43.0,154.59,1576.0,,,0.01,1.0,,
442,Luxembourg,2018,17557.34,4124.0,730.08,5869.0,41024.0,26220.0,,,37171.06,251907.0,72.0,328.0,18189.26,29166.0,1510329.11,11.99,123.0,1184.18,2653.0,,,217.67,283.0,1794.62,15956.0,683.35,3371.0,361.06,2132.0,1.22,33.0,542.89,1591.0,3925.51,8278.0,63.59,987.0,1695.3,534.0,35.27,14.0,660.76,2806.0,9234.59,3727.0,247222.62,103168.0,388.0,20.0,58.38,382.0,719.67,946.0,2288.65,2850.0,64590.0,11507.0,2.65,94.0,333.25,821.0,31977.65,8515.0,9.02,51.0,151.73,1919.0,,,,,0.0,35.0
442,Luxembourg,2019,13747.03,3014.0,955.2,7113.0,36217.0,22525.0,,,30255.72,194619.0,93.0,292.0,14845.79,27669.0,1373384.97,18.78,122.0,1737.12,3651.0,1073.0,443.0,416.21,505.0,1914.77,14403.0,701.08,3723.0,391.88,2091.0,0.5,17.0,639.95,1890.0,3871.33,9105.0,74.04,967.0,2309.31,701.0,34.87,14.0,730.49,2998.0,8745.27,4452.0,251429.4,99933.0,478.0,58.0,105.13,1292.0,792.56,1073.0,17252.34,3082.0,46757.0,9656.0,6.38,116.0,329.0,821.0,34349.87,8168.0,12.19,65.0,126.09,1584.0,,,0.13,4.0,0.01,102.0
442,Luxembourg,2020,12741.69,2798.0,755.63,5601.0,40052.0,22587.0,,,29147.21,192633.0,112.0,317.0,7878.45,21807.0,1409278.8,5.92,41.0,1840.15,4050.0,5.0,6.0,756.57,946.0,1680.86,11356.0,756.63,4112.0,302.66,2046.0,0.31,14.0,672.6,2077.0,3689.36,8445.0,50.69,774.0,1949.18,610.0,234.23,68.0,702.96,2463.0,8401.82,4812.0,266545.74,109231.0,145.0,9.0,15.99,88.0,522.28,746.0,14717.25,3142.0,51303.0,10985.0,5.9,105.0,222.56,619.0,30422.92,8237.0,54.66,284.0,111.17,1204.0,,,0.05,2.0,0.01,55.0
442,Luxembourg,2021,8846.59,2507.0,1171.03,10643.0,42864.0,28227.0,,,34643.67,245787.0,407.0,795.0,10524.1,31504.0,1544783.21,6.04,35.0,2284.26,4923.0,,,649.5,834.0,1784.88,13778.0,571.81,3911.0,491.6,2927.0,0.34,18.0,762.72,2797.0,3455.11,7282.0,66.29,1070.0,1530.82,590.0,29.31,17.0,621.38,2404.0,3006.33,3701.0,272389.75,123235.0,634.0,425.0,1.82,9.0,616.9,927.0,9079.77,2276.0,51572.0,14485.0,2.75,51.0,217.09,721.0,23032.6,7082.0,350.2,1856.0,126.58,1540.0,17.23,91.0,,,,
442,Luxembourg,2022,5735.68,2352.0,1668.12,18508.0,41552.0,30687.0,,,46589.26,332525.0,498.0,631.0,8785.64,29825.0,1640144.55,9.19,54.0,2204.64,6438.0,,,1100.82,1270.0,2195.73,19070.0,348.6,3174.0,697.61,4197.0,0.82,15.0,974.9,4064.0,3339.9,8125.0,63.39,1076.0,1691.76,661.0,43.29,24.0,792.35,2944.0,3176.69,2750.0,273124.54,152568.0,259.0,13.0,0.08,1.0,706.52,1039.0,6246.27,2026.0,45070.0,15353.0,0.3,16.0,253.78,850.0,15390.45,7186.0,357.19,1840.0,168.6,1463.0,,,,,,
442,Luxembourg,2023,10972.37,3341.0,1832.32,22386.0,41552.0,31015.0,,,41016.18,360984.0,671.0,893.0,11761.58,44000.0,1846301.09,8.75,58.0,1616.84,5825.0,,,828.17,984.0,1981.22,17491.0,329.85,3067.0,532.55,3812.0,0.18,8.0,815.01,4004.0,3112.91,9434.0,88.89,1297.0,1686.11,723.0,20.0,16.0,767.42,3058.0,4506.13,3748.0,285456.85,152143.0,131.0,9.0,0.23,3.0,590.65,1277.0,2204.71,1078.0,40087.0,15858.0,0.05,1.0,250.38,1018.0,25619.69,9571.0,90.89,563.0,135.22,1339.0,,,,,,
470,Malta,2000,0.0,0.0,350.0,273.0,0.0,0.0,,,28.0,87.0,0.0,0.0,113.0,83.0,57698.83,,,0.0,0.0,,,0.0,0.0,5.0,37.0,0.0,0.0,1.0,3.0,,,0.04,0.0,0.0,0.0,4.0,34.0,,,215.0,242.0,0.0,0.0,6539.0,2221.0,1.0,1.0,,,16.0,27.0,,,41.0,49.0,0.0,0.0,,,7.0,15.0,0.0,0.0,17.0,17.0,8.0,16.0,0.0,0.0,7.0,20.0,,
470,Malta,2001,0.0,0.0,164.0,174.0,0.0,0.0,,,22.0,56.0,0.0,0.0,1.0,1.0,63529.36,,,4.0,9.0,,,0.0,0.0,17.0,113.0,0.0,0.0,8.0,49.0,,,1.0,5.0,6.0,46.0,5.0,34.0,,1.0,271.0,313.0,2.0,6.0,6118.0,2556.0,0.0,2.0,,,54.0,106.0,,,0.0,1.0,0.0,0.0,25.0,37.0,8.0,12.0,0.0,0.0,0.0,0.0,121.0,256.0,0.0,0.0,0.0,0.0,,
470,Malta,2002,0.0,0.0,83.0,105.0,0.0,0.0,,,25.0,57.0,0.0,0.0,1.0,3.0,89104.0,,,0.0,0.0,,,0.0,0.0,1.0,8.0,1.0,7.0,1.0,6.0,,,2.0,14.0,8.0,62.0,3.0,26.0,,0.0,314.0,349.0,0.0,0.0,6293.0,2233.0,4.0,23.0,,,0.0,0.0,,,0.0,4.0,0.0,0.0,3.0,2.0,1.0,1.0,18.0,6.0,0.0,0.0,0.0,0.0,0.0,0.0,0.0,0.0,,
470,Malta,2003,0.0,0.0,61.0,55.0,0.0,0.0,,,5.0,12.0,0.0,0.0,1.0,1.0,99690.0,,,0.0,0.0,,,0.0,0.0,3.0,12.0,4.0,20.0,0.0,0.0,,,0.0,0.0,0.0,0.0,0.0,0.0,,0.0,341.0,370.0,0.0,0.0,4295.0,2010.0,1.0,7.0,,,0.0,0.0,,,8.0,4.0,0.0,0.0,0.0,0.0,0.0,0.0,2150.0,221.0,0.0,0.0,0.0,0.0,16.0,42.0,0.0,0.0,,
470,Malta,2004,0.0,0.0,80.0,76.0,0.0,0.0,,,25.0,63.0,0.0,0.0,0.0,0.0,76005.0,1.0,6.0,0.0,0.0,,,0.0,0.0,106.0,717.0,0.0,0.0,0.0,0.0,,,0.0,0.0,0.0,0.0,0.0,0.0,,0.0,381.0,473.0,0.0,0.0,4392.0,2831.0,0.0,0.0,,,0.0,0.0,,,0.0,0.0,0.0,0.0,0.0,0.0,0.0,0.0,0.0,0.0,0.0,0.0,0.0,0.0,0.0,0.0,0.0,0.0,,
470,Malta,2005,0.0,0.0,114.0,164.0,0.0,0.0,,,0.0,0.0,0.0,0.0,0.0,0.0,69378.0,0.0,0.0,0.0,0.0,25.0,3.0,0.0,0.0,5.0,22.0,14.0,130.0,1.0,8.0,4.0,17.0,0.0,0.0,4.0,7.0,0.0,0.0,,0.0,282.0,365.0,0.0,0.0,3666.0,1597.0,0.0,0.0,,,0.0,0.0,,,0.0,0.0,0.0,0.0,0.0,0.0,0.0,0.0,0.0,0.0,0.0,0.0,0.0,0.0,0.0,0.0,0.0,0.0,,
470,Malta,2006,0.0,0.0,101.0,177.0,0.0,0.0,,,6.0,16.0,0.0,0.0,0.0,0.0,75659.95,0.0,0.0,0.0,0.0,100.0,32.0,0.0,0.0,1.0,6.0,0.0,0.0,1.0,2.0,0.0,0.0,0.0,0.0,3.0,7.0,0.0,1.0,,0.0,474.0,647.0,1.0,2.0,4197.0,2346.0,2.0,4.0,,,0.0,0.0,,,0.0,0.0,0.0,0.0,0.0,0.0,1.0,2.0,0.0,0.0,0.0,0.0,0.0,0.0,0.0,0.0,0.0,0.0,,
470,Malta,2007,0.0,0.0,20.0,9.0,0.0,0.0,,,3.0,5.0,0.0,0.0,0.0,0.0,64336.05,0.0,0.0,0.0,0.0,21.0,4.0,0.0,0.0,4.0,62.0,1.0,6.0,5.0,19.0,0.0,0.0,0.0,0.0,0.0,0.0,1.0,15.0,,0.0,31.0,49.0,1.0,1.0,2299.0,1356.0,0.0,0.0,,,0.0,0.0,,,0.0,0.0,1.0,0.0,0.0,0.0,0.0,0.0,0.0,0.0,2.0,4.0,0.0,0.0,0.0,0.0,0.0,0.0,,
470,Malta,2008,0.0,0.0,12.0,15.0,0.0,0.0,1.0,2.0,112.0,324.0,0.0,0.0,1.0,10.0,93653.15,0.0,0.0,0.0,0.0,0.0,0.0,3.0,6.0,9.0,30.0,0.0,0.0,8.0,49.0,0.0,0.0,9.0,21.0,0.0,0.0,0.0,0.0,,0.0,2.0,3.0,1.0,2.0,1237.0,1023.0,23.0,26.0,,,0.0,0.0,,,5.0,12.0,0.0,0.0,0.0,0.0,3.0,18.0,14676.0,8555.0,0.0,1.0,0.0,0.0,0.0,0.0,0.0,0.0,,
470,Malta,2009,0.0,0.0,1.0,1.0,0.0,0.0,0.0,0.0,38.0,139.0,0.0,0.0,0.0,0.0,80547.0,0.0,0.0,0.0,0.0,0.0,0.0,0.0,0.0,22.0,78.0,0.0,0.0,0.0,0.0,0.0,0.0,0.0,0.0,0.0,0.0,0.0,0.0,,0.0,0.0,0.0,0.0,0.0,855.0,604.0,0.0,0.0,,,0.0,0.0,,,0.0,0.0,0.0,0.0,0.0,0.0,0.0,0.0,0.0,0.0,0.0,1.0,0.0,0.0,0.0,0.0,0.0,0.0,,
470,Malta,2010,0.0,0.0,0.0,0.0,0.0,0.0,0.0,0.0,31.0,115.0,0.0,0.0,0.0,0.0,86790.0,0.0,0.0,0.0,0.0,0.0,0.0,0.0,0.0,21.0,152.0,5.0,16.0,0.0,0.0,0.0,0.0,0.0,0.0,0.0,0.0,0.0,0.0,,0.0,0.0,0.0,0.0,0.0,919.0,540.0,3.0,7.0,,,0.0,0.0,,,0.0,0.0,0.0,0.0,0.0,0.0,0.0,0.0,0.0,0.0,1.0,3.0,1.0,2.0,0.0,0.0,0.0,0.0,,
470,Malta,2011,0.0,0.0,4.0,23.0,0.0,0.0,0.0,0.0,38.0,215.0,0.0,0.0,1.0,12.0,109064.7,0.0,0.0,0.0,0.0,0.0,0.0,0.0,0.0,25.0,58.0,1.0,2.0,41.0,58.0,0.0,0.0,0.0,1.0,0.0,0.0,0.0,0.0,,0.0,0.0,0.0,0.0,0.0,5849.0,4285.0,33.0,43.0,,,34.0,172.0,,,0.0,0.0,0.0,0.0,0.0,0.0,3.0,6.0,0.0,0.0,0.0,1.0,2.0,6.0,0.0,0.0,0.0,0.0,,
470,Malta,2012,0.0,0.0,29.0,131.0,0.0,0.0,0.0,0.0,45.0,189.0,52.0,32.0,0.0,7.0,134704.09,0.0,0.0,0.0,0.0,0.0,0.0,0.0,0.0,55.0,354.0,11.0,69.0,104.0,159.0,0.0,0.0,0.0,0.0,0.0,0.0,0.0,0.0,,0.0,0.0,0.0,0.0,0.0,2860.0,1752.0,20.0,9.0,,,0.0,0.0,,,0.0,0.0,0.0,0.0,0.0,0.0,0.0,0.0,41662.0,14790.0,23.0,20.0,0.0,0.0,0.0,0.0,0.0,0.0,,
470,Malta,2013,0.0,0.0,0.0,2.0,0.0,0.0,0.0,0.0,120.0,529.0,58.0,58.0,0.0,0.0,137857.73,0.0,0.0,0.0,0.0,0.0,0.0,0.0,0.0,3.0,23.0,0.0,0.0,0.0,1.0,0.0,0.0,1.0,1.0,2.0,8.0,0.0,0.0,,0.0,0.0,0.0,0.0,0.0,4238.0,2738.0,1.0,1.0,,,0.0,0.0,,,0.0,0.0,0.0,0.0,0.0,0.0,9.0,20.0,0.0,0.0,0.0,0.0,0.0,0.0,0.0,0.0,0.0,0.0,,
470,Malta,2014,,,,,274.0,515.0,0.07,1.0,4.6,10.0,6.0,17.0,,,143563.36,,,,,,,,,6.16,7.0,1.0,4.0,0.1,0.0,,,6.62,9.0,2.3,9.0,,,,,,,,,2938.6,1796.0,,,514.0,65.0,,,,,,,,,1.1,1.0,,,2207.0,561.0,0.1,2.0,,,,,,,,
470,Malta,2015,,,,,,,,,83.98,367.0,,,,,133242.32,,,,,,,,,8.1,77.0,,,0.08,0.0,,,,,0.1,1.0,,,70.0,140.0,4.4,10.0,,,1914.3,1110.0,,,,,,,,,,,,,,,42.2,42.0,,,,,,,,,,,,
470,Malta,2016,,,,,,,,,268.02,736.0,,,,,112934.31,,,,,,,,,25.04,105.0,,,0.34,0.0,,,0.01,0.0,,,,,,,261.93,552.0,,,1243.41,753.0,,,,,,,,,,,,,,,,,15522.07,3863.0,8.0,35.0,,,,,,,,
470,Malta,2017,2722.5,523.0,0.69,1.0,,,,,113.16,525.0,,,,,114835.06,,,,,,,,,3.98,16.0,0.25,3.0,5.09,8.0,,,,,,,0.02,0.0,93.3,211.0,248.34,539.0,,,2355.57,1362.0,2550.82,2460.0,,,11.09,47.0,,,,,,,,,0.8,1.0,8255.82,2462.0,,,0.01,0.0,,,,,,
470,Malta,2018,,,,,,,0.04,0.0,677.22,3076.0,,,,,117075.66,,,,,,,,,1.98,12.0,2.54,39.0,9.81,16.0,,,19.6,56.0,0.0,71.0,1.83,13.0,570.04,1268.0,41.49,50.0,,,3348.26,1347.0,2.93,2.0,,,15.19,110.0,,,,,,,,,3.55,3.0,,,0.03,1.0,,,,,,,,
470,Malta,2019,,,0.16,1.0,,,,,3.95,25.0,,,0.39,1.0,113426.69,,,,,,,,,0.99,10.0,5.6,20.0,1.63,3.0,,,0.18,0.0,0.0,0.0,0.2,2.0,321.97,684.0,262.92,563.0,,,1250.09,861.0,1.21,3.0,,,7.51,47.0,,,,,,,,,6.92,4.0,,,,,0.06,1.0,,,,,,
470,Malta,2020,,,14.4,88.0,,,,,145.69,803.0,,,,,108390.12,,,,,,,,,0.17,3.0,0.41,6.0,0.06,1.0,,,0.0,0.0,,,,,,,532.08,1085.0,0.0,0.0,1277.2,637.0,,,,,0.03,0.0,,,,,,,,,47.46,103.0,,,0.0,0.0,,,,,,,,
470,Malta,2021,,,11.38,79.0,,,0.03,1.0,158.23,857.0,0.0,1.0,,,105479.87,,,,,,,,,1.27,32.0,2.11,8.0,0.45,4.0,,,,,,,0.16,3.0,,,706.02,1494.0,0.53,1.0,1410.75,865.0,,,,,,,,,,,,,,,,,,,,,,,,,,,,
470,Malta,2022,,,0.22,3.0,,,0.78,3.0,285.73,1585.0,,,0.73,2.0,122558.15,,,,,,,,,3.73,77.0,5.14,25.0,2.58,9.0,,,,,0.1,3.0,0.1,2.0,,,658.46,1771.0,1.58,5.0,302.09,185.0,748.0,465.0,,,,,,,0.01,0.0,,,,,,,,,0.21,1.0,,,,,,,,
470,Malta,2023,,,0.5,4.0,,,0.15,2.0,51.82,288.0,,,,,132491.07,,,,,,,,,19.78,108.0,0.07,0.0,4.16,9.0,,,,,,,,,,,152.8,435.0,2.16,11.0,202.66,182.0,53.59,27.0,,,,,,,,,,,,,,,10500.0,2526.0,,,,,,,,,,
528,Netherlands (Kingdom of the),2000,135528.0,21587.0,119076.0,283238.0,96446.0,48208.0,2606.0,9699.0,434729.0,1406418.0,118524.0,81478.0,58407.0,97504.0,27877555.5,24354.0,39035.0,44676.0,50029.0,41573.0,981.0,295645.0,290357.0,174112.0,632697.0,119631.0,428182.0,581063.0,691874.0,122.0,397.0,231291.0,419850.0,404151.0,574733.0,12163.0,15669.0,4736.0,716.0,2228.0,689.0,103432.0,70446.0,1347739.0,251990.0,212401.0,65462.0,311717.0,16572.0,110937.0,201678.0,,,22279.0,4421.0,2863424.0,214202.0,1077.0,1745.0,106715.0,89529.0,184841.0,25329.0,,,179002.0,373180.0,407.0,821.0,783.0,906.0,,
528,Netherlands (Kingdom of the),2001,262822.0,36766.0,163314.0,389761.0,52494.0,23818.0,2611.0,11055.0,425274.0,1444830.0,177622.0,111346.0,41090.0,68324.0,27819205.34,16533.0,29180.0,42078.0,45142.0,16167.0,411.0,318613.0,258384.0,151985.0,472035.0,83153.0,250522.0,586628.0,791572.0,200.0,571.0,178584.0,363323.0,380288.0,621305.0,6307.0,22623.0,5949.0,888.0,2185.0,603.0,83512.0,64961.0,1551547.0,295853.0,170413.0,57087.0,222597.0,16552.0,86156.0,181398.0,,,40934.0,8149.0,3052002.0,287315.0,42.0,67.0,135832.0,105466.0,174621.0,26047.0,,,155502.0,381535.0,168.0,344.0,101.0,62.0,,
528,Netherlands (Kingdom of the),2002,148587.0,24657.0,159427.0,383628.0,83009.0,40836.0,2406.0,11172.0,449496.0,1542999.0,160447.0,103282.0,29092.0,48919.0,32513721.73,19276.0,30884.0,54785.0,59231.0,60629.0,1751.0,264611.0,268973.0,188246.0,691211.0,98656.0,337819.0,619687.0,778413.0,245.0,1049.0,187553.0,337823.0,335535.0,473963.0,7716.0,25768.0,2915.0,496.0,2957.0,834.0,94973.0,69916.0,1741565.0,399530.0,230832.0,66022.0,292581.0,20534.0,87627.0,152190.0,,,24345.0,7435.0,2843795.0,221245.0,97.0,231.0,146850.0,126704.0,242176.0,35892.0,,,171845.0,390988.0,83.0,80.0,88.0,28.0,,
528,Netherlands (Kingdom of the),2003,166087.0,27514.0,233013.0,653149.0,105348.0,69230.0,27.0,232.0,510390.0,2003571.0,89929.0,70448.0,67315.0,126771.0,41896161.02,12395.0,22189.0,66595.0,100629.0,136294.0,4044.0,192165.0,265236.0,204275.0,959460.0,116935.0,512417.0,584787.0,931859.0,214.0,938.0,216461.0,472769.0,373281.0,590764.0,6172.0,39105.0,10896.0,2074.0,3061.0,1212.0,131307.0,116772.0,1814207.0,418570.0,459122.0,178607.0,144510.0,14094.0,109540.0,222737.0,,,81062.0,17452.0,5077523.0,404017.0,75.0,171.0,254362.0,172131.0,230308.0,42736.0,,,184018.0,477651.0,231.0,448.0,101.0,59.0,,
528,Netherlands (Kingdom of the),2004,189781.0,35568.0,195896.0,586085.0,137019.0,98522.0,26.0,248.0,489516.0,2099353.0,163313.0,134746.0,69033.0,144942.0,47786617.84,18542.0,41018.0,69790.0,113236.0,130094.0,4451.0,265288.0,313755.0,201879.0,1143486.0,108783.0,525422.0,515473.0,936011.0,70.0,415.0,242881.0,599962.0,427695.0,827335.0,4765.0,36848.0,3069.0,640.0,3271.0,1538.0,131267.0,136231.0,1696616.0,497983.0,358880.0,151271.0,149310.0,15870.0,81116.0,183276.0,,,81826.0,23951.0,4821845.0,496946.0,121.0,168.0,155585.0,170659.0,268273.0,52202.0,,,177277.0,512635.0,321.0,809.0,58.0,31.0,,
528,Netherlands (Kingdom of the),2005,471207.0,72596.0,176493.0,556954.0,204123.0,126603.0,44.0,338.0,550240.0,2357247.0,188435.0,136795.0,101863.0,194401.0,50784515.51,13867.0,33489.0,75458.0,101284.0,147999.0,4743.0,267420.0,331415.0,220001.0,1317089.0,129015.0,620922.0,624280.0,1163828.0,226.0,803.0,228779.0,576003.0,440171.0,865686.0,10532.0,60998.0,16659.0,2825.0,2382.0,1108.0,126482.0,139426.0,1504176.0,358059.0,401681.0,163454.0,266459.0,29650.0,59011.0,124324.0,,,28933.0,8371.0,5354638.0,590405.0,16.0,119.0,161168.0,169286.0,336184.0,58879.0,,,150780.0,470808.0,186.0,372.0,70.0,37.0,,
528,Netherlands (Kingdom of the),2006,137407.0,28114.0,171648.0,514645.0,146332.0,122330.0,117.0,369.0,581562.0,2456302.0,215735.0,217468.0,106012.0,188376.0,54890881.39,22656.0,53879.0,81869.0,114202.0,118451.0,4127.0,277205.0,380884.0,226440.0,1524401.0,114889.0,610221.0,691286.0,1284489.0,216.0,1000.0,238781.0,659554.0,403693.0,873234.0,12040.0,75201.0,8703.0,1635.0,1538.0,728.0,138776.0,207148.0,1634892.0,575809.0,399982.0,164713.0,211176.0,22530.0,47725.0,118884.0,,,30260.0,9255.0,6602923.0,710264.0,24.0,95.0,174563.0,203389.0,345759.0,73779.0,,,150002.0,477304.0,150.0,376.0,17.0,9.0,,
528,Netherlands (Kingdom of the),2007,354424.0,90070.0,153658.0,601372.0,149326.0,126153.0,50.0,376.0,603741.0,2929034.0,185234.0,265206.0,88531.0,201511.0,67598362.66,19688.0,72691.0,86089.0,149840.0,65312.0,2872.0,345720.0,519418.0,239521.0,1726488.0,112236.0,663754.0,695781.0,1716631.0,631.0,2498.0,284027.0,804518.0,443075.0,949519.0,13844.0,96003.0,23613.0,6813.0,1677.0,1012.0,161095.0,287461.0,1552730.0,718850.0,400959.0,211863.0,249128.0,29959.0,48178.0,200783.0,,,29201.0,13672.0,7766913.0,773800.0,1452.0,3253.0,191177.0,231705.0,603413.0,168291.0,,,139807.0,620348.0,121.0,367.0,12.0,25.0,,
528,Netherlands (Kingdom of the),2008,202133.0,65761.0,155860.0,697602.0,134988.0,95852.0,614.0,5456.0,628419.0,3702364.0,204479.0,315408.0,93682.0,212757.0,78997769.1,20104.0,71235.0,93811.0,193520.0,35109.0,1389.0,419247.0,623941.0,264448.0,2110585.0,129020.0,742463.0,683728.0,1826154.0,259.0,1261.0,299334.0,969180.0,450851.0,1145810.0,12172.0,102544.0,6127.0,2548.0,1618.0,1379.0,176116.0,324552.0,1488171.0,676915.0,442211.0,256566.0,259901.0,36180.0,58340.0,184833.0,,,23280.0,13618.0,8874301.0,1206184.0,1704.0,4415.0,186508.0,234447.0,603376.0,198156.0,33828.0,78537.0,157922.0,825174.0,3.0,9.0,13.0,39.0,,
528,Netherlands (Kingdom of the),2009,125229.0,27939.0,178457.0,625468.0,238993.0,176771.0,971.0,7703.0,569697.0,2728041.0,241212.0,386047.0,113245.0,218358.0,74272702.12,20961.0,50955.0,116373.0,218986.0,24073.0,1314.0,396445.0,782153.0,288836.0,2019418.0,131178.0,708106.0,731750.0,1713929.0,457.0,1741.0,311315.0,910086.0,429432.0,943974.0,11663.0,93778.0,15447.0,3556.0,1443.0,1280.0,201158.0,339925.0,1698245.0,670235.0,545428.0,258490.0,235614.0,32321.0,81835.0,182811.0,,,35698.0,10867.0,10424570.0,1255718.0,4208.0,11414.0,218737.0,256029.0,888174.0,206758.0,55555.0,108617.0,178469.0,576776.0,1.0,6.0,6.0,26.0,,
528,Netherlands (Kingdom of the),2010,267061.0,63460.0,181959.0,820987.0,249716.0,212913.0,471.0,3392.0,681045.0,3235650.0,316390.0,382768.0,143300.0,338503.0,77260251.0,28441.0,81863.0,124387.0,218045.0,944.0,128.0,408515.0,813130.0,262380.0,1800446.0,127940.0,676182.0,878132.0,1869332.0,224.0,1000.0,345606.0,920363.0,438472.0,924143.0,15704.0,130593.0,18506.0,4026.0,3325.0,2757.0,204480.0,383492.0,1883601.0,789735.0,446062.0,227547.0,253450.0,34279.0,98287.0,274135.0,,,39728.0,12730.0,11371905.0,1157991.0,2654.0,7231.0,259392.0,283434.0,525519.0,121509.0,54359.0,104828.0,162353.0,684278.0,23.0,44.0,1.0,6.0,,
528,Netherlands (Kingdom of the),2011,274099.0,77903.0,175924.0,1020067.0,375133.0,262842.0,10060.0,45444.0,678410.0,3733226.0,335475.0,428414.0,143334.0,407303.0,89304861.0,58533.0,128771.0,129648.0,236437.0,28782.0,1415.0,381310.0,700662.0,238752.0,1983973.0,164164.0,1017267.0,995945.0,2208782.0,655.0,2770.0,333692.0,1003872.0,479147.0,1130840.0,22122.0,241307.0,29133.0,10232.0,2242.0,2566.0,240783.0,384644.0,1942352.0,1007472.0,525915.0,307205.0,237450.0,35146.0,115688.0,400646.0,,,38669.0,11112.0,9832095.0,1127764.0,3107.0,11369.0,253845.0,299703.0,549447.0,183365.0,64016.0,139384.0,145102.0,747603.0,10.0,38.0,11.0,58.0,,
528,Netherlands (Kingdom of the),2012,84630.0,24685.0,160693.0,627612.0,247096.0,203983.0,0.0,0.0,702719.0,3492672.0,297854.0,382439.0,117132.0,250115.0,86569247.0,58612.0,97238.0,118740.0,278747.0,16344.0,751.0,374153.0,784632.0,254296.0,2032029.0,160261.0,928258.0,916250.0,2242393.0,551.0,2075.0,118772.0,361736.0,632307.0,1660592.0,21745.0,219006.0,24703.0,7513.0,2796.0,3115.0,196811.0,317276.0,1693892.0,707501.0,382003.0,193984.0,296299.0,28133.0,87405.0,283259.0,,,20292.0,12574.0,9612356.0,1221290.0,1680.0,5657.0,239352.0,266730.0,528889.0,165981.0,54616.0,120662.0,150169.0,672235.0,217.0,1029.0,7.0,52.0,,
528,Netherlands (Kingdom of the),2013,264299.0,80047.0,120261.0,606228.0,243196.0,265584.0,0.0,0.0,654774.0,3659769.0,330181.0,401566.0,132706.0,358283.0,90915095.0,69312.0,148391.0,124766.0,278662.0,26306.0,1549.0,470149.0,836406.0,218587.0,1925236.0,161331.0,940119.0,872281.0,2119616.0,502.0,2100.0,137497.0,450097.0,589353.0,1646860.0,24850.0,230688.0,19499.0,7395.0,2667.0,2839.0,199954.0,316496.0,1778061.0,923834.0,359909.0,227876.0,213501.0,31907.0,88819.0,362020.0,,,18898.0,10056.0,10935783.0,1343660.0,1885.0,8331.0,249580.0,327082.0,586773.0,184777.0,49464.0,142953.0,156635.0,814844.0,1554.0,5655.0,8.0,23.0,,
528,Netherlands (Kingdom of the),2014,52016.44,14251.0,149011.35,702889.0,232220.0,266031.0,,,591654.38,3335077.0,323322.0,405358.0,151189.88,360695.0,85285849.66,79736.77,180858.0,126256.78,238570.0,1742.0,191.0,448650.95,756104.0,222430.62,1914047.0,146874.96,841139.0,911183.21,2198065.0,473.12,2189.0,126679.5,369168.0,654279.77,1757694.0,23698.55,236170.0,10671.17,4202.0,2541.71,2801.0,233335.44,298137.0,1741528.39,781623.0,379088.64,244842.0,115661.0,16857.0,95535.59,378079.0,,,23578.2,32005.0,8517599.0,1087697.0,1770.72,9719.0,249586.21,340840.0,602349.77,177674.0,50487.78,211317.0,145873.64,797398.0,971.9,4001.0,1.47,15.0,,
528,Netherlands (Kingdom of the),2015,38240.85,10990.0,177558.8,617630.0,776632.0,317810.0,,,760989.25,3100224.0,341840.0,319990.0,150063.79,278136.0,73304817.04,73672.78,100119.0,81931.2,173263.0,806.0,277.0,425569.89,591239.0,248731.61,1792342.0,162200.76,737017.0,948450.71,2001513.0,513.7,1926.0,151088.61,322164.0,706386.45,1442332.0,22775.61,199499.0,8050.26,2132.0,4230.36,5737.0,180173.47,284725.0,1515173.1,602367.0,317782.4,166279.0,119865.0,15727.0,107980.09,238272.0,,,53859.31,51918.0,6016883.0,518797.0,4061.93,18566.0,284850.38,316181.0,504006.68,114357.0,88731.1,189638.0,161916.09,559362.0,893.3,3847.0,0.2,6.0,,
528,Netherlands (Kingdom of the),2016,123899.18,25177.0,216959.01,732557.0,275743.0,251444.0,,,857285.93,3256740.0,336034.0,324177.0,133185.75,238829.0,78822680.37,60407.88,111102.0,93976.37,209730.0,1810.0,984.0,349726.48,552538.0,273668.92,1988289.0,164570.39,727758.0,1044821.98,2092244.0,375.99,1627.0,208448.52,514938.0,636728.96,1351317.0,26385.34,250529.0,7704.18,2966.0,3890.63,4879.0,212354.84,376401.0,1626368.32,676869.0,350065.66,222142.0,97198.0,12817.0,98251.42,207529.0,,,109274.34,154232.0,6411841.0,685317.0,5548.39,22027.0,232216.53,277878.0,448516.48,97625.0,79359.35,175042.0,189915.49,604565.0,924.97,3899.0,0.07,1.0,18.51,17.0
528,Netherlands (Kingdom of the),2017,68543.9,17703.0,223336.98,1135158.0,476030.0,430648.0,,,885547.79,3949827.0,354061.0,373088.0,138170.4,364174.0,95980218.54,69923.63,150550.0,122332.41,267929.0,6054.0,1253.0,405894.86,687766.0,321007.63,2399540.0,150857.27,735116.0,1181641.25,2264596.0,585.34,2784.0,210762.05,551912.0,693004.17,1601874.0,36810.49,334892.0,13251.42,6363.0,5081.64,6930.0,289273.63,479330.0,1821594.86,798312.0,576113.43,335430.0,185159.0,20409.0,127561.29,308674.0,,,278130.31,254026.0,11766919.0,1124447.0,6581.52,22080.0,256134.97,272095.0,409052.41,105005.0,90022.88,210759.0,198417.93,798904.0,432.88,2089.0,0.05,1.0,,
528,Netherlands (Kingdom of the),2018,222439.24,59817.0,219785.14,1230765.0,449254.0,426001.0,,,858638.25,3985875.0,306778.0,369697.0,123405.67,359999.0,100117483.9,82434.75,165782.0,116682.62,281133.0,6405.0,2380.0,453019.61,774955.0,326530.7,2517447.0,151828.87,785477.0,1225548.74,2572567.0,580.45,2699.0,231914.55,611505.0,679732.46,1533237.0,34394.19,346614.0,8659.49,5435.0,5051.16,7245.0,305377.7,510992.0,1801348.56,799129.0,617430.47,353866.0,150911.0,17971.0,85500.89,307364.0,,,175675.86,264083.0,10906574.0,911125.0,4767.74,18945.0,213914.58,231244.0,359101.93,103587.0,63267.31,156306.0,170849.77,703798.0,116.47,732.0,,,0.16,3.0
528,Netherlands (Kingdom of the),2019,96336.35,28760.0,238962.03,1098608.0,445566.0,311846.0,,,891712.32,3955122.0,303152.0,344096.0,131509.81,300543.0,97443844.45,84155.43,173272.0,113229.89,243337.0,10099.0,3412.0,389909.3,705206.0,326306.6,2304536.0,161678.09,772432.0,1289645.13,2479029.0,996.61,4525.0,253590.92,735694.0,768483.14,1951552.0,32741.18,286399.0,11859.28,5024.0,5597.73,8399.0,320159.32,517431.0,2282985.28,994678.0,515188.85,285284.0,167458.0,17440.0,166246.19,368501.0,,,226332.06,238903.0,11302682.0,1028699.0,4521.78,15376.0,225941.58,230547.0,334572.99,88121.0,62913.65,148100.0,155636.28,643157.0,80.69,233.0,19.4,17.0,16.43,237.0
528,Netherlands (Kingdom of the),2020,86536.7,22489.0,253556.29,1028834.0,476409.0,257454.0,,,908247.01,4133821.0,269877.0,313790.0,158884.41,320767.0,100824967.05,71748.25,187914.0,107624.92,241828.0,3457.0,2213.0,415325.99,738046.0,285133.87,2025087.0,162975.41,796065.0,1169578.5,2338837.0,951.55,4173.0,247946.92,767192.0,798114.63,2163397.0,29256.96,255613.0,11980.74,7774.0,6638.51,8713.0,267757.14,490626.0,2064784.08,830197.0,278490.22,191904.0,149028.0,17214.0,152581.7,402421.0,,,150813.17,116821.0,10545631.0,907879.0,4789.66,20008.0,213076.83,248361.0,256794.55,68156.0,65677.61,137442.0,149016.4,656893.0,33.69,129.0,1.92,39.0,19.43,346.0
528,Netherlands (Kingdom of the),2021,99661.26,31023.0,274598.76,1255130.0,548548.0,300522.0,,,926521.95,4435685.0,353559.0,387233.0,134134.89,336530.0,113921925.86,88403.41,197852.0,123673.89,244860.0,7134.0,5062.0,351223.64,876388.0,298501.66,2456506.0,164341.8,912859.0,1067292.91,2591771.0,1150.88,5392.0,285415.53,816177.0,805271.67,2124359.0,27834.45,291105.0,14538.22,6790.0,5238.01,7027.0,285137.33,549881.0,2363749.84,827110.0,436757.28,263106.0,115684.0,14246.0,148409.22,435358.0,,,125337.29,71040.0,9033359.0,631653.0,5058.84,23909.0,223827.14,307750.0,205346.13,63626.0,71783.28,139720.0,170623.36,684808.0,133.45,572.0,0.35,11.0,173.33,493.0
528,Netherlands (Kingdom of the),2022,114564.48,38828.0,261803.36,1635100.0,425874.0,263548.0,,,1028378.4,5425409.0,421270.0,396081.0,237613.09,735046.0,119849869.62,122317.27,283329.0,140204.43,328456.0,1966.0,737.0,237632.14,859724.0,306372.41,2802188.0,163877.07,985744.0,1090000.38,2984561.0,990.47,4425.0,312514.86,888903.0,700422.76,1844431.0,33465.22,376811.0,47336.3,17131.0,5200.74,7670.0,329586.58,604665.0,2519573.41,989400.0,352117.08,236217.0,173359.0,17106.0,164296.51,600356.0,,,170694.69,70719.0,9766536.0,663477.0,5408.06,25540.0,246140.1,364318.0,276635.29,100354.0,73113.49,151741.0,133362.32,727172.0,193.43,825.0,0.28,7.0,173.99,375.0
528,Netherlands (Kingdom of the),2023,131894.89,40872.0,282462.25,1610362.0,505607.0,300025.0,,,1092886.36,5604595.0,384023.0,403452.0,222587.02,622868.0,125752708.04,72558.81,178169.0,126836.21,431441.0,2157.0,238.0,442949.93,935911.0,305213.7,2910679.0,140470.55,949314.0,1043591.8,2963999.0,1000.89,5647.0,260477.99,959864.0,696747.48,2139833.0,33736.86,351821.0,38042.2,16509.0,3571.9,6367.0,365654.66,751370.0,2873034.59,1281093.0,661360.96,413497.0,67177.0,12307.0,162888.25,482350.0,,,124794.51,57099.0,9184626.0,1000880.0,4094.51,23083.0,238613.01,422231.0,187323.78,64082.0,72161.78,188140.0,120831.82,627195.0,56.3,329.0,1.44,39.0,45.73,93.0
554,New Zealand,2000,15676.26,1925.0,358527.98,514696.0,9253.0,4682.0,,,237576.82,459023.0,223.0,376.0,8740.24,10171.0,5955993.1,4042.37,15748.0,55.37,47.0,1509.0,1039.0,687.0,2157.0,320022.39,677719.0,14564.99,22608.0,128.06,241.0,971.9,2369.0,49.61,210.0,327.71,613.0,379085.98,851879.0,247.63,63.0,27.87,10.0,32339.25,12124.0,45355.94,5725.0,42434.32,19446.0,12364.0,531.0,165933.46,276753.0,,,139.51,146.0,128.0,46.0,4.0,7.0,62299.46,41059.0,1007.54,230.0,2524.57,6036.0,425672.63,729089.0,136055.01,272551.0,556.01,797.0,,
554,New Zealand,2001,27.0,8.0,292345.0,436802.0,10660.0,4237.0,,,260921.0,565715.0,351.0,626.0,8605.0,10526.0,6589498.0,5541.0,18553.0,0.0,0.0,797.0,417.0,676.0,2292.0,316969.0,718767.0,11694.0,18249.0,222.0,376.0,929.0,2200.0,22.0,89.0,152.0,301.0,345475.0,905858.0,23.0,8.0,3.0,2.0,28393.0,10372.0,39723.0,7843.0,45030.0,22081.0,2450.0,268.0,218182.0,465665.0,,,126.0,141.0,80.0,46.0,3.0,2.0,65657.0,42468.0,3.0,1.0,1777.0,5058.0,502240.0,1019169.0,119344.0,230700.0,574.0,677.0,,
554,New Zealand,2002,73.0,30.0,386573.0,488130.0,11125.0,5886.0,,,260099.0,507182.0,433.0,876.0,8512.0,11067.0,6736927.0,4020.0,9927.0,404.0,374.0,570.0,329.0,673.0,2343.0,313154.0,761380.0,14650.0,22691.0,770.0,1215.0,1172.0,2679.0,4.0,10.0,12.0,31.0,340513.0,1061386.0,56.0,25.0,5.0,3.0,23516.0,8908.0,33500.0,6880.0,51852.0,27648.0,32378.0,1431.0,315521.0,445897.0,,,1336.0,1144.0,0.0,0.0,18.0,69.0,53760.0,40582.0,6.0,4.0,1778.0,5842.0,528980.0,812409.0,109324.0,250868.0,356.0,339.0,,
554,New Zealand,2003,223.0,66.0,364340.0,549786.0,17685.0,12684.0,,,265105.0,516848.0,523.0,1130.0,10586.0,14523.0,7945668.0,6361.0,16558.0,314.0,372.0,180.0,40.0,743.0,3430.0,364099.0,901408.0,20126.0,44911.0,1002.0,1438.0,1211.0,3215.0,37.0,62.0,13.0,56.0,356763.0,1286661.0,73.0,38.0,11.0,9.0,20414.0,8533.0,29624.0,7991.0,39729.0,23149.0,43667.0,3113.0,287265.0,462365.0,,,1847.0,1505.0,70.0,54.0,62.0,151.0,65222.0,53092.0,57.0,26.0,1859.0,7367.0,637601.0,1062142.0,103831.0,308693.0,408.0,354.0,,
554,New Zealand,2004,173.0,68.0,329882.0,637137.0,69277.0,64866.0,,,255075.0,631963.0,992.0,2180.0,11783.0,18122.0,9997334.0,31066.0,115195.0,208.0,376.0,1133.0,574.0,769.0,3392.0,385628.0,1185480.0,29745.0,78946.0,3171.0,5139.0,1198.0,3742.0,48.0,160.0,32.0,105.0,348138.0,1488682.0,109.0,77.0,6.0,9.0,16074.0,6591.0,27295.0,8798.0,56510.0,36479.0,126.0,59.0,249557.0,473345.0,,,1199.0,823.0,0.0,0.0,21.0,279.0,64201.0,57776.0,63.0,17.0,1685.0,8028.0,629130.0,1248728.0,106981.0,336280.0,759.0,833.0,,
554,New Zealand,2005,95.0,60.0,319715.0,661388.0,50363.0,44198.0,,,235583.0,675300.0,941.0,2245.0,11124.0,18791.0,10792469.0,74976.0,284081.0,231.0,405.0,271.0,103.0,703.0,3595.0,367470.0,1152222.0,34841.0,115669.0,4356.0,6296.0,1132.0,3971.0,21.0,75.0,34.0,149.0,361814.0,1670782.0,25.0,10.0,12.0,50.0,7449.0,3766.0,27167.0,7678.0,51290.0,35560.0,4833.0,1521.0,220939.0,476828.0,,,1333.0,848.0,197.0,178.0,18.0,184.0,67803.0,61143.0,121.0,35.0,1043.0,5694.0,585473.0,1299373.0,106867.0,329106.0,1193.0,1269.0,,
554,New Zealand,2006,740.0,306.0,391028.0,700885.0,33092.0,33191.0,,,272949.0,728657.0,1197.0,2503.0,9808.0,14846.0,10930098.0,85290.0,305181.0,184.0,372.0,1534.0,682.0,932.0,4266.0,341516.0,1088659.0,27312.0,82647.0,4470.0,5686.0,1049.0,4101.0,65.0,182.0,130.0,507.0,370260.0,1555298.0,3.0,2.0,7.0,12.0,10114.0,5153.0,27346.0,8603.0,52531.0,36781.0,987.0,186.0,315542.0,658893.0,,,2658.0,1885.0,166.0,144.0,177.0,520.0,63133.0,59611.0,929.0,274.0,676.0,3527.0,644578.0,1406005.0,114851.0,318429.0,453.0,650.0,,
554,New Zealand,2007,323.0,165.0,363866.0,879664.0,28084.0,26243.0,,,288401.0,893238.0,844.0,2274.0,12149.0,20216.0,13407106.0,96632.0,426177.0,125.0,294.0,350.0,260.0,922.0,3855.0,318469.0,1077618.0,25820.0,77988.0,3584.0,5860.0,971.0,4518.0,27.0,139.0,139.0,369.0,400286.0,1740288.0,4.0,4.0,12.0,16.0,9446.0,5077.0,25576.0,10575.0,64332.0,48501.0,34900.0,4329.0,280840.0,948154.0,,,4736.0,3450.0,20.0,6.0,25.0,546.0,64783.0,70433.0,162.0,60.0,91.0,360.0,679695.0,2047035.0,113161.0,330612.0,306.0,484.0,,
554,New Zealand,2008,22055.0,8606.0,299778.0,1108497.0,17438.0,21598.0,,,214245.0,976257.0,767.0,2228.0,14276.0,29034.0,14095251.0,70630.0,416934.0,178.0,468.0,0.0,0.0,861.0,3168.0,311901.0,1154278.0,27551.0,79975.0,3738.0,6269.0,826.0,3898.0,39.0,140.0,19.0,109.0,393865.0,1782534.0,2.0,2.0,16.0,26.0,11219.0,6865.0,24290.0,11651.0,72285.0,61509.0,127.0,149.0,221518.0,811135.0,,,4836.0,3946.0,28.0,34.0,6.0,648.0,62875.0,71289.0,58.0,32.0,61.0,271.0,547858.0,2368819.0,88410.0,267067.0,147.0,182.0,,
554,New Zealand,2009,39.0,22.0,451179.0,958541.0,13295.0,13593.0,,,270591.0,796766.0,1079.0,3727.0,21260.0,34914.0,13030196.03,72937.0,333907.0,202.0,418.0,166.0,53.0,3071.0,3616.0,329863.0,1090487.0,26898.0,47803.0,3998.0,11576.0,894.0,4017.0,26.0,125.0,14.0,66.0,370668.0,1833454.0,0.0,0.0,12.0,21.0,11260.0,6034.0,29393.0,10008.0,69873.0,52141.0,124.0,107.0,407993.0,836398.0,,,3683.0,2656.0,0.0,0.0,29.0,357.0,51474.0,60245.0,6248.0,1128.0,59.0,144.0,818080.0,1892844.0,84043.0,211414.0,235.0,168.0,,
554,New Zealand,2010,564.0,150.0,416146.0,1567891.0,21415.0,34854.0,,,256774.0,955905.0,734.0,3406.0,22447.0,46208.0,16545979.65,73776.0,399137.0,293.0,674.0,89.0,62.0,3646.0,6392.0,345512.0,1317196.0,32863.0,77991.0,4379.0,17631.0,901.0,4429.0,61.0,387.0,13.0,57.0,372866.0,1967701.0,24.0,54.0,26.0,36.0,10442.0,5430.0,31203.0,12410.0,104839.0,79917.0,141.0,159.0,348925.0,1038142.0,,,2466.0,2725.0,8.0,11.0,62.0,1080.0,58079.0,66063.0,7356.0,1820.0,90.0,155.0,964867.0,3119058.0,92581.0,279666.0,68.0,53.0,,
554,New Zealand,2011,615.0,166.0,280409.0,1397339.0,26765.0,48463.0,,,174383.0,730734.0,874.0,3618.0,21562.0,57902.0,15169845.0,57702.0,360250.0,87.0,263.0,982.0,435.0,2439.0,4627.0,260970.0,1263219.0,23921.0,73853.0,3457.0,19715.0,694.0,3955.0,4.0,49.0,32.0,122.0,271934.0,1938963.0,4.0,8.0,17.0,51.0,12367.0,7672.0,24190.0,12646.0,64156.0,61453.0,149.0,214.0,246113.0,858869.0,,,2701.0,2664.0,0.0,0.0,38.0,591.0,52369.0,74275.0,291.0,159.0,18.0,74.0,766902.0,2947404.0,59064.0,302198.0,101.0,86.0,,
554,New Zealand,2012,387.0,311.0,463078.0,1614763.0,41601.0,87800.0,,,285283.0,1089259.0,1192.0,5128.0,30123.0,74483.0,20254108.0,88253.0,516618.0,210.0,713.0,0.0,0.0,3100.0,6093.0,322875.0,1593145.0,33563.0,91973.0,8091.0,40847.0,852.0,4362.0,21.0,100.0,95.0,318.0,348716.0,2133058.0,5.0,21.0,17.0,45.0,12679.0,8007.0,30397.0,11428.0,87074.0,86396.0,424.0,544.0,389624.0,1260509.0,,,5507.0,5498.0,0.0,0.0,20.0,808.0,66229.0,96574.0,128.0,69.0,330.0,3806.0,1261278.0,4295314.0,85335.0,376315.0,280.0,210.0,,
554,New Zealand,2013,111.0,132.0,461146.0,1823641.0,32877.0,55666.0,,,255602.0,1060891.0,1323.0,6137.0,31257.0,83413.0,22354138.0,71641.0,475759.0,170.0,550.0,0.0,0.0,3505.0,9206.0,329290.0,1618342.0,35681.0,103383.0,11334.0,47104.0,1044.0,5224.0,24.0,106.0,55.0,286.0,397507.0,2233521.0,38.0,91.0,30.0,77.0,11740.0,6762.0,28722.0,14470.0,89880.0,92036.0,367.0,539.0,391969.0,1621755.0,,,5707.0,5297.0,0.0,0.0,15.0,466.0,64435.0,91637.0,473.0,209.0,40.0,234.0,1291460.0,5515983.0,86471.0,367490.0,166.0,188.0,,
554,New Zealand,2014,110.82,339.0,537176.14,2149781.0,78548.0,180788.0,,,265780.51,1173163.0,1687.0,8364.0,39295.75,106607.0,24336639.04,75187.61,570104.0,157.44,481.0,59.0,87.0,2615.52,9798.0,367509.65,1910082.0,46504.75,148507.0,11633.68,44056.0,865.03,4525.0,58.46,248.0,34.66,132.0,414819.03,2489827.0,20.13,99.0,267.28,452.0,11385.28,7128.0,30295.67,14579.0,97375.81,97967.0,1181.0,513.0,388871.89,1580905.0,,,3302.39,3132.0,,,23.91,584.0,68412.25,88225.0,258.88,228.0,544.26,515.0,1447851.28,6066253.0,82488.72,398505.0,167.53,179.0,,
554,New Zealand,2015,103.88,96.0,528041.85,1637827.0,21263.0,34543.0,,,315224.61,1070811.0,2250.0,17516.0,51366.61,119702.0,19800454.81,81907.65,454442.0,161.74,473.0,,,2403.51,9186.0,408783.16,2153026.0,48082.9,139918.0,15497.89,47507.0,916.88,4684.0,61.1,217.0,24.07,101.0,417362.49,2143286.0,169.39,296.0,93.0,102.0,10777.78,6202.0,27948.09,16019.0,120773.55,92888.0,45823.0,7443.0,417996.58,955770.0,,,5330.22,4799.0,,,9.83,1506.0,64724.49,72529.0,212.84,416.0,129.82,172.0,1403003.54,3507372.0,82334.0,370313.0,103.44,107.0,,
554,New Zealand,2016,76.39,171.0,530555.51,1719482.0,41246.0,58907.0,,,342408.2,1108434.0,1592.0,19517.0,70532.78,168972.0,19446056.21,93922.76,419416.0,116.98,372.0,2292.0,704.0,1863.01,7198.0,373419.82,1811554.0,45689.13,135308.0,15346.97,40058.0,1032.03,5679.0,116.74,345.0,34.51,120.0,386351.48,1842301.0,180.85,278.0,178.23,291.0,15180.79,7457.0,32900.88,16631.0,173469.89,118017.0,300.0,411.0,451251.51,878759.0,,,8223.54,6262.0,,,18.62,886.0,62208.74,70061.0,132.71,135.0,517.83,381.0,1365278.89,3191061.0,68941.91,302547.0,116.47,143.0,,
554,New Zealand,2017,78.66,86.0,433978.48,2366488.0,27349.0,45143.0,,,316420.78,1261645.0,2130.0,20771.0,99274.74,322707.0,22582069.25,79780.7,397726.0,206.32,640.0,18.0,7.0,1655.59,10798.0,358704.15,1870907.0,50534.01,163805.0,16542.24,40123.0,889.72,6029.0,210.0,862.0,50.33,193.0,394493.57,2311334.0,75.02,112.0,238.41,336.0,10680.97,7269.0,27048.19,18187.0,193189.85,160217.0,484.0,148.0,401002.31,897056.0,,,11971.0,9092.0,,,32.12,411.0,57142.94,70193.0,136.59,150.0,782.17,2803.0,1340266.87,4232343.0,64767.71,210154.0,194.13,206.0,,
554,New Zealand,2018,156.11,105.0,458504.43,2611895.0,17358.0,20857.0,,,298451.04,1211796.0,1996.0,21756.0,97038.47,304109.0,23584803.1,79180.65,365505.0,104.16,316.0,766.0,639.0,1554.98,9363.0,379378.99,1962586.0,56045.59,180630.0,17642.47,43529.0,1184.24,7332.0,91.59,434.0,185.48,633.0,407335.83,2632531.0,99.58,114.0,234.45,389.0,10346.45,6968.0,27022.9,17555.0,222426.52,199816.0,246.0,516.0,362309.61,730622.0,,,15816.24,9970.0,23.0,28.0,26.69,560.0,59037.53,72076.0,286.31,111.0,2728.86,8074.0,1377829.78,4254828.0,66424.66,198082.0,260.74,232.0,,
554,New Zealand,2019,114.8,73.0,464404.72,2303734.0,39700.0,51234.0,,,305480.69,1198584.0,2348.0,31635.0,126685.07,372147.0,24395692.72,78399.19,388241.0,119.32,338.0,3678.0,3825.0,1197.51,6829.0,388424.28,2138532.0,71386.52,237533.0,14595.59,34129.0,1634.25,10683.0,233.19,811.0,363.2,1133.0,389887.96,2563966.0,63.44,70.0,282.52,423.0,10509.36,6224.0,26813.84,13721.0,245558.76,223945.0,330.0,214.0,373502.96,905306.0,,,15536.57,9297.0,,,376.34,5055.0,62290.22,73049.0,104.77,81.0,2414.48,4503.0,1539210.72,4741289.0,66606.81,186345.0,125.36,123.0,,
554,New Zealand,2020,240.08,353.0,425319.97,1891681.0,118035.0,175786.0,,,296649.51,1185518.0,2227.0,31927.0,135549.84,419363.0,24850290.75,72045.66,440019.0,33.0,96.0,6064.0,3528.0,1064.39,5409.0,398237.21,2183195.0,73504.71,215340.0,11555.72,23408.0,1457.55,9695.0,135.15,524.0,86.3,368.0,400072.16,2522725.0,6.46,12.0,467.45,667.0,8787.65,5988.0,25539.58,13179.0,225100.72,203670.0,43.0,104.0,356336.9,1023916.0,,,17435.21,10983.0,,,718.33,10255.0,65436.8,77769.0,67.54,60.0,1977.26,2455.0,1532802.6,4821990.0,59607.48,137880.0,31.93,33.0,,
554,New Zealand,2021,70.1,273.0,401357.42,2041291.0,126821.0,221329.0,,,327426.38,1338809.0,2511.0,30823.0,169775.91,594056.0,28060617.09,82818.93,521883.0,70.05,185.0,2381.0,1693.0,805.18,4436.0,423945.52,2578396.0,81382.78,287377.0,12312.81,28052.0,1520.6,13714.0,284.17,918.0,134.0,522.0,396021.36,2903471.0,40.17,127.0,1053.66,1262.0,8551.03,6250.0,24192.64,13481.0,252703.44,262138.0,1434.0,1255.0,326459.49,1064419.0,,,16419.87,12243.0,,,231.66,4956.0,72560.57,87147.0,1018.78,545.0,3059.2,3274.0,1624339.76,5895770.0,69528.69,166035.0,102.07,133.0,,
554,New Zealand,2022,100.18,333.0,451282.93,2812690.0,137456.0,237150.0,,,306449.94,1495430.0,3099.0,33417.0,156112.03,602668.0,28714846.32,67398.96,560880.0,152.62,468.0,2032.0,1766.0,933.58,6910.0,396396.19,2738582.0,82481.9,324017.0,11163.42,25870.0,824.92,6898.0,615.48,2315.0,64.07,323.0,374285.18,2746165.0,8.49,14.0,723.14,886.0,6985.39,6261.0,23459.9,16865.0,258005.19,287715.0,34.0,115.0,357132.58,1414582.0,,,13391.44,10732.0,,,97.29,2456.0,66317.27,79857.0,335.8,397.0,5288.56,5497.0,1327672.24,5388462.0,64961.32,159344.0,38.74,54.0,,
554,New Zealand,2023,94.14,391.0,472666.35,2607316.0,28689.0,45203.0,,,340599.65,1613044.0,3137.0,45865.0,173706.06,634600.0,26248612.66,72770.12,587661.0,44.24,203.0,3787.0,2502.0,959.2,13489.0,422787.87,2425191.0,89746.23,289394.0,9817.65,25831.0,509.68,2569.0,589.01,2740.0,105.85,517.0,384251.9,2280145.0,14.66,25.0,676.71,812.0,4687.44,5020.0,24616.53,22387.0,222487.87,259836.0,196.0,505.0,451746.34,1332871.0,,,11145.92,9135.0,,,225.23,3349.0,57818.15,81631.0,1277.63,1927.0,11735.64,10327.0,1369579.93,4535669.0,57717.8,138618.0,,,,
616,Poland,2000,0.0,0.0,2915.67,5805.0,593046.0,84127.0,,,27145.94,38958.0,841.0,730.0,0.0,0.0,2387990.62,148.0,213.0,60.39,83.0,0.0,0.0,271.9,336.0,4149.48,10010.0,9374.56,16711.0,30539.05,71608.0,,,2109.0,1328.0,56202.0,49950.0,96.3,243.0,0.0,0.0,2463.02,380.0,4514.86,1675.0,43205.49,2302.0,188.29,279.0,212214.0,5341.0,85923.55,151468.0,,,0.0,0.0,12254.0,1323.0,2794.63,1147.0,166316.96,66792.0,2183.07,269.0,0.0,0.0,1005.84,1971.0,0.0,0.0,686.3,991.0,,
616,Poland,2001,10.0,4.0,18606.0,25426.0,455548.0,69973.0,,,45388.0,87677.0,1231.0,1507.0,137.0,258.0,2802461.71,31830.0,21322.0,248.0,296.0,1722.0,38.0,3089.0,1185.0,5761.0,13666.0,19866.0,27085.0,41975.0,128687.0,,,0.0,0.0,37930.0,41123.0,44.0,216.0,1115.0,126.0,0.0,0.0,0.0,0.0,49460.0,2680.0,329.0,306.0,154926.0,5697.0,107985.0,199724.0,,,19.0,15.0,5137.0,1094.0,3955.0,1068.0,231296.0,100676.0,420.0,189.0,387.0,781.0,13586.0,25984.0,355.0,141.0,1411.0,1232.0,,
616,Poland,2002,0.0,0.0,11568.0,17059.0,659477.0,93232.0,,,32854.0,66846.0,3095.0,2344.0,0.0,0.0,2985101.16,6160.0,8365.0,513.0,528.0,0.0,0.0,8343.0,4773.0,13099.0,23197.0,50108.0,58332.0,10718.0,21147.0,,,2116.0,4498.0,33186.0,31666.0,18.0,101.0,4002.0,410.0,600.0,52.0,7541.0,2089.0,55297.0,4036.0,137.0,152.0,129702.0,4719.0,94030.0,112271.0,,,0.0,0.0,6719.0,1136.0,3079.0,1094.0,217285.0,102605.0,548912.0,62027.0,0.0,0.0,9520.0,16700.0,49.0,97.0,341.0,1010.0,,
616,Poland,2003,0.0,0.0,9100.0,21095.0,653022.0,106742.0,,,43721.0,110509.0,7301.0,6330.0,0.0,0.0,4144189.48,2474.0,4003.0,329.0,539.0,0.0,0.0,26500.0,24349.0,20160.0,29615.0,22967.0,40217.0,37281.0,69754.0,,,9079.0,14094.0,188064.0,163214.0,8.0,51.0,2329.0,231.0,0.0,0.0,20949.0,4553.0,150559.0,12252.0,145.0,130.0,127175.0,5522.0,99097.0,152172.0,,,0.0,0.0,18086.0,2761.0,3478.0,1610.0,285050.0,148226.0,559174.0,67198.0,0.0,0.0,4066.0,8611.0,49.0,116.0,230.0,764.0,,
616,Poland,2004,101.0,29.0,27571.0,83095.0,639587.0,188274.0,20.0,69.0,67932.0,195956.0,23668.0,10061.0,15688.0,21459.0,6672727.58,3053.0,2631.0,1480.0,2164.0,56.0,2.0,28036.0,24926.0,15744.0,38160.0,48895.0,111372.0,63150.0,142164.0,2.0,13.0,20826.0,48383.0,121732.0,159990.0,193.0,877.0,1272.0,154.0,76.0,45.0,17092.0,6704.0,64800.0,6636.0,28442.0,11545.0,103659.0,5850.0,98410.0,205265.0,,,4827.0,1458.0,132798.0,17295.0,3587.0,1797.0,327664.0,178959.0,188098.0,26641.0,127.0,169.0,24776.0,50806.0,150.0,241.0,352.0,1043.0,,
616,Poland,2005,112685.0,16802.0,37593.0,111313.0,727855.0,243284.0,12.0,65.0,83870.0,270768.0,33763.0,16157.0,49529.0,81164.0,8521203.0,3596.0,6224.0,2679.0,3225.0,287.0,8.0,49431.0,45599.0,30474.0,97551.0,84904.0,229271.0,101737.0,231831.0,0.0,0.0,35186.0,88270.0,123301.0,220766.0,11.0,85.0,93815.0,13021.0,105.0,59.0,20647.0,6352.0,25353.0,2728.0,137106.0,49671.0,133858.0,8443.0,114341.0,263004.0,,,17681.0,4462.0,250091.0,36676.0,2183.0,1084.0,343971.0,187772.0,445170.0,56324.0,181.0,210.0,32273.0,82452.0,133.0,273.0,354.0,1302.0,,
616,Poland,2006,113473.0,19917.0,24532.0,58123.0,894977.0,264983.0,32.0,163.0,93435.0,310803.0,40765.0,19702.0,73913.0,98100.0,10188264.0,5779.0,12673.0,4121.0,5471.0,31.0,1.0,57938.0,67743.0,42577.0,140922.0,118114.0,341197.0,119473.0,267827.0,0.0,0.0,53516.0,133606.0,173859.0,314378.0,25.0,204.0,69388.0,9762.0,439.0,243.0,15083.0,6089.0,13204.0,2256.0,153881.0,69047.0,117541.0,6929.0,86631.0,221554.0,,,17170.0,4642.0,608561.0,90783.0,70.0,23.0,322543.0,202889.0,652026.0,105720.0,318.0,695.0,18771.0,51353.0,26.0,26.0,396.0,1553.0,,
616,Poland,2007,143456.0,36960.0,32186.0,121874.0,563367.0,202192.0,31.0,102.0,102375.0,385649.0,42226.0,21591.0,62949.0,146242.0,12817261.19,8039.0,22177.0,8426.0,14318.0,0.0,0.0,88245.0,117614.0,49725.0,188050.0,121322.0,380273.0,139954.0,358364.0,0.0,0.0,58839.0,171288.0,148518.0,269774.0,11.0,65.0,44819.0,15811.0,801.0,547.0,18606.0,9943.0,23271.0,4177.0,92920.0,49548.0,109696.0,7001.0,74807.0,313818.0,,,16245.0,6168.0,429057.0,73745.0,2259.0,1536.0,328752.0,241242.0,335701.0,99244.0,565.0,1150.0,16733.0,70404.0,31.0,85.0,476.0,1636.0,,
616,Poland,2008,27011.0,13027.0,30364.0,116852.0,442259.0,164335.0,48.0,324.0,120657.0,535678.0,39734.0,22600.0,65126.0,128818.0,15501959.42,2807.0,6231.0,11517.0,22491.0,0.0,0.0,118240.0,171351.0,51772.0,240562.0,137945.0,534370.0,153293.0,397238.0,0.0,1.0,68205.0,223939.0,176814.0,385432.0,8.0,47.0,16508.0,4673.0,256.0,238.0,26204.0,13443.0,38955.0,7399.0,161874.0,84567.0,86680.0,6298.0,88142.0,282691.0,,,22086.0,8879.0,413954.0,81869.0,1942.0,1754.0,350779.0,278894.0,346370.0,101297.0,318.0,1159.0,28894.0,112350.0,11.0,23.0,417.0,1540.0,,
616,Poland,2009,70436.0,14354.0,18083.0,57944.0,589101.0,193570.0,51.0,294.0,113475.0,391827.0,59316.0,28409.0,51229.0,82089.0,14873133.57,4098.0,5946.0,13128.0,23073.0,153.0,5.0,142143.0,207803.0,58247.0,235285.0,173629.0,599680.0,214688.0,465503.0,4.0,12.0,60381.0,190694.0,89680.0,180197.0,64.0,246.0,22164.0,3437.0,430.0,342.0,15433.0,9768.0,40361.0,6629.0,218602.0,89331.0,84852.0,5785.0,81005.0,177686.0,,,21749.0,8390.0,442161.0,83593.0,1564.0,1388.0,341974.0,247261.0,2015949.0,401499.0,1842.0,1907.0,20014.0,46373.0,6.0,17.0,369.0,1104.0,,
616,Poland,2010,148844.0,32278.0,26604.0,111870.0,405891.0,140602.0,72.0,406.0,114075.0,451250.0,44664.0,22186.0,67974.0,122248.0,16341670.41,6073.0,10670.0,13707.0,21416.0,131.0,4.0,152850.0,190203.0,79026.0,329186.0,194449.0,656214.0,285852.0,572331.0,5.0,13.0,98793.0,279492.0,147403.0,272950.0,27.0,233.0,45047.0,7007.0,490.0,407.0,17737.0,11084.0,43238.0,10794.0,167570.0,80121.0,73543.0,5059.0,78706.0,221103.0,,,17082.0,6583.0,274977.0,51756.0,630.0,892.0,355052.0,268527.0,940295.0,201429.0,871.0,2276.0,16819.0,55201.0,0.0,1.0,331.0,1166.0,,
616,Poland,2011,126515.0,33296.0,33668.0,184239.0,349397.0,138605.0,70.0,400.0,116196.0,521902.0,44171.0,25724.0,75117.0,169752.0,19417526.98,8759.0,15898.0,13450.0,20986.0,0.0,0.0,173992.0,207665.0,73905.0,366251.0,191107.0,755813.0,303732.0,690016.0,2.0,6.0,146514.0,452298.0,163249.0,347850.0,57.0,357.0,25476.0,6297.0,823.0,857.0,32101.0,19071.0,73943.0,22886.0,163011.0,84949.0,69459.0,5619.0,83412.0,273578.0,,,17213.0,7127.0,109733.0,29444.0,820.0,1274.0,336949.0,270449.0,825288.0,274213.0,476.0,1344.0,15454.0,59357.0,223.0,661.0,303.0,1846.0,,
616,Poland,2012,320873.0,90971.0,30174.0,114369.0,304987.0,126270.0,0.0,0.0,137245.0,552333.0,67820.0,31317.0,50538.0,99017.0,21700142.81,10339.0,18313.0,19871.0,34985.0,0.0,0.0,183815.0,293253.0,68061.0,351651.0,204879.0,803115.0,380014.0,806859.0,2.0,2.0,110236.0,374603.0,258467.0,618131.0,914.0,5227.0,47490.0,12600.0,681.0,627.0,23443.0,13616.0,50557.0,6644.0,228061.0,131193.0,60558.0,4484.0,78128.0,228166.0,,,18630.0,6749.0,138789.0,32829.0,355.0,878.0,435894.0,290805.0,1060554.0,331161.0,565.0,1412.0,18107.0,58086.0,90.0,94.0,308.0,1464.0,,
616,Poland,2013,290647.0,75684.0,29944.0,147132.0,227303.0,87994.0,0.0,0.0,159834.0,723120.0,78506.0,39952.0,51825.0,131275.0,24822451.27,15353.0,22239.0,18590.0,29530.0,0.0,0.0,213561.0,271332.0,81396.0,422022.0,199844.0,796359.0,423068.0,912315.0,0.0,0.0,132403.0,473946.0,305545.0,732969.0,806.0,4329.0,61150.0,15797.0,1449.0,1328.0,33433.0,20638.0,44490.0,10069.0,200515.0,142668.0,61825.0,4381.0,60986.0,238046.0,,,33358.0,14241.0,107800.0,27004.0,683.0,1598.0,448106.0,331661.0,1641747.0,463603.0,1310.0,3331.0,19301.0,83669.0,523.0,1211.0,356.0,1385.0,,
616,Poland,2014,151557.36,32386.0,34483.38,155395.0,160480.0,69784.0,,,158932.53,683271.0,70256.0,42163.0,78651.31,168353.0,26711437.78,16911.2,20301.0,17456.71,25928.0,,,204936.27,276162.0,115576.54,533478.0,173659.09,658965.0,412574.63,924600.0,13.9,96.0,105666.4,324906.0,274290.07,603148.0,618.9,4917.0,39803.65,9271.0,1228.74,1208.0,27962.73,18411.0,41309.44,9988.0,278068.74,175048.0,55620.0,4098.0,117726.26,452817.0,,,24490.11,11127.0,90024.0,19360.0,1009.2,2927.0,387526.33,297745.0,3199796.23,813278.0,1186.81,2745.0,28180.14,113627.0,118.61,173.0,434.72,1808.0,,
616,Poland,2015,185252.21,32755.0,40635.13,131905.0,138735.0,57255.0,,,177628.85,517274.0,84237.0,45839.0,65048.46,103722.0,24635356.98,11458.73,16479.0,18986.2,24877.0,18.0,2.0,233749.89,282760.0,110491.93,463685.0,256252.07,867939.0,488074.7,900762.0,2.2,9.0,120789.94,273263.0,283630.08,499359.0,806.28,5095.0,112058.14,21047.0,1885.2,1707.0,26927.19,17560.0,15702.97,3138.0,431057.6,174810.0,45950.0,2986.0,108315.41,238521.0,,,16091.05,6688.0,40682.0,7445.0,882.21,3887.0,431748.43,263347.0,3954626.23,865031.0,2692.68,7462.0,23280.49,59172.0,299.95,652.0,316.38,1542.0,,
616,Poland,2016,99744.29,17305.0,44735.49,142410.0,94526.0,45524.0,,,186740.87,543350.0,77911.0,47443.0,52668.04,96342.0,24807589.27,12139.84,18153.0,24472.95,29361.0,3.0,0.0,234567.27,237045.0,119501.19,511109.0,239899.81,776739.0,618388.45,1056099.0,23.0,25.0,133810.66,312002.0,298111.44,555999.0,826.65,4913.0,84967.26,16874.0,2898.6,3054.0,34434.09,24369.0,26683.85,6432.0,516993.1,194628.0,59073.0,3652.0,81900.02,156901.0,,,33554.78,12787.0,54829.0,10834.0,1275.26,4107.0,421589.52,250709.0,4401721.98,827755.0,3154.06,9020.0,17701.83,38858.0,202.31,703.0,445.47,1905.0,,
616,Poland,2017,70686.2,14334.0,59708.13,312613.0,66171.0,39909.0,,,200174.3,686950.0,36864.0,19313.0,69451.1,178921.0,29270221.14,13486.21,21031.0,36441.79,51482.0,356.0,30.0,264576.49,369019.0,151297.38,673769.0,255290.55,917854.0,725319.87,1319580.0,19.08,109.0,142395.29,398083.0,342035.36,706937.0,507.36,3376.0,85899.36,17885.0,3384.24,3312.0,37123.22,24077.0,36854.88,9278.0,529209.44,259881.0,47935.0,3142.0,89998.57,193135.0,,,63496.99,26710.0,111795.0,16978.0,1268.73,5266.0,449576.55,271827.0,2785540.35,560426.0,5932.24,27776.0,18424.36,53446.0,150.39,204.0,473.26,2443.0,,
616,Poland,2018,152801.57,36809.0,65834.82,365498.0,51235.0,34827.0,,,212926.48,739775.0,52484.0,27889.0,59564.47,158323.0,31884902.75,21324.9,30338.0,30496.67,43827.0,119.0,18.0,203493.02,281814.0,146093.92,756334.0,244410.59,963547.0,812485.27,1657933.0,1.29,10.0,170550.02,417329.0,335010.89,607263.0,513.62,3710.0,136459.86,31055.0,3715.67,3771.0,34357.49,24994.0,36439.57,10353.0,546851.55,280513.0,31596.0,2146.0,132313.36,245684.0,,,70837.8,28943.0,126578.0,15671.0,1764.2,6195.0,473016.92,344996.0,1790319.03,403215.0,4974.21,10430.0,14403.77,41412.0,126.41,635.0,288.24,2348.0,0.08,0.0
616,Poland,2019,82986.03,16329.0,55517.39,247204.0,49967.0,39047.0,,,212548.51,713151.0,68061.0,42955.0,70710.06,130528.0,32065625.35,14973.56,22877.0,36794.41,46127.0,478.0,205.0,215626.2,282941.0,160376.29,748684.0,217409.92,787671.0,920485.36,1723120.0,,,163263.57,411970.0,281569.61,530247.0,443.92,2939.0,82079.91,19729.0,5265.35,6027.0,29575.3,25268.0,28907.35,13046.0,712774.03,331503.0,33545.0,2144.0,112766.66,247607.0,,,46027.17,17626.0,95113.0,13562.0,2097.25,6731.0,425204.41,330580.0,2079765.54,427779.0,6078.84,11594.0,23894.82,64303.0,46.7,153.0,346.82,1792.0,6.59,8.0
616,Poland,2020,301478.91,56279.0,55815.56,219063.0,48381.0,50511.0,,,216384.26,760362.0,69535.0,29691.0,61079.39,95009.0,35479348.96,14851.28,21316.0,40141.33,55189.0,756.0,378.0,198041.32,261863.0,176929.44,831898.0,196825.42,720049.0,941232.55,1628003.0,,,152503.11,404186.0,238743.1,477168.0,516.13,3793.0,147762.01,32598.0,6018.74,7069.0,26145.32,20291.0,29659.76,8553.0,733518.43,355011.0,17655.0,1690.0,109861.25,282932.0,,,43745.23,20612.0,58290.0,9102.0,2881.49,9086.0,405989.27,318594.0,4689129.58,1047399.0,6944.29,11613.0,26247.72,66469.0,138.44,287.0,184.85,1263.0,,
616,Poland,2021,453760.08,106871.0,47754.91,235611.0,53806.0,55286.0,,,239512.48,899241.0,48272.0,25263.0,87597.21,191449.0,40436471.26,19116.46,26017.0,40755.31,57032.0,354.0,168.0,147746.15,228282.0,189394.87,1047381.0,182217.32,804350.0,933712.24,1987233.0,37.35,258.0,163136.17,398133.0,248151.3,482714.0,850.33,6545.0,226859.12,52324.0,5298.19,5384.0,40467.78,29773.0,105662.21,19555.0,755546.12,402645.0,24705.0,5245.0,108497.13,316261.0,,,32863.56,15586.0,27417.0,6488.0,3251.62,14108.0,410623.74,332266.0,3591489.88,979272.0,4983.32,9484.0,19727.13,63919.0,112.31,366.0,180.22,1118.0,0.0,0.0
616,Poland,2022,304620.61,98407.0,72301.14,479874.0,43838.0,54473.0,,,236214.63,1035608.0,43533.0,34581.0,90865.88,250741.0,46197297.4,17209.5,31909.0,35661.95,71858.0,1190.0,803.0,226948.58,442266.0,190059.51,1269549.0,171653.47,908065.0,1041906.34,2835167.0,5.53,36.0,152093.23,430440.0,198618.02,419950.0,488.5,3973.0,136549.09,43076.0,7498.53,8028.0,45449.08,33366.0,38022.18,13915.0,739946.48,481443.0,11168.0,1917.0,118590.42,462575.0,,,11490.61,7761.0,33210.0,8304.0,3645.57,15667.0,427733.03,371435.0,3637950.29,1405318.0,3444.12,7835.0,14470.1,66427.0,75.37,168.0,159.69,827.0,,
616,Poland,2023,476848.37,116762.0,72265.38,392283.0,51643.0,54728.0,,,239885.71,1037022.0,40472.0,26270.0,58965.22,121679.0,52023735.57,13159.92,25708.0,44313.57,107876.0,900.0,655.0,219752.04,510211.0,192044.68,1257939.0,207299.03,1124353.0,1091139.13,2895555.0,,,133331.14,483294.0,172001.37,410958.0,632.39,4864.0,147064.7,42308.0,8418.85,10378.0,41428.91,39345.0,48193.55,21605.0,761458.22,491451.0,13371.0,2450.0,129219.25,382272.0,,,14946.87,7422.0,28354.0,7544.0,2618.11,11865.0,380085.51,439950.0,6972401.02,1966392.0,2156.3,5953.0,16478.1,65887.0,79.28,257.0,217.29,1347.0,0.32,2.0
620,Portugal,2000,980.0,135.0,7644.0,20911.0,1450.0,804.0,11.0,59.0,2857.0,10005.0,6703.0,3340.0,8715.0,6871.0,1400951.77,404.0,194.0,3204.0,2729.0,11.0,4.0,3416.0,2927.0,111.0,501.0,0.0,0.0,1108.0,1419.0,0.0,0.0,1063.0,2336.0,3554.0,2590.0,90.0,472.0,1471.0,178.0,14.0,10.0,2104.0,2434.0,11307.0,5748.0,162436.0,52300.0,26862.0,1227.0,4044.0,8272.0,,,21500.0,6834.0,19148.0,2743.0,32.97,37.0,21998.0,13188.0,62386.0,7823.0,218.0,425.0,8200.0,18941.0,226.0,353.0,398.0,357.0,,
620,Portugal,2001,14842.0,1939.0,9771.0,24765.0,10.0,9.0,13.0,67.0,2558.0,10078.0,12525.0,5356.0,3548.0,4564.0,1453996.78,722.0,268.0,3839.0,3444.0,44.0,4.0,2671.0,2164.0,36.0,142.0,3.0,19.0,1031.0,1384.0,1.0,3.0,1054.0,2964.0,1944.0,2474.0,92.0,441.0,194.0,47.0,14.0,9.0,2605.0,3690.0,16252.0,8944.0,128344.0,42233.0,27049.0,1510.0,2478.0,5552.0,,,17921.0,5548.0,29171.0,4841.0,8.0,2.0,23569.0,15335.0,101205.0,13624.0,102.0,127.0,7487.0,18498.0,143.0,290.0,513.0,446.0,,
620,Portugal,2002,49978.0,6421.0,5292.0,13381.0,50.0,53.0,9.0,55.0,2277.0,8931.0,15206.0,6318.0,5914.0,8430.0,1657740.5,182.0,108.0,6971.0,6609.0,5.0,1.0,3138.0,2513.0,72.0,260.0,10.0,28.0,1209.0,1465.0,6.0,36.0,1708.0,4150.0,969.0,1211.0,222.0,917.0,362.0,53.0,26.0,23.0,3034.0,4313.0,34130.0,13697.0,144449.0,47278.0,23158.0,1431.0,6755.0,11772.0,,,22631.0,6978.0,27443.0,3208.0,399.0,12.0,32351.0,19157.0,185134.0,23990.0,68.0,131.0,6868.0,17279.0,247.0,541.0,492.0,388.0,,
620,Portugal,2003,2439.0,377.0,12370.0,38784.0,1366.0,597.0,12.0,135.0,2456.0,8894.0,20709.0,8552.0,5533.0,9924.0,2078958.94,212.0,108.0,7855.0,9663.0,0.0,0.0,4677.0,5867.0,91.0,493.0,1.0,2.0,1600.0,2496.0,1.0,3.0,2059.0,6164.0,641.0,890.0,41.0,180.0,229.0,42.0,29.0,41.0,4363.0,5529.0,18547.0,10473.0,130237.0,52428.0,16726.0,1141.0,3390.0,7604.0,,,18677.0,6892.0,65866.0,7280.0,462.0,44.0,29097.0,20516.0,82056.0,13638.0,96.0,185.0,8495.0,25472.0,401.0,1312.0,445.0,413.0,,
620,Portugal,2004,70085.0,13659.0,12353.0,40757.0,1157.0,617.0,8.0,92.0,3217.0,11626.0,16973.0,9917.0,7975.0,15076.0,2421318.43,0.0,1.0,8048.0,10011.0,875.0,87.0,5091.0,5627.0,98.0,631.0,64.0,202.0,2979.0,4413.0,0.0,0.0,2414.0,7297.0,1074.0,1732.0,45.0,234.0,492.0,112.0,25.0,48.0,5350.0,7246.0,26219.0,17493.0,138513.0,67544.0,25349.0,1906.0,3562.0,8867.0,,,20433.0,8310.0,52667.0,8872.0,842.0,30.0,34494.0,26919.0,61395.0,11103.0,138.0,208.0,8243.0,26752.0,2166.0,3222.0,431.0,442.0,,
620,Portugal,2005,73474.0,12282.0,10007.0,32732.0,11086.0,5851.0,14.0,122.0,2532.0,11629.0,22920.0,12702.0,12198.0,21031.0,2679902.15,0.0,0.0,2931.0,3166.0,0.0,0.0,4983.0,6555.0,836.0,2956.0,177.0,427.0,2018.0,3099.0,2.0,12.0,2347.0,6474.0,418.0,1112.0,122.0,502.0,2502.0,441.0,30.0,74.0,5298.0,7861.0,19540.0,8498.0,119552.0,57623.0,33469.0,2482.0,2501.0,6231.0,,,55148.0,22199.0,53541.0,9864.0,799.0,36.0,37265.0,30026.0,144269.0,23514.0,100.0,166.0,7907.0,24566.0,3286.0,4488.0,322.0,274.0,,
620,Portugal,2006,57533.0,9682.0,13526.0,41670.0,10447.0,6239.0,23.0,213.0,3540.0,16929.0,17989.0,9345.0,10376.0,17037.0,3074758.39,0.0,0.0,6957.0,8115.0,0.0,0.0,5423.0,7340.0,425.0,1958.0,138.0,638.0,3557.0,5354.0,5.0,29.0,2754.0,7739.0,686.0,1701.0,309.0,886.0,12092.0,2038.0,15.0,19.0,5939.0,9744.0,22807.0,16414.0,103862.0,52879.0,69594.0,4431.0,2769.0,7232.0,,,57442.0,22908.0,51864.0,12200.0,571.0,57.0,48717.0,41044.0,114393.0,20510.0,120.0,264.0,8977.0,27004.0,4412.0,5960.0,149.0,123.0,,
620,Portugal,2007,20853.0,4900.0,16174.0,61381.0,16764.0,10872.0,12.0,134.0,4442.0,23552.0,26700.0,14588.0,7828.0,15189.0,3968528.98,325.0,761.0,7607.0,12031.0,1266.0,84.0,5173.0,8181.0,554.0,2526.0,100.0,256.0,5775.0,11679.0,6.0,59.0,5150.0,15762.0,3111.0,5890.0,651.0,1964.0,1504.0,338.0,10.0,18.0,7724.0,12448.0,32624.0,23587.0,124381.0,76879.0,64675.0,4176.0,1896.0,6923.0,,,81192.0,41975.0,62495.0,13818.0,794.0,72.0,54032.0,53422.0,69812.0,16866.0,179.0,351.0,8938.0,34611.0,3700.0,5296.0,147.0,94.0,,
620,Portugal,2008,33935.0,8380.0,19758.0,76717.0,12670.0,9490.0,7.0,110.0,4260.0,29529.0,33419.0,19441.0,14756.0,21053.0,4779637.68,1203.0,3948.0,5927.0,11018.0,0.0,0.0,5729.0,11605.0,681.0,4615.0,488.0,837.0,3638.0,9598.0,25.0,250.0,10378.0,41783.0,3343.0,9887.0,690.0,3301.0,1091.0,340.0,14.0,28.0,10320.0,15370.0,26895.0,22050.0,150855.0,114396.0,33054.0,2381.0,1017.0,3943.0,,,96631.0,59560.0,62448.0,17113.0,1153.0,415.0,59571.0,70473.0,43657.0,16751.0,310.0,859.0,6172.0,30469.0,2160.0,3543.0,288.0,155.0,,
620,Portugal,2009,38148.0,6725.0,14555.0,48581.0,21666.0,13967.0,10.0,111.0,4884.0,26543.0,38694.0,19231.0,7481.0,9333.0,4371840.19,868.0,2618.0,8060.0,14275.0,0.0,0.0,6061.0,9431.0,421.0,2357.0,3135.0,9019.0,5158.0,10887.0,14.0,121.0,9246.0,32268.0,3645.0,12687.0,362.0,1779.0,345.0,78.0,14.0,29.0,7361.0,10129.0,32975.0,16748.0,223774.0,118909.0,32888.0,2340.0,4484.0,10188.0,,,44602.0,19503.0,59920.0,13805.0,1022.0,84.0,51844.0,57269.0,62410.0,13602.0,349.0,859.0,7869.0,30316.0,1566.0,2512.0,243.0,92.0,,
620,Portugal,2010,31368.0,5950.0,21494.0,86059.0,35048.0,22127.0,12.0,214.0,6726.0,36215.0,50758.0,23826.0,9442.0,15555.0,4792416.42,739.0,1517.0,6510.0,17201.0,0.0,0.0,8647.0,15369.0,2473.0,9986.0,3025.0,9378.0,7279.0,13981.0,25.0,261.0,13490.0,46052.0,4757.0,11806.0,528.0,2852.0,553.0,119.0,18.0,44.0,6068.0,16001.0,33188.0,22022.0,216872.0,103420.0,18660.0,1502.0,4921.0,13534.0,,,13813.0,6937.0,76093.0,23305.0,796.0,392.0,44016.0,43955.0,47242.0,11508.0,209.0,645.0,9621.0,35978.0,1984.0,3470.0,22.0,6.0,,
620,Portugal,2011,37784.0,11386.0,13114.0,65662.0,22995.0,19493.0,15.0,194.0,7525.0,45028.0,35013.0,20436.0,14662.0,23376.0,5596780.38,1195.0,1803.0,9785.0,20721.0,0.0,0.0,8505.0,15559.0,2144.0,12498.0,3574.0,11603.0,10329.0,21515.0,53.0,359.0,15581.0,51879.0,4945.0,15978.0,688.0,3928.0,161.0,59.0,32.0,72.0,7519.0,16372.0,33856.0,17780.0,229508.0,118921.0,42810.0,3359.0,3501.0,10726.0,,,9137.0,6059.0,73938.0,31102.0,1173.0,107.0,52420.0,55571.0,35678.0,11092.0,323.0,850.0,9211.0,41336.0,1822.0,4122.0,27.0,14.0,,
620,Portugal,2012,4560.0,1390.0,18276.0,67726.0,53241.0,40153.0,0.0,0.0,10235.0,51374.0,47007.0,23609.0,12166.0,18827.0,5718598.55,3074.0,3087.0,7846.0,17227.0,0.0,0.0,10772.0,18861.0,995.0,5683.0,8084.0,29746.0,11228.0,21240.0,56.0,364.0,14145.0,47468.0,14071.0,43065.0,351.0,1969.0,313.0,124.0,41.0,73.0,9695.0,12705.0,57758.0,25209.0,251888.0,123833.0,97205.0,7798.0,4316.0,11506.0,,,18172.0,11482.0,214095.0,41163.0,11873.0,10365.0,52665.0,51705.0,44759.0,14301.0,286.0,711.0,6769.0,29778.0,1524.0,2971.0,221.0,59.0,,
620,Portugal,2013,4494.0,1288.0,14172.0,69020.0,63593.0,47467.0,0.0,0.0,8088.0,44769.0,41267.0,21509.0,10384.0,19016.0,6345498.65,609.0,1788.0,8509.0,16835.0,0.0,0.0,12161.0,19595.0,894.0,5315.0,6353.0,25359.0,12717.0,26925.0,53.0,399.0,16755.0,65796.0,15906.0,49852.0,680.0,2943.0,97.0,47.0,59.0,116.0,11195.0,15767.0,54646.0,36752.0,200161.0,112552.0,122496.0,10968.0,3509.0,12786.0,,,18635.0,12858.0,195940.0,43410.0,7663.0,7613.0,43622.0,47025.0,9467.0,2921.0,840.0,4364.0,6847.0,32710.0,1743.0,2804.0,68.0,35.0,,
620,Portugal,2014,16642.06,3887.0,13419.55,60493.0,63739.0,50432.0,,,8455.13,55088.0,49185.0,24762.0,14273.63,20465.0,6802762.76,488.95,1383.0,9904.9,17480.0,,,18532.79,34074.0,976.82,5699.0,4934.49,17998.0,13776.12,29604.0,37.51,376.0,26597.13,109889.0,14763.67,47673.0,1586.5,7893.0,4557.0,1030.0,97.69,196.0,9326.36,9580.0,50705.54,21979.0,206124.13,120943.0,115852.0,11954.0,3048.52,14595.0,,,12713.9,9128.0,152904.0,36775.0,33008.79,19187.0,46829.58,50827.0,11726.38,3401.0,820.3,2439.0,6488.47,32995.0,1748.1,2714.0,137.6,35.0,0.05,0.0
620,Portugal,2015,19717.89,4123.0,18871.3,63167.0,77202.0,57155.0,,,8252.78,42984.0,54591.0,23140.0,12850.93,12495.0,5930521.88,227.53,649.0,9769.08,14151.0,,,17921.48,33397.0,2100.25,9820.0,7598.26,22753.0,17267.56,31311.0,109.21,492.0,18693.72,71205.0,22557.99,52231.0,2136.87,7460.0,1872.0,420.0,120.11,192.0,9258.26,7783.0,44455.7,19130.0,191808.93,79369.0,113382.0,7565.0,12285.75,26929.0,,,11431.38,7022.0,197121.0,38918.0,26236.02,9734.0,54077.82,48257.0,16763.36,3734.0,1384.04,2623.0,6183.25,22859.0,2057.8,2555.0,425.7,62.0,,
620,Portugal,2016,25767.68,5003.0,17742.05,59013.0,104099.0,94357.0,,,9159.23,42991.0,49413.0,19710.0,17776.21,19073.0,6031146.42,453.61,1198.0,10513.56,13784.0,,,20798.74,27933.0,2113.74,12149.0,8653.63,24512.0,20486.7,31120.0,21.97,160.0,23515.19,87596.0,27392.11,58201.0,1408.06,6710.0,908.87,223.0,116.87,227.0,8598.71,10470.0,52879.25,25548.0,112495.69,53313.0,92652.0,11218.0,12262.85,26666.0,,,10664.93,6779.0,205432.0,35723.0,18049.32,11975.0,68122.14,59507.0,35846.13,7820.0,941.08,1620.0,6082.02,20304.0,1921.96,2338.0,230.38,288.0,,
620,Portugal,2017,39083.74,7581.0,15267.92,82070.0,106217.0,98499.0,,,8963.76,43830.0,49330.0,20607.0,14332.95,17093.0,6581797.22,677.97,2148.0,10042.53,15983.0,,,17448.75,34063.0,1724.4,10061.0,9545.44,28544.0,33629.78,52711.0,40.45,346.0,8694.39,26662.0,24053.57,65869.0,575.18,3058.0,1784.65,518.0,211.04,349.0,8968.8,10107.0,63669.39,21634.0,99855.28,48647.0,241066.0,31305.0,15359.21,35032.0,,,10974.77,6785.0,175799.0,35413.0,26837.12,14995.0,70775.57,61841.0,46415.53,9937.0,1047.21,2310.0,5662.49,20567.0,1110.48,1299.0,365.12,455.0,,
620,Portugal,2018,29047.33,6488.0,13764.04,79451.0,112986.0,109515.0,,,8281.99,42304.0,48563.0,22367.0,15583.35,18360.0,7120138.28,976.87,3086.0,10500.83,17613.0,29.0,1.0,12772.84,24860.0,3462.17,20584.0,11374.97,37577.0,25975.13,43631.0,31.01,227.0,8545.81,24641.0,20603.11,57945.0,1000.36,4392.0,3404.32,776.0,317.12,411.0,9927.78,13508.0,35101.61,15341.0,86581.98,48103.0,331470.0,53921.0,13487.44,26250.0,,,5817.63,4234.0,186424.0,35477.0,29877.65,24947.0,73745.12,69946.0,27064.07,6363.0,895.84,1740.0,5130.32,19310.0,815.65,1757.0,265.7,472.0,,
620,Portugal,2019,25932.3,6836.0,13256.78,57421.0,97047.0,95033.0,,,8536.9,40617.0,42947.0,18320.0,8950.78,9969.0,6919212.27,1639.78,4487.0,11393.43,16467.0,,,15236.85,33998.0,5303.59,22606.0,8840.53,27737.0,19222.97,28952.0,27.81,187.0,8981.82,22606.0,30755.16,79637.0,797.62,3447.0,7035.61,1588.0,170.5,263.0,7281.33,11109.0,69280.63,31250.0,98688.27,50402.0,392015.0,57555.0,24030.42,59007.0,,,5333.08,3041.0,238679.0,39148.0,31698.9,21769.0,92941.45,81778.0,26274.36,6413.0,814.5,1957.0,3191.58,11747.0,889.82,1923.0,246.38,314.0,0.27,0.0
620,Portugal,2020,8251.37,1808.0,13097.34,54797.0,125533.0,127654.0,,,7900.98,37661.0,29082.0,13997.0,3689.38,5257.0,7461608.31,1310.24,3716.0,7458.26,11398.0,3057.0,117.0,18330.18,36239.0,4733.35,20149.0,9352.89,30128.0,15825.44,24579.0,46.02,342.0,8893.27,23846.0,40236.87,106722.0,1152.58,4539.0,2606.38,630.0,324.98,353.0,5794.98,7957.0,51308.23,20291.0,102388.68,51432.0,486130.0,56679.0,25987.54,73251.0,,,2749.69,1701.0,549591.0,74645.0,46756.26,38790.0,92147.43,85609.0,11071.05,3048.0,908.27,2059.0,2661.7,10202.0,908.26,1874.0,52.15,27.0,0.55,2.0
620,Portugal,2021,3265.17,963.0,15813.59,74939.0,140354.0,154458.0,,,9207.49,47550.0,33156.0,19841.0,3308.14,6148.0,8557973.79,1887.17,5818.0,9326.97,14479.0,449.0,19.0,18012.29,42298.0,6885.85,33930.0,9572.02,37130.0,24912.18,41646.0,76.41,555.0,8177.66,21398.0,36295.02,95445.0,1031.44,5297.0,2549.35,788.0,210.16,431.0,8613.0,10975.0,44064.7,20434.0,116926.37,60922.0,460641.0,74540.0,29113.22,93191.0,,,5664.27,3073.0,527357.0,70096.0,14352.37,61362.0,82506.87,80033.0,3906.52,1478.0,935.6,2380.0,3256.15,12434.0,690.08,1583.0,75.99,50.0,0.45,1.0
620,Portugal,2022,21823.62,7744.0,7771.61,50345.0,159573.0,178974.0,,,11645.16,68459.0,41566.0,23952.0,3199.84,6822.0,9249070.02,3063.04,8334.0,9106.81,20075.0,351.0,13.0,14451.05,38924.0,6773.81,38618.0,11292.94,53835.0,21931.38,43984.0,64.96,590.0,9959.25,21733.0,22471.12,61470.0,1283.91,6452.0,581.15,275.0,396.27,555.0,6318.99,9322.0,62164.08,23884.0,136727.61,74994.0,450495.0,89088.0,16446.81,70878.0,,,11416.48,7691.0,439114.0,66980.0,23773.69,110566.0,90049.01,87481.0,14587.38,5917.0,1272.31,2576.0,3313.89,15360.0,946.04,1997.0,43.59,31.0,0.37,1.0
620,Portugal,2023,121879.24,34552.0,10998.36,68475.0,100953.0,121518.0,,,12531.86,77447.0,46078.0,28693.0,2445.04,5473.0,10133892.47,3662.36,14978.0,8453.92,26151.0,,,11921.93,37522.0,6859.45,40663.0,10845.62,52401.0,24082.66,51238.0,93.33,834.0,9788.1,24565.0,20552.56,63717.0,1283.94,6372.0,650.82,297.0,390.74,588.0,6021.36,9261.0,92760.75,45027.0,124901.25,85324.0,463723.0,89906.0,22443.86,73456.0,,,9157.16,6961.0,572091.0,108603.0,23079.23,40008.0,89551.83,103822.0,41990.9,12428.0,1114.9,3741.0,2934.26,13451.0,780.72,1820.0,36.73,15.0,0.62,4.0
642,Romania,2000,92565.0,8341.0,81.0,161.0,191264.0,49358.0,429.0,1053.0,2075.0,4438.0,1173.0,446.0,1.0,6.0,362501.23,0.0,0.0,28.0,72.0,260.0,6.0,6.0,17.0,141.0,336.0,25.0,38.0,802.0,1712.0,0.0,0.0,19.0,53.0,296.0,346.0,61.0,167.0,1.0,0.0,,,7.0,3.0,16879.0,1867.0,24.0,16.0,1160120.0,36351.0,725.0,1019.0,,,1.0,2.0,0.0,0.0,20.0,9.0,631.0,2202.0,111502.0,11818.0,0.0,0.0,128.0,249.0,2765.0,3191.0,131.0,617.0,,
642,Romania,2001,244222.0,21976.0,34.0,41.0,69212.0,18754.0,209.0,605.0,2201.0,5119.0,533.0,316.0,0.0,4.0,444506.0,0.0,0.0,0.0,0.0,0.0,0.0,281.0,728.0,378.0,992.0,20.0,54.0,972.0,2615.0,0.0,0.0,248.0,279.0,208.0,239.0,31.0,59.0,352.0,55.0,,,0.0,0.0,9713.0,678.0,18.0,24.0,1768650.0,53357.0,839.0,1246.0,,,16.0,24.0,0.0,0.0,0.0,0.0,2651.0,7118.0,405005.0,40188.0,0.0,0.0,323.0,452.0,1707.0,1787.0,92.0,201.0,,
642,Romania,2002,364583.0,30185.0,1.0,1.0,137425.0,34960.0,486.0,1417.0,2767.0,6220.0,578.0,260.0,0.0,4.0,461549.04,0.0,0.0,0.0,0.0,280.0,15.0,30.0,106.0,364.0,963.0,30.0,73.0,1295.0,3002.0,0.0,0.0,274.0,320.0,114.0,146.0,14.0,17.0,0.0,0.0,,,30.0,6.0,16530.0,921.0,7.0,9.0,1484280.0,56961.0,211.0,405.0,,,12.0,9.0,13.0,4.0,0.0,0.0,1666.0,4255.0,264748.0,24617.0,0.0,0.0,8.0,14.0,2466.0,2530.0,160.0,381.0,,
642,Romania,2003,15872.0,1254.0,4.0,9.0,151516.0,57923.0,370.0,1188.0,2569.0,8285.0,305.0,112.0,4.0,11.0,601740.1,0.0,0.0,14.0,54.0,2178.0,73.0,1253.0,1326.0,343.0,965.0,39.0,121.0,2649.0,7761.0,0.0,0.0,285.0,391.0,125.0,156.0,459.0,1954.0,0.0,0.0,,,50.0,21.0,1637.0,138.0,9.0,14.0,1863788.0,81928.0,137.0,238.0,,,0.0,0.0,41.0,11.0,164.0,116.0,1427.0,6933.0,12544.0,3009.0,0.0,0.0,0.0,0.0,2277.0,2933.0,159.0,861.0,,
642,Romania,2004,63110.0,6460.0,193.0,383.0,172421.0,62901.0,577.0,1869.0,3354.0,11698.0,260.0,89.0,13.0,24.0,763418.0,0.0,0.0,19.0,59.0,5660.0,193.0,1371.0,983.0,357.0,1055.0,197.0,444.0,3785.0,12259.0,0.0,0.0,198.0,361.0,99.0,177.0,1028.0,4931.0,2.0,1.0,,,78.0,23.0,197.0,61.0,58.0,73.0,2008818.0,99197.0,621.0,1101.0,,,4.0,7.0,0.0,0.0,68.0,55.0,2686.0,13068.0,25504.0,4654.0,355.0,668.0,0.0,0.0,1832.0,2915.0,182.0,1013.0,,
642,Romania,2005,317461.0,37619.0,144.0,386.0,153888.0,73858.0,418.0,1307.0,3510.0,12573.0,327.0,115.0,1.0,4.0,861415.0,0.0,0.0,0.0,35.0,991.0,36.0,87.0,488.0,537.0,1863.0,151.0,376.0,2573.0,8728.0,5.0,9.0,196.0,488.0,186.0,463.0,1584.0,7873.0,2736.0,300.0,,,24.0,33.0,999.0,127.0,890.0,830.0,1564625.0,91726.0,578.0,1313.0,,,18.0,16.0,0.0,0.0,0.0,0.0,3411.0,17130.0,258838.0,30233.0,484.0,984.0,1.0,3.0,1417.0,2556.0,172.0,917.0,,
642,Romania,2006,118791.0,15156.0,303.0,531.0,206674.0,94381.0,342.0,1243.0,3774.0,13018.0,0.0,0.0,1.0,2.0,1226215.41,0.0,0.0,20.0,42.0,251.0,19.0,13.0,24.0,652.0,2312.0,398.0,1251.0,57.0,131.0,1.0,4.0,284.0,600.0,191.0,462.0,1408.0,7440.0,1566.0,170.0,,,72.0,38.0,4740.0,331.0,424.0,396.0,1519181.0,89268.0,23.0,55.0,,,343.0,322.0,0.0,0.0,1.0,4.0,1585.0,8015.0,904702.0,118580.0,371.0,841.0,2.0,4.0,1300.0,2332.0,1368.0,3857.0,,
642,Romania,2007,139808.0,36473.0,49.0,188.0,317412.0,125152.0,125.0,558.0,680.0,2907.0,336.0,218.0,4.0,15.0,1555395.06,0.0,0.0,464.0,569.0,1307.0,46.0,1811.0,2072.0,672.0,1454.0,5197.0,12035.0,1655.0,4197.0,12.0,43.0,97.0,200.0,41.0,122.0,827.0,4945.0,183.0,41.0,,,20.0,32.0,6883.0,1165.0,543.0,601.0,1667318.0,102741.0,164.0,695.0,,,461.0,486.0,0.0,0.0,0.0,0.0,2010.0,9805.0,206634.0,63004.0,76.0,211.0,367.0,1723.0,1244.0,2147.0,209.0,358.0,,
642,Romania,2008,645056.0,163102.0,43.0,166.0,248637.0,120040.0,333.0,2446.0,713.0,3794.0,1524.0,1008.0,23.0,55.0,3156297.04,0.0,0.0,1000.0,1467.0,2491.0,135.0,2607.0,3572.0,238.0,1084.0,2961.0,9072.0,8906.0,19869.0,8.0,60.0,298.0,965.0,175.0,456.0,885.0,6165.0,0.0,0.0,,,255.0,176.0,6745.0,790.0,617.0,607.0,1525849.0,109502.0,145.0,476.0,,,327.0,386.0,5.0,1.0,1.0,1.0,2905.0,12830.0,1988758.0,561304.0,40.0,208.0,234.0,869.0,388.0,569.0,78.0,91.0,,
642,Romania,2009,543311.0,83761.0,106.0,343.0,220653.0,102990.0,583.0,3068.0,1857.0,6307.0,2656.0,1979.0,427.0,958.0,3047047.52,4.0,12.0,1031.0,1449.0,3126.0,168.0,3201.0,5100.0,223.0,1205.0,682.0,2236.0,29767.0,61067.0,6.0,45.0,595.0,1628.0,383.0,1025.0,1550.0,10544.0,481.0,108.0,,,202.0,162.0,5220.0,981.0,380.0,321.0,1590511.0,114484.0,23.0,56.0,,,201.0,182.0,0.0,0.0,2.0,3.0,3449.0,14173.0,2340674.0,422720.0,0.0,0.0,103.0,322.0,1095.0,3733.0,68.0,42.0,,
642,Romania,2010,771878.0,125706.0,399.0,1394.0,279772.0,130875.0,612.0,3590.0,2939.0,12836.0,2774.0,1750.0,570.0,1186.0,4049615.05,29.0,94.0,2311.0,2362.0,3294.0,200.0,6410.0,8470.0,866.0,3626.0,867.0,3259.0,54652.0,103970.0,8.0,55.0,1773.0,5396.0,2101.0,4132.0,3539.0,22222.0,669.0,116.0,,,276.0,229.0,20257.0,2592.0,1092.0,660.0,1592399.0,114733.0,269.0,702.0,,,280.0,196.0,235.0,86.0,0.0,0.0,4124.0,17870.0,2480144.0,503065.0,10.0,23.0,525.0,1468.0,493.0,1130.0,139.0,142.0,,
642,Romania,2011,763541.0,202289.0,351.0,1868.0,255218.0,140166.0,786.0,4677.0,1968.0,10207.0,5436.0,8475.0,806.0,2011.0,5458813.06,78.0,98.0,1625.0,1681.0,1764.0,126.0,2991.0,4573.0,2982.0,15944.0,2093.0,8378.0,73182.0,208970.0,15.0,129.0,1475.0,4144.0,4210.0,9973.0,3145.0,21340.0,1703.0,301.0,,,680.0,862.0,11526.0,3243.0,4456.0,2521.0,1791595.0,166269.0,1766.0,5156.0,,,742.0,422.0,1111.0,364.0,0.0,0.0,2631.0,10379.0,1568735.0,430919.0,21.0,28.0,141.0,638.0,454.0,802.0,674.0,775.0,,
642,Romania,2012,688075.0,197865.0,452.0,1439.0,304367.0,183389.0,515.0,2892.0,7255.0,27109.0,10548.0,21104.0,817.0,1732.0,5041295.0,527.0,588.0,3155.0,7554.0,3870.0,205.0,8864.0,13268.0,4981.0,22790.0,3041.0,11613.0,76061.0,219036.0,12.0,51.0,4331.0,10185.0,14007.0,28463.0,1181.0,7621.0,2512.0,1189.0,0.0,0.0,546.0,384.0,6197.0,1060.0,7539.0,5659.0,1800795.0,175099.0,2378.0,4894.0,,,8.0,13.0,1553.0,491.0,18.0,37.0,2095.0,7836.0,2314889.0,699123.0,52.0,148.0,228.0,629.0,342.0,556.0,903.0,1545.0,,
642,Romania,2013,1132938.0,296937.0,302.0,1337.0,278535.0,174510.0,0.0,0.0,10082.0,42609.0,10888.0,23503.0,1365.0,2749.0,6783492.0,1149.0,1448.0,2847.0,6401.0,2341.0,140.0,14270.0,16813.0,3015.0,16341.0,1227.0,5182.0,67303.0,179979.0,4.0,19.0,5387.0,19488.0,9152.0,22813.0,2106.0,12635.0,2122.0,1447.0,1.0,10.0,446.0,326.0,11956.0,3668.0,21467.0,15981.0,1942683.0,198635.0,1928.0,2642.0,,,921.0,539.0,9725.0,1554.0,18.0,74.0,4410.0,20216.0,4773295.0,1298522.0,15.0,44.0,151.0,674.0,466.0,735.0,742.0,1563.0,,
642,Romania,2014,1374770.7,302996.0,286.1,878.0,246627.0,151695.0,,,8266.07,41093.0,17435.0,28275.0,1025.56,2157.0,7193574.47,1080.35,1585.0,780.84,1961.0,23356.0,1675.0,6949.8,9129.0,2118.45,10746.0,694.91,3682.0,56340.65,156089.0,14.6,66.0,7965.5,28249.0,9944.03,23445.0,3607.86,22567.0,1642.6,607.0,0.01,0.0,840.81,341.0,7395.54,1432.0,35006.6,23618.0,2120645.0,217495.0,1165.34,4330.0,,,1466.45,689.0,4072.0,809.0,11.29,40.0,4658.02,20501.0,4965442.89,1274848.0,14.47,35.0,361.91,1580.0,165.6,236.0,1064.1,3797.0,,
642,Romania,2015,1763164.1,331857.0,729.82,949.0,235734.0,140138.0,,,10106.37,39568.0,16959.0,31604.0,941.24,1601.0,6373600.4,39.71,54.0,2501.7,2901.0,4850.0,1183.0,11182.9,13872.0,2829.45,12214.0,3134.12,9407.0,63091.55,139974.0,26.76,103.0,9534.0,24141.0,8356.17,14599.0,6767.67,37783.0,571.3,276.0,14.2,67.0,742.36,312.0,1633.6,233.0,32379.28,18449.0,2035271.0,169996.0,616.28,1324.0,,,518.4,234.0,2500.0,531.0,10.31,41.0,5776.68,21861.0,3555280.71,768394.0,41.07,69.0,223.31,719.0,157.0,257.0,992.5,2107.0,69.3,136.0
642,Romania,2016,1310986.43,212274.0,456.06,1106.0,276470.0,175997.0,,,11104.73,39544.0,15696.0,28625.0,681.32,1399.0,6578024.8,8.17,24.0,924.13,2705.0,5343.0,200.0,7225.22,7755.0,4705.03,15465.0,5163.34,13500.0,63228.96,114762.0,63.94,171.0,10196.9,24139.0,19225.7,30062.0,5331.23,25583.0,2875.01,1216.0,10.62,46.0,80.53,49.0,2346.12,628.0,43262.68,22800.0,2553171.0,183807.0,284.02,567.0,,,3208.51,820.0,13424.0,1995.0,21.03,105.0,4353.85,18118.0,6993999.34,1263677.0,32.59,51.0,344.44,1527.0,11.11,51.0,992.42,2023.0,,
642,Romania,2017,1442724.39,242925.0,494.51,2533.0,324685.0,229596.0,,,13621.22,50229.0,17570.0,30777.0,1022.63,2313.0,7036969.06,348.13,329.0,1937.79,1992.0,2749.0,116.0,10526.46,13745.0,4524.86,18905.0,10402.88,28492.0,53070.2,119050.0,199.12,499.0,9908.93,27224.0,22672.12,35725.0,8022.69,38141.0,1669.14,618.0,83.41,260.0,277.77,156.0,20397.53,2699.0,41291.67,25906.0,2428440.0,197946.0,968.65,1382.0,,,17648.17,4336.0,4760.0,696.0,38.39,129.0,3364.02,16205.0,5769094.07,1123161.0,26.7,65.0,254.64,1210.0,6.34,62.0,906.15,1851.0,,
642,Romania,2018,1332348.97,278102.0,431.89,3078.0,254278.0,191360.0,,,13559.44,56015.0,18835.0,38322.0,1921.97,5558.0,7678270.27,1188.17,849.0,4780.67,4466.0,960.0,59.0,12571.91,18955.0,4152.11,18534.0,5670.62,20413.0,55854.86,143207.0,501.72,1544.0,6437.21,17127.0,12204.77,17244.0,9122.77,42953.0,1364.63,707.0,60.72,277.0,677.1,318.0,10661.84,2177.0,48292.77,32403.0,2410378.0,208552.0,349.69,1387.0,,,15769.06,3844.0,644.0,102.0,64.06,357.0,4481.25,23747.0,5880584.49,1232666.0,21.3,74.0,462.37,3047.0,56.71,107.0,986.83,2903.0,1.83,8.0
642,Romania,2019,1124188.56,205472.0,186.7,1161.0,268790.0,184457.0,,,13087.89,55529.0,20131.0,41134.0,1536.1,4855.0,7950969.79,438.11,637.0,1413.95,1267.0,1289.0,62.0,14547.51,19933.0,3703.91,14518.0,3212.69,11918.0,69172.71,139129.0,300.62,1012.0,1047.49,2759.0,5690.63,6368.0,9254.77,42863.0,1019.66,353.0,123.98,560.0,146.64,163.0,5226.75,1869.0,48035.5,32146.0,2892019.0,253951.0,204.2,585.0,,,5832.83,1876.0,2.0,0.0,113.96,624.0,3517.98,17412.0,6103187.93,1256758.0,17.04,58.0,635.51,4273.0,0.66,2.0,935.16,2654.0,,
642,Romania,2020,1308992.1,244845.0,321.28,1685.0,226571.0,161477.0,,,14306.28,58492.0,17660.0,33607.0,1835.77,6806.0,7935868.89,719.06,885.0,851.9,1018.0,507.0,39.0,12397.58,16604.0,2709.7,12006.0,1487.88,6214.0,70870.23,127772.0,189.26,675.0,307.37,1046.0,3338.7,2778.0,4040.01,22199.0,4966.44,1030.0,125.47,416.0,1172.27,847.0,23236.51,4059.0,36539.23,25315.0,2398612.0,263984.0,329.57,887.0,,,7193.91,1803.0,449.0,128.0,43.13,323.0,3525.42,16527.0,4304773.93,962465.0,24.3,58.0,359.58,2324.0,115.02,84.0,697.5,1754.0,0.0,0.0
642,Romania,2021,2097713.05,493436.0,901.73,3917.0,261809.0,204347.0,,,16997.04,72046.0,15457.0,34121.0,616.95,2290.0,11156075.4,545.48,653.0,365.04,577.0,5844.0,422.0,13273.07,19652.0,3119.24,16024.0,2172.46,8857.0,74683.47,170552.0,101.55,458.0,335.8,880.0,2067.02,1509.0,2686.89,17378.0,1135.76,365.0,148.95,450.0,1166.51,1070.0,23919.45,4298.0,43389.96,27027.0,2585414.0,321140.0,515.04,916.0,,,7824.85,2703.0,1201.0,123.0,51.83,515.0,3341.7,18055.0,6907746.23,1800140.0,319.62,464.0,190.2,1055.0,25.32,19.0,592.5,1416.0,0.0,0.0
642,Romania,2022,1350820.27,457048.0,989.0,4903.0,232160.0,177183.0,,,18213.71,87687.0,20321.0,41841.0,1829.81,4791.0,11621186.39,670.46,747.0,542.82,861.0,3041.0,302.0,22326.21,36325.0,7891.6,23778.0,2799.76,12166.0,76891.18,211630.0,134.24,649.0,319.18,819.0,3243.59,2190.0,2086.78,12630.0,1749.86,596.0,303.75,583.0,2702.91,2576.0,9697.4,3331.0,40351.12,27767.0,2290237.0,277869.0,1143.18,1527.0,,,3162.88,1370.0,153.0,131.0,74.51,686.0,4205.11,20687.0,5684672.73,2076086.0,15.98,29.0,126.78,595.0,,,584.33,974.0,,
642,Romania,2023,2262943.6,512359.0,434.96,2551.0,230984.0,199895.0,,,17914.55,99154.0,18689.0,51001.0,2104.83,6379.0,12032412.66,314.47,655.0,541.81,812.0,6605.0,637.0,27364.15,53337.0,2694.5,15577.0,4129.01,15091.0,85357.32,234868.0,27.58,101.0,232.55,799.0,3250.72,3018.0,2413.14,17246.0,1858.88,675.0,215.15,546.0,2066.95,1871.0,10632.87,4228.0,53869.9,34598.0,2331032.0,308034.0,1419.66,1498.0,,,6950.9,1642.0,36.0,8.0,67.49,742.0,3791.72,16979.0,8171216.09,2224351.0,128.86,204.0,340.13,1369.0,0.02,0.0,305.94,352.0,,
703,Slovakia,2000,23825.0,2238.0,2150.0,2771.0,9923.0,7636.0,,,10973.0,21114.0,2327.0,1319.0,161.0,221.0,397732.13,2224.0,128.0,5.0,5.0,2472.0,43.0,588.0,1050.0,46.0,163.0,314.0,573.0,1383.0,1716.0,0.0,0.0,20.0,17.0,0.0,0.0,101.0,383.0,2017.0,130.0,69.0,21.0,1202.0,480.0,6.0,1.0,16741.0,3933.0,84008.0,2102.0,4911.0,7464.0,,,13094.0,3158.0,0.0,0.0,1806.0,580.0,465.0,242.0,23927.0,2474.0,984.0,525.0,1916.0,2704.0,253.0,341.0,237.0,149.0,,
703,Slovakia,2001,5068.0,565.0,2167.0,2757.0,34104.0,6978.0,,,11632.0,26559.0,0.0,0.0,596.0,724.0,418077.7,0.0,0.0,0.0,0.0,0.0,0.0,1382.0,1602.0,0.0,0.0,0.0,0.0,4327.0,7771.0,0.0,0.0,0.0,0.0,0.0,0.0,0.0,0.0,0.0,0.0,26.0,8.0,2220.0,695.0,1229.0,421.0,15662.0,4068.0,42655.0,1170.0,5550.0,9829.0,,,0.0,0.0,0.0,0.0,0.0,0.0,2206.0,1006.0,8307.0,1150.0,1405.0,778.0,2092.0,3786.0,160.0,190.0,163.0,131.0,,
703,Slovakia,2002,5827.0,737.0,2060.0,2795.0,46241.0,12076.0,,,11940.0,29021.0,3190.0,1181.0,2684.0,2228.0,525489.84,3080.0,153.0,0.0,0.0,685.0,16.0,887.0,1498.0,388.0,768.0,1372.0,2294.0,3465.0,4855.0,0.0,0.0,225.0,500.0,24.0,58.0,311.0,1461.0,255.0,44.0,55.0,17.0,1269.0,607.0,553.0,104.0,28575.0,8022.0,56286.0,1875.0,5207.0,6105.0,,,8806.0,2343.0,0.0,0.0,1824.0,699.0,2117.0,1141.0,59112.0,6201.0,1439.0,896.0,1866.0,2360.0,239.0,331.0,144.0,80.0,,
703,Slovakia,2003,55704.0,6990.0,3041.0,5118.0,37853.0,11271.0,,,12254.0,33749.0,4202.0,2146.0,3503.0,5121.0,685685.76,1430.0,111.0,5.0,26.0,155.0,3.0,2883.0,4298.0,80.0,284.0,1554.0,2543.0,5284.0,9294.0,0.0,0.0,30.0,41.0,0.0,0.0,449.0,2166.0,2362.0,301.0,114.0,48.0,826.0,565.0,2564.0,469.0,33957.0,11466.0,49706.0,1750.0,9743.0,14728.0,,,6143.0,1535.0,0.0,0.0,1589.0,839.0,3307.0,1776.0,26169.0,3362.0,1519.0,1052.0,1177.0,1890.0,77.0,140.0,143.0,146.0,,
703,Slovakia,2004,42669.0,9340.0,3696.0,5491.0,51563.0,27214.0,41.0,183.0,10576.0,35349.0,7534.0,4116.0,8149.0,13159.0,1007365.61,2100.0,51.0,0.0,0.0,114.0,4.0,2395.0,3154.0,164.0,539.0,4137.0,5543.0,9786.0,23396.0,0.0,0.0,110.0,439.0,4710.0,7064.0,128.0,633.0,5700.0,959.0,280.0,109.0,480.0,428.0,3481.0,735.0,69002.0,28851.0,52188.0,2117.0,3257.0,7515.0,,,21182.0,5793.0,669.0,348.0,0.0,0.0,2677.0,2148.0,33570.0,10864.0,1632.0,1383.0,2313.0,7236.0,34.0,49.0,43.0,46.0,,
703,Slovakia,2005,116090.0,15381.0,1468.0,5361.0,48938.0,27474.0,4.0,1.0,18026.0,64565.0,19609.0,19401.0,12586.0,20069.0,1353478.81,1.0,4.0,0.0,4.0,2811.0,139.0,2781.0,6733.0,252.0,781.0,4529.0,14272.0,11944.0,34273.0,0.0,0.0,976.0,5778.0,6100.0,23687.0,57.0,125.0,2159.0,641.0,489.0,255.0,904.0,779.0,5108.0,1519.0,92982.0,38176.0,94080.0,1622.0,6605.0,19324.0,,,33733.0,9321.0,33252.0,6192.0,0.0,0.0,2862.0,2985.0,311463.0,49418.0,2042.0,1618.0,4420.0,15591.0,3.0,2.0,6.0,10.0,,
703,Slovakia,2006,152870.0,32831.0,1629.0,5671.0,54677.0,35873.0,0.0,0.0,21574.0,86808.0,26994.0,16814.0,17119.0,22043.0,1671651.27,846.0,121.0,181.0,4.0,216.0,11.0,4203.0,7156.0,151.0,587.0,4283.0,13513.0,13859.0,31817.0,0.0,0.0,872.0,2409.0,7664.0,22703.0,654.0,3449.0,2862.0,559.0,990.0,460.0,1115.0,1369.0,6708.0,2448.0,93626.0,38246.0,27019.0,1950.0,4271.0,12701.0,,,18723.0,4927.0,63831.0,17378.0,0.0,0.0,6573.0,4561.0,391574.0,68997.0,111.0,83.0,6998.0,18283.0,0.0,0.0,11.0,17.0,,
703,Slovakia,2007,78687.0,37687.0,3943.0,14125.0,43979.0,33981.0,0.0,1.0,17387.0,81754.0,19625.0,14685.0,14256.0,26192.0,2092647.69,700.0,60.0,0.0,0.0,0.0,0.0,5798.0,17327.0,600.0,1461.0,2928.0,10629.0,16096.0,47198.0,0.0,0.0,774.0,5962.0,7001.0,22087.0,470.0,1150.0,1880.0,1283.0,1440.0,616.0,566.0,864.0,13673.0,4134.0,107255.0,62169.0,15688.0,1237.0,8538.0,37574.0,,,10034.0,4165.0,105124.0,29489.0,9.0,6.0,7659.0,6807.0,148716.0,78416.0,248.0,123.0,5369.0,24895.0,9.0,2.0,4.0,8.0,,
703,Slovakia,2008,53823.0,37533.0,2754.0,11918.0,60783.0,50312.0,3.0,20.0,16258.0,107570.0,28657.0,25836.0,12265.0,28193.0,2521183.8,6386.0,447.0,0.0,2.0,3.0,0.0,10210.0,23793.0,706.0,1786.0,1886.0,8237.0,15564.0,54638.0,0.0,0.0,2054.0,11407.0,5352.0,27074.0,63.0,266.0,1562.0,579.0,757.0,709.0,776.0,1014.0,16911.0,4570.0,159714.0,124832.0,20627.0,1674.0,8807.0,38108.0,,,11449.0,9023.0,109563.0,18015.0,0.0,1.0,7557.0,8772.0,143926.0,66679.0,2698.0,2715.0,3826.0,15039.0,8.0,2.0,6.0,7.0,,
703,Slovakia,2009,65567.0,30978.0,1861.0,7630.0,59120.0,68362.0,14.0,83.0,16451.0,71838.0,36915.0,35855.0,12169.0,26348.0,2600247.06,322.0,27.0,2.0,12.0,3.0,0.0,8930.0,24875.0,728.0,2506.0,1708.0,8098.0,14666.0,43803.0,0.0,0.0,457.0,2927.0,4694.0,25152.0,290.0,1793.0,1037.0,236.0,949.0,236.0,749.0,804.0,22834.0,12621.0,150258.0,59822.0,10721.0,1628.0,3790.0,11541.0,,,21820.0,5969.0,98111.0,26428.0,10.0,38.0,7868.0,7984.0,396815.0,167289.0,3703.0,3795.0,2624.0,6930.0,15.0,9.0,12.0,16.0,,
703,Slovakia,2010,64914.0,30338.0,2109.0,6862.0,111127.0,75752.0,38.0,209.0,17608.0,118937.0,38618.0,33106.0,13883.0,23928.0,2862109.0,5865.0,664.0,2.0,19.0,75.0,7.0,14700.0,23461.0,1127.0,4354.0,1608.0,4553.0,26768.0,84909.0,0.0,0.0,2141.0,7091.0,20054.0,75093.0,385.0,1762.0,1437.0,393.0,2588.0,571.0,1620.0,2353.0,16526.0,7684.0,135075.0,93018.0,21917.0,1397.0,1848.0,5534.0,,,19445.0,5661.0,352521.0,57532.0,36.0,158.0,7781.0,12420.0,327601.0,126049.0,2463.0,2869.0,1356.0,4981.0,0.0,0.0,11.0,4.0,,
703,Slovakia,2011,171526.0,61904.0,2096.0,10035.0,70641.0,69841.0,41.0,270.0,14599.0,88610.0,41452.0,46005.0,19188.0,29798.0,3842358.0,10124.0,2061.0,17.0,125.0,0.0,0.0,19682.0,30925.0,1919.0,11169.0,1689.0,4817.0,22972.0,90545.0,0.0,0.0,1313.0,7642.0,5579.0,37092.0,546.0,4054.0,1549.0,686.0,1860.0,680.0,404.0,880.0,8388.0,3434.0,173571.0,121862.0,18300.0,1913.0,2701.0,6047.0,,,11424.0,4126.0,231715.0,91259.0,22.0,154.0,6968.0,8600.0,274902.0,114784.0,3824.0,6377.0,566.0,2528.0,0.0,0.0,27.0,88.0,,
703,Slovakia,2012,57721.0,36620.0,1969.0,8903.0,83124.0,85568.0,0.0,0.0,16668.0,87432.0,52662.0,54753.0,17865.0,23444.0,4550579.0,9788.0,1789.0,16.0,177.0,0.0,0.0,10029.0,26905.0,294.0,1808.0,1633.0,10734.0,30380.0,106231.0,9.0,53.0,1799.0,6955.0,12456.0,69251.0,511.0,3824.0,1785.0,777.0,3799.0,1149.0,444.0,1631.0,7251.0,2996.0,179382.0,91195.0,26271.0,2301.0,3276.0,4271.0,,,13997.0,4244.0,363479.0,98632.0,9.0,64.0,6321.0,7760.0,296793.0,166641.0,3329.0,4921.0,1873.0,6015.0,23.0,53.0,44.0,293.0,,
703,Slovakia,2013,47747.0,15395.0,2180.0,11603.0,68253.0,79485.0,0.0,0.0,17550.0,103886.0,48228.0,49635.0,13890.0,26308.0,4237213.0,8982.0,2601.0,14.0,125.0,101.0,5.0,6901.0,22030.0,280.0,879.0,2151.0,8913.0,27496.0,87461.0,1.0,6.0,2228.0,7933.0,16317.0,56788.0,461.0,3372.0,1404.0,339.0,4398.0,1231.0,532.0,469.0,1007.0,498.0,222835.0,133775.0,30863.0,2073.0,2753.0,6097.0,,,8002.0,3890.0,638706.0,147927.0,1.0,7.0,8610.0,6501.0,561107.0,184024.0,2842.0,5276.0,2450.0,10830.0,0.0,0.0,22.0,144.0,,
703,Slovakia,2014,95816.6,27041.0,4639.26,18907.0,64146.0,70808.0,,,19719.49,105582.0,29237.0,45580.0,13047.75,27588.0,3555445.06,5716.19,1754.0,10.63,40.0,103.0,78.0,9292.6,29252.0,676.0,7030.0,2104.43,10972.0,28840.3,87535.0,,,1464.2,4239.0,7912.61,22655.0,736.07,5041.0,1825.88,2091.0,2455.26,1106.0,249.13,254.0,1155.73,1199.0,204093.7,119758.0,24580.0,2917.0,1934.96,5463.0,,,8474.42,2310.0,486219.0,132431.0,26.8,238.0,7192.23,5827.0,654165.6,199068.0,2207.61,5157.0,3339.32,15708.0,26.1,55.0,,,,
703,Slovakia,2015,216939.4,38044.0,5087.62,16328.0,94488.0,77489.0,,,21697.37,80977.0,25895.0,39611.0,10368.29,17944.0,2950857.41,6270.66,647.0,25.6,78.0,,,11649.9,28794.0,605.68,4587.0,2429.02,6200.0,30591.23,77583.0,,,548.1,1602.0,11322.87,18830.0,590.91,3544.0,3965.6,712.0,2945.8,1131.0,196.75,166.0,8107.5,2677.0,223301.73,88772.0,21554.0,1154.0,2612.73,5192.0,,,15111.7,2394.0,588636.0,69230.0,41.31,363.0,5829.05,4182.0,1044582.9,219978.0,3230.07,4587.0,1301.17,3304.0,0.3,1.0,4.5,1.0,,
703,Slovakia,2016,206504.83,34868.0,4501.61,12482.0,111432.0,91364.0,,,21116.56,90446.0,27488.0,37454.0,9654.68,14874.0,3080468.93,4937.96,1002.0,12.53,31.0,,,9559.89,21154.0,772.78,7730.0,2045.08,4464.0,28427.78,75651.0,,,464.78,1605.0,11539.78,18848.0,573.43,3128.0,5027.7,1038.0,1743.89,562.0,138.72,183.0,10109.03,3512.0,179210.13,71289.0,16136.0,804.0,1716.76,3330.0,,,15591.47,2451.0,552672.0,66087.0,41.23,360.0,5547.8,3876.0,1513655.76,271575.0,3049.49,3704.0,370.12,877.0,7.23,19.0,6.37,1.0,,
703,Slovakia,2017,150702.74,25999.0,3605.58,12679.0,94841.0,83064.0,,,29396.03,121738.0,25786.0,36380.0,8181.7,14904.0,3141185.19,4620.84,1557.0,4.33,13.0,,,7354.4,18438.0,381.32,2689.0,1601.7,3886.0,19032.26,40542.0,,,191.45,619.0,13109.67,26534.0,666.47,3379.0,4815.29,1101.0,1729.46,522.0,325.72,622.0,11779.9,4441.0,172985.97,87194.0,8021.0,389.0,859.6,1831.0,,,12833.36,2677.0,779214.0,97071.0,186.49,381.0,5258.89,3845.0,1119245.26,220564.0,3108.47,4212.0,192.13,556.0,12.07,61.0,53.19,362.0,,
703,Slovakia,2018,113907.9,23809.0,4059.65,15265.0,78256.0,67296.0,,,30007.34,136422.0,25676.0,35018.0,8347.61,17310.0,3251622.07,3282.04,1179.0,0.54,3.0,,,8602.93,21598.0,524.36,3332.0,1961.27,5554.0,35273.01,85738.0,,,167.17,476.0,21774.14,38877.0,776.21,3649.0,5105.17,1383.0,1434.99,452.0,757.74,1325.0,12298.79,5133.0,141839.8,77099.0,10975.0,612.0,1095.61,1922.0,,,13204.25,1602.0,650925.0,76533.0,62.01,538.0,5236.54,4101.0,926978.01,208778.0,3240.53,4810.0,281.37,1206.0,,,31.81,177.0,0.12,6.0
703,Slovakia,2019,77233.55,14722.0,3507.7,11669.0,77551.0,55966.0,,,31448.0,142752.0,37585.0,36064.0,6386.76,12020.0,3120496.61,953.46,617.0,1.08,5.0,,,8414.95,20921.0,283.2,2147.0,1411.51,4431.0,33770.16,84874.0,,,299.01,751.0,23591.34,48192.0,717.13,3387.0,3242.57,821.0,1156.01,603.0,1014.66,1441.0,12027.05,6388.0,137501.26,64509.0,23185.0,1351.0,1425.39,3196.0,,,12830.52,3318.0,604624.0,68839.0,212.21,299.0,4555.32,3712.0,873138.21,193302.0,3208.06,4484.0,302.75,1573.0,,,19.91,90.0,,
703,Slovakia,2020,134467.68,23998.0,1229.37,5775.0,77712.0,55114.0,,,27750.18,144764.0,50004.0,32420.0,5370.19,10448.0,3498466.98,1625.0,664.0,22.51,169.0,30.0,2.0,6462.17,19893.0,114.06,670.0,730.34,2102.0,20943.78,50741.0,0.02,1.0,1510.41,4273.0,20106.45,37620.0,402.49,1884.0,5505.31,1471.0,1475.26,443.0,1320.08,1454.0,14227.4,6555.0,130042.95,60385.0,19325.0,1105.0,2929.97,7150.0,,,16372.19,4153.0,587331.0,64705.0,191.85,408.0,5019.23,4206.0,1274123.21,283381.0,2682.79,4004.0,247.1,983.0,0.92,2.0,12.59,60.0,,
703,Slovakia,2021,143648.22,31335.0,1278.78,7082.0,85749.0,66995.0,,,27851.9,150087.0,25164.0,33804.0,8040.56,16659.0,4152122.96,2530.06,1432.0,46.29,382.0,,,9114.94,28887.0,87.02,457.0,1714.58,6331.0,20936.98,52395.0,,,670.24,1017.0,23340.33,40497.0,204.59,1420.0,8062.61,2705.0,367.78,242.0,818.55,693.0,12477.09,5875.0,126845.32,66367.0,27917.0,1983.0,2749.46,8263.0,,,19894.12,4751.0,687345.0,63842.0,407.28,1329.0,4810.12,3559.0,1163115.47,327761.0,2685.95,3472.0,481.3,2320.0,0.2,1.0,5.92,29.0,,
703,Slovakia,2022,103606.93,32315.0,1288.21,8692.0,74653.0,63824.0,,,30490.42,186461.0,24691.0,47156.0,10250.33,24453.0,5057935.43,4096.11,2664.0,64.37,424.0,,,10435.39,29906.0,108.7,538.0,548.5,2381.0,28192.3,92277.0,,,1096.63,2693.0,18158.21,35576.0,167.14,1486.0,9579.17,3371.0,1216.51,754.0,1311.62,1047.0,12905.95,6206.0,149364.7,88009.0,23059.0,1874.0,3898.8,13891.0,,,19441.47,5538.0,464330.0,58349.0,104.04,507.0,5590.57,5108.0,1203610.54,430834.0,918.97,2571.0,312.25,2179.0,,,20.11,156.0,,
703,Slovakia,2023,154772.54,34561.0,1665.35,10251.0,85457.0,79683.0,,,24387.68,181774.0,21017.0,42319.0,10233.49,26971.0,5431012.31,3100.55,2967.0,200.46,1361.0,,,10327.67,34195.0,171.13,958.0,1755.65,5850.0,48117.39,139742.0,,,1362.57,4369.0,11636.76,30009.0,6.67,20.0,11490.97,4302.0,1079.48,944.0,964.61,1013.0,15546.87,9478.0,144909.99,81495.0,28780.0,2214.0,1765.82,4699.0,,,15566.63,3525.0,474527.0,76304.0,41.7,410.0,6233.42,7121.0,1602518.08,466703.0,828.5,2775.0,496.95,2064.0,0.0,0.0,8.1,27.0,,
705,Slovenia,2000,23825.47,2238.0,2150.0,2771.0,307.0,267.0,,,10452.16,19606.0,2247.0,1113.0,160.73,221.0,320492.79,0.0,0.0,0.0,0.0,2472.0,43.0,764.47,1050.0,0.0,0.0,313.62,573.0,1321.58,1651.0,,,20.27,17.0,0.0,0.0,101.33,383.0,0.0,0.0,68.51,21.0,1201.54,480.0,11.12,1.0,16740.58,3933.0,84008.0,2102.0,4910.82,7464.0,,,13093.57,3158.0,0.0,0.0,4.0,9.0,464.84,242.0,23926.64,2474.0,984.41,525.0,1915.69,2704.0,252.69,341.0,237.27,149.0,,
705,Slovenia,2001,66.0,5.0,1622.0,2113.0,1183.0,714.0,,,3726.0,9116.0,208.0,289.0,537.0,533.0,353846.63,41.0,17.0,0.0,0.0,0.0,0.0,783.0,1667.0,0.0,0.0,9198.0,13036.0,8366.0,12311.0,,,63.0,138.0,0.0,0.0,0.0,0.0,843.0,139.0,2.0,1.0,94.0,42.0,8048.0,933.0,57371.0,16978.0,0.0,0.0,327.0,646.0,,,950.0,292.0,0.0,0.0,1.0,10.0,64.0,81.0,193.0,41.0,0.0,0.0,730.0,1508.0,0.0,0.0,38.0,43.0,,
705,Slovenia,2002,1096.0,103.0,1837.0,2374.0,8605.0,5623.0,,,3642.0,8877.0,84.0,93.0,360.0,373.0,389361.57,17.0,7.0,0.0,0.0,0.0,0.0,950.0,2075.0,0.0,0.0,4844.0,8625.0,6763.0,10075.0,,,175.0,248.0,12.0,5.0,0.0,0.0,0.0,0.0,2.0,2.0,27.0,12.0,472.0,72.0,46646.0,14507.0,181.0,17.0,1267.0,1823.0,,,1330.0,406.0,1833.0,113.0,1.0,10.0,56.0,92.0,148.0,41.0,0.0,0.0,694.0,1113.0,1.0,3.0,3.0,2.0,,
705,Slovenia,2003,50.0,6.0,3487.0,4733.0,3649.0,2488.0,,,5976.0,14940.0,695.0,712.0,192.0,265.0,457409.28,70.0,15.0,0.0,0.0,80.0,23.0,1655.0,3515.0,0.0,0.0,3714.0,8336.0,8476.0,15985.0,,,157.0,168.0,51.0,26.0,0.0,0.0,0.0,0.0,2.0,2.0,19.0,20.0,2555.0,335.0,30108.0,10514.0,0.0,0.0,3795.0,5302.0,,,5350.0,1083.0,0.0,0.0,2.0,11.0,86.0,62.0,687.0,236.0,0.0,0.0,525.0,808.0,18.0,27.0,1.0,1.0,,
705,Slovenia,2004,0.0,0.0,2109.0,4224.0,2178.0,1723.0,,,5055.0,16184.0,168.0,582.0,1750.0,2930.0,516247.32,0.0,0.0,1.0,4.0,0.0,0.0,1490.0,3389.0,241.0,864.0,3168.0,9717.0,8064.0,17054.0,,,118.0,330.0,213.0,573.0,0.0,6.0,0.0,0.0,5.0,4.0,45.0,54.0,301.0,112.0,49584.0,18634.0,201.0,17.0,1400.0,2925.0,,,6963.0,1700.0,2621.0,340.0,0.0,0.0,72.0,73.0,3027.0,568.0,0.0,0.0,253.0,589.0,3.0,6.0,10.0,17.0,,
705,Slovenia,2005,1725.0,256.0,2045.0,4939.0,7856.0,7298.0,0.0,0.0,4862.0,15955.0,564.0,600.0,1060.0,1686.0,633885.16,19.0,40.0,73.0,56.0,0.0,0.0,1248.0,4241.0,195.0,1140.0,2381.0,10313.0,7265.0,16940.0,,,647.0,2430.0,835.0,2142.0,46.0,342.0,0.0,0.0,25.0,10.0,225.0,337.0,13975.0,3386.0,97428.0,38299.0,1915.0,74.0,955.0,2419.0,,,5948.0,1414.0,7231.0,747.0,4.0,11.0,300.0,339.0,1459.0,244.0,0.0,0.0,181.0,451.0,0.0,0.0,6.0,23.0,,
705,Slovenia,2006,2155.0,360.0,970.0,2604.0,20533.0,20687.0,0.0,1.0,3310.0,11325.0,696.0,1079.0,182.0,346.0,934109.37,43.0,135.0,42.0,37.0,0.0,0.0,1710.0,4444.0,171.0,1412.0,2109.0,10101.0,7966.0,20487.0,,,893.0,3175.0,444.0,1562.0,7.0,69.0,153.0,25.0,1.0,1.0,308.0,317.0,8186.0,3012.0,183778.0,76006.0,1286.0,63.0,149.0,428.0,,,6921.0,1683.0,42564.0,5683.0,0.0,0.0,342.0,448.0,1545.0,272.0,23.0,32.0,185.0,548.0,0.0,2.0,0.0,0.0,,
705,Slovenia,2007,863.0,260.0,769.0,2813.0,20472.0,19431.0,0.0,2.0,2887.0,12310.0,948.0,460.0,1744.0,3211.0,1247034.87,222.0,514.0,88.0,118.0,0.0,0.0,1516.0,5629.0,161.0,1166.0,2633.0,12489.0,12039.0,35167.0,,,861.0,4148.0,744.0,2940.0,15.0,170.0,98.0,42.0,12.0,13.0,1150.0,1366.0,12302.0,6288.0,208610.0,103075.0,1721.0,106.0,61.0,296.0,,,10370.0,3349.0,69133.0,10324.0,0.0,6.0,354.0,514.0,14325.0,4666.0,1.0,2.0,12.0,54.0,3.0,9.0,1.0,4.0,,
705,Slovenia,2008,3246.0,972.0,591.0,2233.0,33964.0,39657.0,0.0,1.0,3001.0,15440.0,1637.0,847.0,2392.0,3834.0,1570837.33,15.0,115.0,43.0,54.0,1241.0,167.0,1932.0,7665.0,412.0,2064.0,3365.0,17965.0,13592.0,39496.0,,,574.0,3956.0,897.0,2981.0,11.0,130.0,184.0,78.0,1.0,2.0,1309.0,1759.0,9324.0,4847.0,217620.0,129000.0,8607.0,756.0,541.0,2607.0,,,5180.0,1693.0,91346.0,17623.0,3.0,18.0,405.0,915.0,13245.0,4896.0,6.0,8.0,41.0,145.0,1.0,4.0,1.0,4.0,,
705,Slovenia,2009,2395.0,420.0,719.0,2010.0,27662.0,29555.0,2.0,12.0,3877.0,13755.0,688.0,652.0,2146.0,3020.0,1467808.97,6.0,36.0,79.0,99.0,0.0,0.0,1799.0,7072.0,236.0,983.0,3391.0,17213.0,12191.0,35356.0,,,717.0,3227.0,1003.0,2448.0,5.0,34.0,34.0,7.0,1.0,3.0,1476.0,2089.0,9792.0,5329.0,220763.0,92569.0,2122.0,225.0,304.0,876.0,,,1699.0,441.0,45461.0,7356.0,3.0,16.0,306.0,641.0,29442.0,5471.0,0.0,1.0,198.0,663.0,0.0,3.0,0.0,0.0,,
705,Slovenia,2010,4786.0,926.0,858.0,3468.0,44657.0,53848.0,4.0,30.0,4297.0,16955.0,1134.0,574.0,2960.0,4904.0,1693301.3,78.0,311.0,98.0,95.0,233.0,20.0,2051.0,8817.0,1081.0,4971.0,3333.0,15336.0,15170.0,36175.0,,,1185.0,4487.0,1546.0,3176.0,33.0,265.0,89.0,21.0,1.0,1.0,1743.0,2226.0,11204.0,4655.0,244259.0,111733.0,6600.0,524.0,1656.0,4160.0,,,2306.0,725.0,28226.0,4517.0,8.0,21.0,198.0,573.0,40054.0,9145.0,0.0,1.0,361.0,1317.0,0.0,0.0,0.0,0.0,,
705,Slovenia,2011,7006.0,2130.0,604.0,3009.0,35696.0,51087.0,5.0,25.0,3917.0,18612.0,768.0,816.0,2273.0,4441.0,1850703.84,161.0,498.0,93.0,80.0,64.0,4.0,2322.0,8248.0,1061.0,6136.0,4030.0,20191.0,15101.0,42045.0,0.0,4.0,2069.0,8999.0,1286.0,3118.0,6.0,57.0,312.0,105.0,4.0,5.0,1875.0,2272.0,22371.0,10346.0,244076.0,130789.0,1298.0,128.0,534.0,1960.0,,,3104.0,1059.0,37008.0,7247.0,3.0,13.0,163.0,767.0,17578.0,5837.0,0.0,1.0,75.0,326.0,0.0,0.0,0.0,0.0,,
705,Slovenia,2012,8600.0,2508.0,482.0,1874.0,45143.0,62561.0,0.0,0.0,2940.0,13048.0,783.0,901.0,1609.0,2655.0,2046779.97,114.0,391.0,34.0,45.0,180.0,14.0,1684.0,5830.0,525.0,3224.0,2536.0,13555.0,15642.0,41732.0,0.0,3.0,2981.0,9800.0,2352.0,8277.0,72.0,603.0,886.0,284.0,4.0,9.0,1779.0,2207.0,13443.0,6814.0,266254.0,128036.0,15079.0,1645.0,591.0,1614.0,,,3374.0,984.0,29359.0,4745.0,24.0,71.0,323.0,835.0,76937.0,24092.0,0.0,1.0,32.0,108.0,0.0,0.0,0.0,0.0,,
705,Slovenia,2013,8370.0,2474.0,92.0,454.0,72987.0,102208.0,0.0,0.0,3343.0,15615.0,713.0,1044.0,678.0,1312.0,1931918.22,121.0,143.0,8.0,16.0,259.0,31.0,1379.0,5614.0,295.0,2131.0,2130.0,10384.0,15486.0,44349.0,0.0,2.0,2755.0,9838.0,2500.0,8783.0,66.0,506.0,305.0,107.0,31.0,56.0,1572.0,2186.0,9863.0,5919.0,269463.0,147616.0,14109.0,1871.0,81.0,315.0,,,1922.0,744.0,20931.0,3046.0,102.0,179.0,351.0,1364.0,113151.0,32888.0,0.0,0.0,42.0,176.0,0.0,0.0,0.0,0.0,,
705,Slovenia,2014,6178.08,1631.0,172.5,731.0,82841.0,106264.0,,,3354.43,15934.0,813.0,1218.0,538.74,1156.0,1853751.84,8.22,41.0,17.3,27.0,264.0,22.0,1708.84,6132.0,605.25,3814.0,1946.74,8567.0,16572.03,48342.0,0.2,2.0,2507.61,10285.0,3488.17,9595.0,79.82,639.0,121.5,27.0,38.31,66.0,1044.82,1385.0,10142.79,4726.0,271276.32,149142.0,33442.0,4171.0,104.81,403.0,,,359.66,252.0,25433.0,3738.0,27.54,79.0,527.37,3085.0,86837.59,23374.0,0.2,1.0,123.33,124.0,2.3,20.0,0.0,0.0,,
705,Slovenia,2015,11177.17,2150.0,76.45,267.0,78186.0,84165.0,,,4838.7,15686.0,1071.0,1549.0,685.22,989.0,1722658.09,16.5,99.0,70.3,102.0,30.0,1.0,1659.7,4424.0,879.32,3536.0,3962.49,15866.0,13862.41,37261.0,0.2,2.0,4337.21,13687.0,4070.68,8198.0,75.94,521.0,306.08,141.0,47.03,71.0,1095.0,1388.0,9972.75,3900.0,303862.58,119211.0,12667.0,1623.0,28.82,114.0,,,316.54,182.0,12427.0,1168.0,289.12,363.0,961.29,4522.0,80387.65,17096.0,85.46,350.0,14.27,90.0,,,,,,
705,Slovenia,2016,5524.04,1065.0,73.04,256.0,103690.0,94707.0,,,7226.46,24071.0,1743.0,1927.0,1254.8,1602.0,1823235.19,88.73,324.0,125.91,158.0,,,2096.02,5165.0,911.14,4494.0,5100.31,16965.0,15946.56,41236.0,0.36,3.0,3310.6,10588.0,4344.45,9151.0,64.89,370.0,182.06,42.0,50.71,75.0,1458.96,2079.0,15739.48,8704.0,317778.7,109746.0,17011.0,2001.0,304.65,713.0,,,489.34,323.0,1952.0,268.0,273.35,512.0,1597.98,6537.0,86123.81,17302.0,153.69,500.0,31.17,120.0,0.01,0.0,0.08,3.0,,
705,Slovenia,2017,23008.24,4981.0,114.76,518.0,119493.0,124787.0,,,8919.32,34353.0,1845.0,1731.0,723.01,1464.0,2024074.02,52.99,259.0,124.66,147.0,17.0,3.0,1750.32,5065.0,1413.09,7565.0,7358.42,25005.0,17796.93,45495.0,0.42,4.0,2831.44,10426.0,4235.01,9886.0,51.35,342.0,1106.95,373.0,102.41,125.0,1403.25,2456.0,16840.38,7047.0,304713.58,131081.0,19643.0,2488.0,268.15,695.0,,,837.18,413.0,80.0,8.0,329.52,564.0,1977.4,7725.0,115255.01,24811.0,224.29,639.0,25.6,125.0,0.03,0.0,,,,
705,Slovenia,2018,23127.71,4852.0,81.79,508.0,115382.0,130063.0,,,9839.94,37042.0,1826.0,2047.0,811.42,1523.0,2357261.97,48.12,226.0,163.92,269.0,52.0,2.0,1960.66,5153.0,1662.59,10854.0,13288.89,46124.0,19563.97,53738.0,0.82,6.0,4920.28,16412.0,4869.89,11552.0,30.37,335.0,135.46,59.0,142.77,157.0,1496.47,2778.0,25246.67,9511.0,311488.85,138794.0,17775.0,2238.0,278.39,605.0,,,1568.99,565.0,506.0,91.0,448.96,933.0,1648.73,9204.0,284703.04,59081.0,226.72,540.0,29.98,105.0,0.33,3.0,,,,
705,Slovenia,2019,14746.46,3099.0,79.31,452.0,87635.0,91015.0,,,8767.04,35297.0,2001.0,1819.0,677.18,885.0,2320289.12,99.8,285.0,156.81,223.0,115.0,46.0,1880.33,5148.0,1575.79,9749.0,14469.64,47025.0,19436.97,53726.0,0.63,5.0,4898.28,16965.0,5729.33,15789.0,76.64,511.0,47.44,17.0,184.31,232.0,2590.49,4017.0,52655.45,30292.0,287024.0,126033.0,15022.0,2063.0,268.49,635.0,,,2807.97,899.0,2440.0,482.0,183.46,446.0,1648.96,8239.0,105556.95,23929.0,197.18,510.0,22.05,152.0,1.14,10.0,,,,
705,Slovenia,2020,20901.77,3878.0,99.24,459.0,83445.0,105106.0,,,8992.98,37352.0,1921.0,1798.0,1143.61,1546.0,2419759.44,59.62,244.0,164.1,298.0,1121.0,513.0,1661.99,4847.0,1610.55,9283.0,12044.15,38998.0,18052.47,52830.0,0.75,7.0,4019.08,13776.0,10885.26,25542.0,6.19,58.0,85.37,31.0,359.36,414.0,1750.23,2847.0,31311.61,14720.0,302200.0,130978.0,13310.0,1943.0,150.88,463.0,,,5761.84,1542.0,5571.0,1154.0,86.84,256.0,1407.13,5530.0,105517.65,23301.0,86.14,153.0,21.32,161.0,0.01,0.0,,,,
705,Slovenia,2021,24173.13,5798.0,136.89,754.0,86911.0,129504.0,,,9685.83,41647.0,2125.0,1836.0,1214.47,1950.0,3054136.31,73.67,310.0,128.95,225.0,734.0,308.0,2658.28,7079.0,1664.21,9292.0,21138.91,77964.0,21141.53,60475.0,0.88,7.0,6774.9,21660.0,15783.13,36169.0,11.37,116.0,1013.44,271.0,421.66,408.0,2278.32,3939.0,26091.58,11987.0,314689.32,145327.0,5687.0,765.0,551.97,1647.0,,,3813.44,1128.0,13357.0,2543.0,16.35,99.0,1596.38,4683.0,422388.13,113818.0,24.12,41.0,9.14,93.0,,,,,,
705,Slovenia,2022,28305.89,9932.0,129.18,991.0,85482.0,140671.0,,,8944.54,48285.0,2242.0,1838.0,1958.94,5896.0,3426487.26,105.1,453.0,315.13,580.0,,,2456.63,7926.0,1579.9,11796.0,18978.38,86542.0,20206.18,70163.0,0.91,8.0,8271.01,28412.0,17571.99,43166.0,33.17,360.0,41.3,20.0,351.38,321.0,2529.93,4564.0,28022.42,14467.0,285620.33,159757.0,1189.0,178.0,334.2,1281.0,,,5065.47,1981.0,16443.0,3339.0,98.44,222.0,1349.86,2572.0,369851.63,138734.0,8.46,16.0,22.38,105.0,,,,,0.02,0.0
705,Slovenia,2023,16867.38,4294.0,109.53,868.0,85728.0,161745.0,,,9793.88,50676.0,2675.0,2607.0,3133.51,8179.0,3893812.41,127.66,12987.0,228.53,661.0,22.0,7.0,1585.57,6231.0,2343.15,16841.0,20090.17,95551.0,22419.42,82529.0,0.98,9.0,8990.86,40022.0,18994.81,57920.0,41.19,462.0,34.57,39.0,539.55,513.0,2067.89,4316.0,50485.64,28840.0,282243.7,163799.0,5157.0,793.0,500.3,1657.0,,,7853.47,3128.0,20410.0,5256.0,28.28,125.0,1477.44,3002.0,377969.24,126032.0,49.19,117.0,30.21,135.0,,,,,,
724,Spain,2000,204084.0,23906.0,18593.0,45998.0,129570.0,96618.0,23.0,148.0,27186.0,86949.0,26075.0,14157.0,24272.0,41641.0,13994003.74,5139.0,4794.0,1756.0,1779.0,9560.0,220.0,47775.0,39032.0,39748.0,68220.0,84193.0,203686.0,48345.0,73211.0,211.0,474.0,149723.0,260836.0,151087.0,241105.0,15006.0,42058.0,39371.0,5155.0,262.0,63.0,72305.0,36761.0,237028.0,56234.0,158316.0,61407.0,444301.0,17820.0,23163.0,43430.0,,,11766.0,4778.0,1235871.0,131879.0,1075.0,2523.0,148239.0,115835.0,401890.0,61342.0,0.0,0.0,14514.0,29843.0,5391.0,7634.0,1705.0,1699.0,,
724,Spain,2001,200298.0,24002.0,24628.0,61918.0,105827.0,61264.0,68.0,371.0,34843.0,104439.0,19343.0,12425.0,41928.0,59192.0,14497285.33,1943.0,1336.0,2601.0,2177.0,7922.0,154.0,42131.0,33837.0,49115.0,67343.0,52101.0,111958.0,50933.0,76818.0,476.0,915.0,152157.0,318352.0,167885.0,317025.0,19505.0,65953.0,42438.0,5806.0,515.0,153.0,131607.0,49687.0,245318.0,64034.0,141196.0,63705.0,346763.0,18460.0,10791.0,22168.0,,,16221.0,8164.0,1020237.0,119974.0,451.0,599.0,214214.0,134481.0,811348.0,141232.0,0.0,0.0,13548.0,31070.0,7135.0,10051.0,1983.0,1750.0,,
724,Spain,2002,34346.0,5225.0,18550.0,43537.0,85944.0,64396.0,162.0,889.0,42108.0,125535.0,14023.0,13495.0,41157.0,57688.0,16444560.48,803.0,1343.0,3394.0,3234.0,12830.0,305.0,61125.0,48606.0,57137.0,86256.0,62255.0,148901.0,44967.0,62472.0,443.0,1102.0,192745.0,334112.0,178210.0,285308.0,20629.0,65335.0,30163.0,4580.0,440.0,83.0,78431.0,54026.0,204271.0,47555.0,147034.0,58576.0,488705.0,24023.0,18898.0,31370.0,,,11277.0,6434.0,1134194.0,108934.0,2465.0,4114.0,193393.0,156750.0,1117296.0,184248.0,0.0,0.0,10325.0,21085.0,5936.0,9478.0,3050.0,1952.0,,
724,Spain,2003,103503.0,16761.0,14361.0,39412.0,87531.0,70154.0,190.0,1192.0,48046.0,164103.0,16056.0,15316.0,30427.0,64293.0,21430178.36,393.0,776.0,3247.0,4534.0,40755.0,2070.0,99646.0,109598.0,69735.0,123397.0,78110.0,216687.0,51134.0,82748.0,520.0,1767.0,258106.0,514704.0,183156.0,324257.0,19024.0,74941.0,34457.0,5860.0,670.0,213.0,88233.0,74352.0,258389.0,78774.0,156750.0,73743.0,390860.0,21689.0,17125.0,39802.0,,,21312.0,13033.0,1129274.0,125097.0,1957.0,4028.0,180130.0,180837.0,999532.0,208669.0,318.0,648.0,9520.0,19881.0,4682.0,9559.0,1847.0,2473.0,,
724,Spain,2004,59898.0,11470.0,32123.0,94796.0,117955.0,103169.0,202.0,1132.0,47138.0,197093.0,12340.0,18716.0,30149.0,59442.0,24272736.83,1133.0,1136.0,7200.0,9635.0,23837.0,992.0,103257.0,93331.0,51049.0,122095.0,85271.0,244844.0,49854.0,81495.0,535.0,1885.0,290814.0,695671.0,231963.0,474996.0,19399.0,81712.0,46311.0,8790.0,446.0,162.0,94394.0,77717.0,232518.0,90377.0,128044.0,72084.0,353359.0,19739.0,7754.0,24540.0,,,19479.0,14142.0,1453668.0,181277.0,2563.0,6082.0,182930.0,208299.0,572593.0,127051.0,151.0,376.0,6001.0,17820.0,4110.0,8924.0,2145.0,3036.0,,
724,Spain,2005,52519.0,10196.0,47265.0,146742.0,133872.0,98126.0,60.0,593.0,57447.0,196169.0,12911.0,17641.0,35577.0,63815.0,25060660.66,1132.0,846.0,9685.0,10176.0,10788.0,552.0,102761.0,92479.0,40371.0,126334.0,101112.0,324972.0,53753.0,95351.0,477.0,1730.0,322554.0,798836.0,261613.0,555609.0,16908.0,73185.0,13596.0,3103.0,192.0,94.0,93392.0,100852.0,244285.0,65047.0,83276.0,49564.0,394873.0,22932.0,3705.0,11782.0,,,14768.0,12112.0,1458769.0,194550.0,1318.0,4764.0,191959.0,209398.0,228945.0,47281.0,148.0,427.0,3034.0,6405.0,3600.0,7913.0,1364.0,2111.0,,
724,Spain,2006,34032.0,6573.0,35474.0,109520.0,117918.0,67168.0,105.0,940.0,36407.0,193230.0,11006.0,18094.0,34591.0,57856.0,26723217.84,649.0,1338.0,11895.0,13860.0,12964.0,621.0,149206.0,115505.0,32810.0,115954.0,84361.0,314681.0,46878.0,74450.0,459.0,1712.0,344991.0,941315.0,242254.0,567734.0,23998.0,98296.0,14173.0,3103.0,60.0,32.0,111916.0,122658.0,235329.0,108081.0,96966.0,54657.0,498459.0,33753.0,3855.0,13337.0,,,18349.0,13005.0,1307096.0,186418.0,2830.0,5122.0,211710.0,222045.0,546099.0,112257.0,98.0,362.0,4618.0,10662.0,3597.0,7812.0,594.0,1127.0,,
724,Spain,2007,816235.0,256825.0,42690.0,161872.0,65719.0,55179.0,605.0,4708.0,37731.0,232194.0,12050.0,21644.0,46764.0,98351.0,31036302.49,958.0,2643.0,16401.0,24647.0,7000.0,559.0,105155.0,142350.0,27520.0,115352.0,73059.0,297501.0,51971.0,106638.0,332.0,1474.0,391423.0,1095035.0,251920.0,566929.0,23623.0,109294.0,56213.0,14654.0,87.0,58.0,96071.0,121746.0,247457.0,108898.0,114860.0,81067.0,424303.0,28685.0,6331.0,30360.0,,,32420.0,23846.0,1782536.0,222033.0,3738.0,5353.0,249683.0,306395.0,588232.0,207197.0,191.0,647.0,5142.0,16626.0,3850.0,10182.0,625.0,1463.0,,
724,Spain,2008,310996.0,111334.0,14719.0,70081.0,117468.0,90161.0,932.0,9166.0,36370.0,261374.0,12847.0,25368.0,46682.0,121446.0,36425654.0,494.0,1723.0,23157.0,39333.0,13455.0,1054.0,121501.0,177968.0,35533.0,171062.0,94828.0,412679.0,72072.0,137180.0,257.0,1367.0,501613.0,1528528.0,305304.0,813267.0,19952.0,104181.0,21515.0,7280.0,138.0,86.0,119626.0,142638.0,262059.0,133810.0,164010.0,127854.0,264121.0,19307.0,6077.0,25483.0,,,28122.0,23457.0,1466401.0,233299.0,1567.0,5213.0,265554.0,371757.0,518075.0,323386.0,806.0,3308.0,3273.0,15410.0,2496.0,6875.0,351.0,875.0,,
724,Spain,2009,28076.0,7087.0,12909.0,48591.0,87580.0,78579.0,472.0,5062.0,34293.0,227634.0,11562.0,24353.0,49657.0,127806.0,32505981.23,678.0,1493.0,20896.0,33987.0,8654.0,475.0,124707.0,181950.0,27666.0,127514.0,76098.0,326890.0,65163.0,122133.0,335.0,2129.0,507845.0,1408580.0,353383.0,858641.0,17758.0,88777.0,23514.0,4890.0,149.0,128.0,114698.0,133938.0,275365.0,112258.0,79776.0,59108.0,438808.0,23849.0,3763.0,10544.0,,,28698.0,21144.0,1955772.0,233161.0,1358.0,4414.0,276051.0,350097.0,506958.0,177826.0,1275.0,4527.0,7161.0,20092.0,2259.0,5639.0,905.0,1792.0,,
724,Spain,2010,186847.0,92109.0,38239.0,176106.0,181390.0,115746.0,456.0,3210.0,41922.0,255962.0,12315.0,26111.0,48455.0,134690.0,35156344.0,184.0,795.0,15204.0,22908.0,4556.0,438.0,122657.0,163163.0,38796.0,154017.0,77945.0,320961.0,95609.0,158339.0,471.0,3191.0,540874.0,1488211.0,338156.0,833686.0,26642.0,137705.0,34513.0,7939.0,180.0,113.0,120094.0,143493.0,240527.0,98460.0,84580.0,57466.0,583250.0,33209.0,2632.0,7663.0,,,38429.0,33672.0,2020115.0,254029.0,915.0,4282.0,338107.0,355279.0,438080.0,122891.0,1204.0,3315.0,7343.0,20286.0,2638.0,6459.0,544.0,1161.0,,
724,Spain,2011,115129.0,41365.0,22071.0,130636.0,124380.0,126875.0,168.0,1951.0,45449.0,301486.0,14961.0,29517.0,56175.0,159008.0,40859570.0,1214.0,3304.0,40171.0,57663.0,10342.0,648.0,96200.0,132536.0,42675.0,204087.0,80971.0,369948.0,113769.0,207268.0,736.0,4578.0,641350.0,1956029.0,338134.0,895651.0,27600.0,168133.0,52306.0,17801.0,248.0,195.0,135977.0,162315.0,242402.0,98798.0,94311.0,73557.0,356994.0,39393.0,14905.0,49496.0,,,38934.0,28304.0,1678904.0,298262.0,1408.0,6742.0,326252.0,424913.0,567885.0,239491.0,1629.0,6181.0,8303.0,24382.0,1758.0,5634.0,123.0,336.0,,
724,Spain,2012,71113.0,27137.0,14690.0,57257.0,183739.0,223514.0,0.0,0.0,53885.0,312448.0,17060.0,31071.0,70350.0,147269.0,42489218.0,879.0,2725.0,17157.0,36478.0,7241.0,454.0,54465.0,101239.0,38594.0,202124.0,97382.0,466110.0,89591.0,172393.0,984.0,4728.0,373590.0,1195536.0,656913.0,1809841.0,31343.0,160611.0,18159.0,6079.0,303.0,257.0,125176.0,128345.0,252816.0,103574.0,151394.0,105492.0,576295.0,64359.0,20401.0,62668.0,,,32802.0,35879.0,1517627.0,248097.0,24762.0,20499.0,338368.0,406658.0,283463.0,117084.0,1446.0,5126.0,8424.0,23240.0,1501.0,4319.0,221.0,649.0,,
724,Spain,2013,77146.0,23128.0,19080.0,67243.0,195446.0,187363.0,0.0,0.0,64659.0,387163.0,18555.0,34608.0,57979.0,146119.0,45664573.0,1441.0,4133.0,17572.0,30826.0,6819.0,672.0,59006.0,105555.0,32208.0,171091.0,96434.0,474856.0,92553.0,193930.0,1332.0,5727.0,372299.0,1303909.0,627808.0,1869915.0,33108.0,159901.0,26210.0,7794.0,532.0,353.0,150896.0,153967.0,240617.0,130208.0,106508.0,100201.0,934987.0,102387.0,8281.0,19751.0,,,36377.0,40773.0,1417810.0,275163.0,22174.0,22659.0,376035.0,423673.0,592564.0,226951.0,854.0,5170.0,5425.0,19181.0,1577.0,4559.0,48.0,100.0,,
724,Spain,2014,144194.2,39386.0,12771.8,61863.0,123195.0,170446.0,,,77043.07,473305.0,19240.0,38896.0,70589.26,202836.0,47774698.86,1112.16,2944.0,20219.93,32887.0,1773.0,103.0,59653.81,120337.0,34590.53,170150.0,97189.69,464996.0,129117.23,253697.0,1466.04,6504.0,487810.09,1566645.0,567800.16,1753843.0,32439.82,172940.0,47154.27,12585.0,337.81,337.0,163433.66,175136.0,244116.95,88026.0,116093.61,116213.0,801985.0,117657.0,7095.24,31965.0,18665.6,50423.0,37905.88,51551.0,1584001.0,280496.0,22531.23,24329.0,432511.28,455873.0,428295.22,179582.0,959.17,4989.0,9444.23,25141.0,1977.6,5768.0,70.9,125.0,,
724,Spain,2015,35715.43,9785.0,14423.13,49138.0,195656.0,227922.0,,,84110.86,436662.0,22184.0,45845.0,79773.03,136548.0,42946113.49,2785.87,5202.0,21705.2,30984.0,2708.0,287.0,89782.0,147625.0,42970.65,178988.0,122698.9,463015.0,146078.65,240576.0,1754.09,9805.0,571299.19,1398324.0,674866.12,1580541.0,30340.77,143000.0,52871.4,13506.0,220.04,169.0,164037.75,161444.0,288914.48,104546.0,106328.89,84824.0,1007042.0,139789.0,11916.65,31556.0,18603.96,35288.0,26228.19,24667.0,1630483.0,197730.0,26970.93,21131.0,420229.07,431164.0,479585.24,168079.0,2717.39,9376.0,6749.0,20526.0,1036.6,2694.0,278.3,931.0,,
724,Spain,2016,47681.82,14659.0,13759.4,47143.0,160759.0,238619.0,,,92512.42,468647.0,26557.0,66186.0,107308.57,142924.0,45491472.35,3322.55,7260.0,22673.31,29677.0,2003.0,761.0,77375.41,108845.0,49445.62,194351.0,122442.35,489477.0,168506.94,241659.0,2292.77,9942.0,689021.52,1641569.0,782723.56,1864334.0,32972.6,155723.0,54925.76,12975.0,580.7,509.0,166933.71,159532.0,281397.27,136312.0,96270.71,80133.0,1132960.0,170415.0,8909.36,23139.0,17810.38,33072.0,36378.25,20613.0,1519351.0,186725.0,27912.73,24552.0,514259.32,534410.0,287116.77,81032.0,3728.54,12923.0,7525.28,28896.0,1216.0,3207.0,299.13,976.0,0.0,0.0
724,Spain,2017,84329.28,20853.0,12498.68,58667.0,212150.0,301044.0,,,101733.47,525990.0,29202.0,62709.0,104227.6,164732.0,49141901.48,4591.65,9212.0,25971.23,41546.0,4270.0,834.0,97402.92,150050.0,57200.39,235754.0,117990.37,502664.0,145788.73,240717.0,2386.49,10583.0,673615.74,1725651.0,842837.65,2243724.0,35241.79,166321.0,25534.46,6277.0,2332.77,1981.0,163695.75,168278.0,296987.29,106564.0,91937.66,100462.0,1101305.0,169206.0,33644.02,80437.0,21134.46,41298.0,21780.85,17075.0,1503630.0,212551.0,25369.54,30221.0,555079.12,597321.0,262044.64,76166.0,2001.13,7428.0,7318.62,25999.0,1121.05,2932.0,87.42,240.0,,
724,Spain,2018,255083.71,65986.0,10463.32,52126.0,257340.0,398979.0,,,102554.26,567272.0,24711.0,61953.0,81185.02,168256.0,51487997.84,3849.06,6292.0,28545.4,47670.0,3105.0,876.0,108485.43,173675.0,45126.28,230255.0,120644.36,561877.0,172200.44,289158.0,2941.6,13047.0,690402.22,1872518.0,833817.23,2156624.0,39021.97,199660.0,58403.06,16012.0,4730.5,4062.0,172968.0,182635.0,287923.91,155648.0,109834.89,104351.0,1016928.0,154148.0,9546.8,21556.0,31545.62,60796.0,18902.65,15933.0,1755264.0,176794.0,25584.58,29135.0,582564.63,655238.0,331295.03,96977.0,1551.82,6590.0,9343.85,46346.0,1892.12,4940.0,67.22,170.0,58.61,254.0
724,Spain,2019,151462.1,39831.0,11789.36,48488.0,258104.0,325218.0,,,106655.64,565496.0,27278.0,67828.0,87531.59,155916.0,51989951.28,5832.19,10696.0,34595.18,52715.0,2883.0,1121.0,117627.8,170384.0,52475.0,234983.0,142430.64,604286.0,174117.49,302137.0,3297.57,14078.0,732591.1,2212528.0,987007.49,2857826.0,40541.8,200558.0,33026.96,7902.0,3762.08,3204.0,167674.33,182465.0,306112.04,171311.0,114600.38,96848.0,1429288.0,165925.0,28256.9,70945.0,34996.54,61578.0,14868.0,11830.0,2038224.0,182335.0,28929.34,31582.0,612638.17,645169.0,513221.81,145026.0,1806.03,6980.0,7269.28,41213.0,941.47,2935.0,58.1,136.0,0.26,2.0
724,Spain,2020,111428.6,27082.0,8087.98,31455.0,313358.0,346927.0,,,103162.56,558954.0,27320.0,77853.0,102588.6,192738.0,56276393.49,7981.19,10462.0,36688.64,53502.0,3166.0,971.0,124324.87,200060.0,56308.3,250286.0,143252.82,620131.0,150265.59,263025.0,3936.47,16433.0,858573.69,2621946.0,1274114.58,3826008.0,38327.58,207709.0,44479.65,10969.0,8443.7,6846.0,186872.35,214274.0,291981.71,117547.0,116299.73,96407.0,1393410.0,197156.0,15144.09,47796.0,39169.4,73336.0,12952.06,12546.0,1360227.0,157637.0,27477.52,45147.0,599391.83,658977.0,523984.62,180098.0,973.92,3608.0,7085.07,35922.0,1052.42,2157.0,9.05,35.0,6.5,42.0
724,Spain,2021,313011.06,83497.0,10870.98,47581.0,251556.0,313909.0,,,106441.48,630706.0,29185.0,91663.0,94301.46,198617.0,63442441.19,7224.62,10921.0,40399.85,59794.0,2639.0,730.0,123743.22,213213.0,66051.72,337251.0,143552.57,700985.0,169196.17,348380.0,3386.76,17806.0,900175.28,2498700.0,1314515.13,3935920.0,49646.9,312352.0,39308.81,13065.0,13619.94,10005.0,227945.67,287631.0,341812.86,133624.0,113623.83,105836.0,1230921.0,149813.0,20593.63,60293.0,37470.0,76358.0,11518.29,12679.0,1390949.0,143184.0,31421.65,53311.0,634110.1,715772.0,298783.09,133745.0,1489.63,6082.0,7798.95,34062.0,2185.84,4579.0,84.48,295.0,0.02,3.0
724,Spain,2022,120835.83,48908.0,11832.57,57302.0,305761.0,254039.0,,,109681.84,712284.0,27328.0,88603.0,88813.21,201955.0,64472342.73,12150.6,17129.0,42982.6,93568.0,4222.0,582.0,92487.14,227368.0,63702.13,414008.0,160529.93,870777.0,146070.31,364988.0,3575.92,21018.0,965474.27,2750088.0,1118946.63,3394854.0,45491.72,298926.0,21352.02,10557.0,16802.2,13047.0,204041.8,250988.0,369646.87,147329.0,100006.84,111039.0,1500283.0,194754.0,8907.44,34228.0,30890.26,71961.0,13715.05,14519.0,2128246.0,165445.0,33631.23,57864.0,595915.7,689583.0,336939.37,184800.0,1324.92,4711.0,4400.36,23940.0,1918.97,4085.0,19.15,22.0,0.03,0.0
724,Spain,2023,78429.49,28901.0,5314.32,32433.0,295891.0,308108.0,,,108481.18,820323.0,23784.0,85588.0,84071.66,223495.0,69066467.18,9109.92,14070.0,39218.59,102826.0,4879.0,773.0,80362.21,223488.0,80534.23,421978.0,168855.5,931996.0,149366.64,389830.0,2905.93,16809.0,825768.8,3128944.0,1093307.73,3678599.0,41608.46,268827.0,15555.41,6621.0,24841.59,19599.0,195145.36,303863.0,393580.44,225261.0,83343.89,101799.0,1495683.0,218930.0,8090.07,26046.0,35772.76,105200.0,9993.71,10136.0,1252734.0,226191.0,28518.18,38027.0,508046.35,733187.0,103172.45,50104.0,1113.24,5309.0,5201.96,29624.0,1881.3,3489.0,32.89,62.0,0.0,0.0
752,Sweden,2000,660260.0,79159.0,16381.0,36845.0,6793.0,1244.0,42.0,89.0,15485.0,50151.0,1127.0,2596.0,6425.0,9432.0,1801039.49,2208.0,4800.0,144.0,214.0,3.0,0.0,3189.0,4744.0,513.0,2791.0,17.0,84.0,4999.0,4921.0,,,10053.0,19915.0,4593.0,8180.0,110.0,582.0,445641.0,42754.0,36.0,30.0,535.0,313.0,4923.0,1135.0,9946.0,2766.0,0.0,0.0,17294.0,30137.0,,,118.0,32.0,5897.0,1308.0,613.0,880.0,25972.0,21919.0,332968.0,44056.0,2.0,3.0,128.0,193.0,0.0,8.0,5.0,6.0,,
752,Sweden,2001,322425.0,41573.0,18755.0,47604.0,1522.0,272.0,47.0,150.0,16132.0,48788.0,893.0,1674.0,13126.0,16935.0,1957927.72,547.0,1352.0,157.0,149.0,5.0,1.0,2306.0,3190.0,1224.0,4760.0,231.0,1015.0,7263.0,7444.0,,,11589.0,27653.0,2908.0,5555.0,109.0,663.0,350959.0,35285.0,17.0,7.0,286.0,311.0,9742.0,2295.0,21565.0,3784.0,140.0,9.0,14152.0,31059.0,,,1241.0,212.0,6122.0,1367.0,324.0,1726.0,29654.0,23910.0,840958.0,109225.0,6.0,14.0,36.0,83.0,14.0,27.0,0.0,0.0,,
752,Sweden,2002,100238.0,13303.0,17112.0,37138.0,529.0,830.0,60.0,215.0,12720.0,45793.0,1089.0,2321.0,11732.0,14956.0,2233971.19,693.0,1758.0,383.0,630.0,0.0,0.0,3100.0,5028.0,1227.0,5230.0,226.0,1085.0,8368.0,6960.0,,,10564.0,29169.0,5951.0,12882.0,120.0,658.0,390129.0,49877.0,5.0,6.0,578.0,298.0,6689.0,1755.0,10701.0,3259.0,0.0,0.0,8571.0,12466.0,,,906.0,184.0,6169.0,1044.0,22.0,137.0,32449.0,27463.0,371002.0,47818.0,2.0,6.0,65.0,121.0,83.0,90.0,0.0,0.0,,
752,Sweden,2003,349243.0,51318.0,18033.0,47032.0,989.0,1952.0,68.0,268.0,12468.0,51191.0,2270.0,5005.0,9994.0,14767.0,2804750.59,984.0,2942.0,279.0,626.0,27.0,5.0,2888.0,7599.0,1502.0,8099.0,230.0,1379.0,9777.0,9305.0,,,15786.0,40382.0,6580.0,10117.0,206.0,995.0,291788.0,36628.0,14.0,9.0,1321.0,1294.0,8176.0,2827.0,15793.0,5660.0,0.0,0.0,9866.0,18059.0,,,144.0,65.0,7896.0,1188.0,6.0,11.0,33018.0,31675.0,735398.0,107883.0,11.0,20.0,142.0,292.0,28.0,54.0,0.0,0.0,,
752,Sweden,2004,166989.0,28328.0,23327.0,64014.0,698.0,1333.0,90.0,508.0,16271.0,68972.0,4851.0,7987.0,5808.0,9789.0,3347889.87,1205.0,4829.0,275.0,544.0,0.0,0.0,3603.0,7443.0,2301.0,11753.0,504.0,2387.0,8155.0,9622.0,,,19636.0,55436.0,7799.0,14419.0,155.0,1202.0,399011.0,53909.0,88.0,141.0,1187.0,1092.0,10500.0,3825.0,15963.0,6404.0,0.0,0.0,22577.0,53559.0,,,105.0,50.0,19894.0,3133.0,18.0,41.0,31284.0,33525.0,456570.0,77506.0,16.0,27.0,6235.0,16625.0,0.0,1.0,0.0,0.0,,
752,Sweden,2005,316063.0,45170.0,15455.0,40748.0,1846.0,4410.0,144.0,762.0,10385.0,48697.0,3037.0,5115.0,3641.0,5802.0,3680612.07,1341.0,5283.0,653.0,983.0,0.0,0.0,2577.0,4934.0,2555.0,12032.0,286.0,1730.0,11168.0,18864.0,,,15025.0,45742.0,11112.0,21020.0,278.0,1549.0,293788.0,34272.0,132.0,121.0,830.0,1141.0,5930.0,2364.0,17666.0,6796.0,0.0,0.0,8092.0,20882.0,,,6.0,2.0,10182.0,1974.0,35.0,38.0,32948.0,34497.0,344626.0,55059.0,41.0,108.0,23803.0,57930.0,10.0,14.0,0.0,0.0,,
752,Sweden,2006,265582.0,43230.0,27139.0,81416.0,412.0,806.0,144.0,754.0,18451.0,80361.0,5341.0,5430.0,4111.0,5908.0,3914350.91,2297.0,7432.0,241.0,574.0,0.0,0.0,1529.0,4146.0,1327.0,6399.0,160.0,1557.0,14269.0,25017.0,,,14376.0,45264.0,7951.0,17307.0,179.0,1323.0,114647.0,20754.0,262.0,214.0,2002.0,4447.0,21928.0,7461.0,5156.0,2272.0,10.0,2.0,6029.0,16640.0,,,29.0,9.0,11022.0,2456.0,37.0,72.0,29617.0,32159.0,541587.0,87287.0,27.0,32.0,32289.0,80303.0,0.0,0.0,2.0,11.0,,
752,Sweden,2007,214204.0,59323.0,21288.0,74308.0,1348.0,2870.0,288.0,769.0,19148.0,94344.0,1871.0,7593.0,11703.0,19271.0,4687173.29,2048.0,8095.0,335.0,1180.0,0.0,0.0,1192.0,5746.0,1019.0,10120.0,353.0,3098.0,14470.0,33952.0,,,14850.0,44773.0,7010.0,17346.0,249.0,1947.0,120712.0,30918.0,185.0,720.0,3308.0,3447.0,30954.0,10309.0,5757.0,2932.0,0.0,0.0,9414.0,39825.0,,,563.0,227.0,11552.0,2346.0,22.0,41.0,29146.0,36531.0,506151.0,135798.0,11.0,13.0,32538.0,113256.0,0.0,1.0,0.0,0.0,,
752,Sweden,2008,271341.0,98111.0,19248.0,82299.0,1946.0,5848.0,52.0,439.0,18855.0,120904.0,2608.0,6493.0,5332.0,12938.0,5617467.92,1471.0,6696.0,200.0,567.0,0.0,0.0,1671.0,7755.0,1710.0,22855.0,1290.0,7131.0,9930.0,27543.0,,,22439.0,79301.0,8625.0,22102.0,167.0,1243.0,156320.0,57642.0,251.0,962.0,4448.0,7909.0,5367.0,3953.0,10715.0,6386.0,0.0,0.0,10696.0,38840.0,,,2085.0,633.0,13295.0,4930.0,48.0,158.0,28253.0,38893.0,561848.0,192852.0,236.0,910.0,37688.0,155983.0,0.0,1.0,0.0,0.0,,
752,Sweden,2009,208410.0,52482.0,20253.0,62131.0,723.0,1352.0,67.0,384.0,15599.0,81807.0,3081.0,6050.0,912.0,1424.0,4549970.48,1527.0,5134.0,466.0,1159.0,0.0,0.0,1269.0,6358.0,880.0,5837.0,353.0,2956.0,8765.0,12814.0,,,17541.0,48622.0,4849.0,9999.0,134.0,1068.0,202153.0,39266.0,45.0,116.0,6584.0,8133.0,3666.0,3042.0,27871.0,12656.0,2.0,0.0,19789.0,47423.0,,,25467.0,10513.0,13720.0,3651.0,29.0,89.0,29516.0,38931.0,466882.0,87720.0,11.0,38.0,34799.0,81801.0,2.0,15.0,0.0,0.0,,
752,Sweden,2010,445501.0,103321.0,18150.0,69392.0,319.0,810.0,65.0,384.0,12651.0,67884.0,2384.0,6717.0,4395.0,9431.0,4920629.0,1565.0,6012.0,608.0,1572.0,0.0,0.0,3101.0,10496.0,871.0,6666.0,133.0,1291.0,10759.0,17504.0,,,20876.0,54424.0,4791.0,9564.0,164.0,1316.0,102398.0,22539.0,112.0,240.0,4330.0,5951.0,4120.0,3949.0,34053.0,19903.0,0.0,0.0,17379.0,53225.0,,,58485.0,23481.0,19342.0,4232.0,39.0,72.0,32144.0,43486.0,386270.0,91293.0,52.0,221.0,32101.0,115120.0,4.0,15.0,0.0,1.0,,
752,Sweden,2011,287610.0,84622.0,1786.0,9771.0,440.0,1280.0,117.0,979.0,13826.0,76576.0,1914.0,6081.0,2829.0,7513.0,5599489.03,1661.0,6357.0,463.0,1309.0,0.0,0.0,6717.0,21084.0,1108.0,12583.0,105.0,700.0,9956.0,18164.0,,,16711.0,44993.0,2694.0,6009.0,121.0,1804.0,143805.0,47838.0,395.0,704.0,2694.0,5181.0,6895.0,4170.0,34961.0,21377.0,0.0,0.0,20973.0,71447.0,,,60996.0,28149.0,16422.0,4078.0,20.0,155.0,30995.0,47411.0,406748.0,132416.0,41.0,171.0,26387.0,106580.0,3.0,52.0,0.0,0.0,,
752,Sweden,2012,494457.0,141389.0,2322.0,10558.0,1740.0,6925.0,0.0,0.0,17178.0,79608.0,2765.0,9464.0,1215.0,2936.0,5808181.58,1816.0,6331.0,236.0,1254.0,0.0,0.0,5365.0,18461.0,940.0,9251.0,155.0,1070.0,10382.0,17500.0,,,11164.0,42801.0,5268.0,14863.0,117.0,1477.0,212936.0,63530.0,724.0,1360.0,1511.0,3346.0,11804.0,5595.0,42132.0,20666.0,0.0,0.0,25151.0,74516.0,,,30594.0,11929.0,7562.0,2289.0,18.0,104.0,38589.0,56650.0,343039.0,113987.0,121.0,596.0,36486.0,125438.0,4.0,91.0,0.0,3.0,,
752,Sweden,2013,363304.0,111074.0,3648.0,16978.0,7.0,13.0,0.0,0.0,18915.0,92989.0,4841.0,15442.0,5461.0,13621.0,6244653.36,1917.0,6866.0,942.0,1715.0,0.0,0.0,6033.0,19394.0,1399.0,7820.0,470.0,1470.0,10144.0,19359.0,,,10763.0,44774.0,6142.0,18724.0,121.0,1466.0,189333.0,57000.0,3741.0,3410.0,1571.0,4774.0,9218.0,6368.0,37252.0,23766.0,12.0,26.0,27321.0,108264.0,,,30252.0,12905.0,3707.0,1131.0,21.0,161.0,38733.0,56987.0,238729.0,79397.0,202.0,1183.0,41569.0,188967.0,0.0,4.0,0.0,2.0,,
752,Sweden,2014,509213.84,132875.0,1834.67,8950.0,40.0,38.0,18.55,189.0,15586.37,78533.0,4350.0,11655.0,3306.27,8584.0,6294147.48,2424.36,7536.0,353.54,672.0,,,4993.21,16818.0,2412.96,12208.0,172.74,1216.0,13325.56,27041.0,,,11941.33,45870.0,7767.91,18330.0,246.53,2723.0,284800.99,71511.0,840.6,2856.0,2442.7,5266.0,11548.52,5915.0,28461.52,18681.0,43.0,20.0,32932.38,135044.0,,,12172.04,5016.0,35070.0,6710.0,26.05,163.0,33728.11,49972.0,846917.9,203704.0,176.97,977.0,47290.4,206857.0,32.53,107.0,1.07,16.0,,
752,Sweden,2015,468028.75,99857.0,1308.03,5137.0,906.0,481.0,16.23,132.0,15770.09,62038.0,3871.0,11711.0,3666.25,6255.0,5253962.66,2123.73,4840.0,413.74,548.0,,,5301.66,11919.0,992.35,7816.0,403.6,1263.0,13962.5,23731.0,,,11467.1,38625.0,6369.24,12991.0,360.14,3998.0,184780.8,38496.0,821.58,1737.0,2743.61,5973.0,7388.18,3840.0,15208.97,8325.0,,,35559.42,85660.0,,,19673.37,5462.0,2280.0,405.0,13.92,118.0,29369.34,34051.0,1195549.06,240172.0,169.24,791.0,46133.56,121688.0,3.73,28.0,0.31,6.0,,
752,Sweden,2016,476948.59,97053.0,1021.63,4285.0,9.0,34.0,14.25,116.0,15847.02,58972.0,5883.0,14449.0,3712.72,7144.0,5200446.23,2027.25,4367.0,1585.45,2581.0,1.0,0.0,5757.11,12327.0,784.04,5032.0,573.0,1419.0,15925.25,25474.0,0.01,0.0,10084.64,35426.0,5738.86,11700.0,213.8,2181.0,226191.49,47251.0,765.6,1649.0,3776.95,6088.0,10797.5,4598.0,12499.16,9551.0,,,42862.07,92985.0,,,7835.81,3250.0,9.0,12.0,37.56,146.0,36647.74,41184.0,996439.69,180148.0,212.49,891.0,31438.62,74295.0,25.77,59.0,0.24,16.0,,
752,Sweden,2017,427311.65,91268.0,1814.1,9916.0,23.0,116.0,34.49,285.0,17485.26,70952.0,5021.0,14212.0,1628.57,4291.0,5615639.74,2743.41,5705.0,182.21,416.0,3.0,0.0,5159.97,13063.0,767.1,6325.0,519.87,1548.0,16487.4,28224.0,,,12225.45,42515.0,5567.1,11479.0,186.05,2008.0,269865.21,55096.0,729.36,1316.0,4897.11,19396.0,6339.17,3410.0,9563.42,10348.0,2.0,0.0,50753.11,115167.0,,,5520.2,2036.0,106.0,182.0,16.32,186.0,13171.04,17183.0,705522.11,138556.0,188.18,681.0,22000.03,73384.0,0.12,9.0,1.95,26.0,0.0,0.0
752,Sweden,2018,330483.21,73955.0,3621.11,20434.0,711.0,96.0,32.19,257.0,16734.84,66108.0,10299.0,15026.0,65.35,175.0,5660418.43,2018.35,4981.0,58.23,219.0,2.0,0.0,6007.18,15009.0,868.39,6839.0,155.01,948.0,20041.34,34133.0,1.0,23.0,12636.5,46142.0,6100.2,10967.0,142.26,1596.0,164779.49,35116.0,601.86,1332.0,5379.28,28309.0,6737.37,3768.0,3610.94,4732.0,37.0,6.0,45121.89,89480.0,,,2983.68,930.0,,,43.75,246.0,5787.29,9563.0,418326.6,88886.0,69.74,301.0,24853.57,78570.0,0.06,5.0,0.13,4.0,0.0,0.0
752,Sweden,2019,219501.66,46052.0,2480.24,10428.0,975.0,568.0,103.82,438.0,18551.73,68073.0,6401.0,13556.0,143.01,286.0,5701816.12,1661.41,3405.0,146.41,381.0,6.0,0.0,4606.94,15737.0,810.59,6614.0,109.68,955.0,24977.75,33969.0,,,10436.82,35228.0,7885.65,15746.0,118.96,1227.0,135096.81,28984.0,760.08,1518.0,6585.95,30057.0,7921.41,5977.0,5833.08,5328.0,12.0,1.0,46423.59,102994.0,,,854.43,400.0,102.0,45.0,38.07,279.0,6669.07,10498.0,627125.83,122685.0,45.86,276.0,20059.21,62583.0,0.18,10.0,0.11,13.0,0.02,0.0
752,Sweden,2020,421677.31,86106.0,2789.75,10854.0,1493.0,854.0,95.43,478.0,16950.0,66672.0,5982.0,14369.0,225.07,774.0,6266229.29,6143.91,7594.0,282.39,661.0,9.0,1.0,13393.32,25001.0,812.77,6469.0,140.6,1353.0,31098.52,43457.0,,,7025.78,29496.0,5779.81,14158.0,107.72,1405.0,186971.69,44203.0,955.31,1727.0,5120.68,27624.0,10331.03,5991.0,5966.04,6694.0,30.0,1.0,46401.46,118333.0,,,35.99,76.0,259.0,31.0,65.85,238.0,7369.9,11074.0,1057893.59,240380.0,63.88,591.0,22924.69,76533.0,0.14,6.0,0.08,7.0,0.98,14.0
752,Sweden,2021,374113.25,91462.0,3094.77,14605.0,824.0,120.0,30.05,297.0,22115.61,85749.0,3991.0,14426.0,1293.88,2852.0,7132250.53,5352.24,12927.0,652.53,1480.0,7.0,0.0,4664.93,15971.0,1259.74,12133.0,242.13,1553.0,32132.57,44262.0,0.04,2.0,12181.94,34695.0,6286.56,18594.0,106.96,1414.0,199375.89,54120.0,1218.07,2095.0,5486.08,31017.0,9058.84,6781.0,9809.34,9528.0,246.0,263.0,54302.08,160850.0,,,3270.58,411.0,106.0,114.0,40.88,521.0,8182.8,12837.0,604519.24,166655.0,110.57,1297.0,23085.21,84430.0,29.24,167.0,0.15,8.0,11.07,6.0
752,Sweden,2022,223798.52,76232.0,2434.22,15216.0,1548.0,243.0,54.88,495.0,26187.22,104652.0,4312.0,14018.0,6069.15,11932.0,7373766.83,4170.18,13188.0,838.5,1798.0,3.0,0.0,19612.57,41634.0,1235.04,12582.0,40.25,391.0,35136.68,59118.0,0.07,0.0,12688.85,37420.0,6291.09,15376.0,191.48,1933.0,224902.25,74569.0,2257.52,4546.0,5899.25,28828.0,8594.66,6630.0,18162.65,14228.0,58.0,2.0,53132.95,201404.0,,,7541.99,1596.0,72.0,96.0,33.13,329.0,14360.87,19735.0,570717.1,201821.0,104.94,616.0,25626.35,107155.0,5.32,79.0,0.08,3.0,0.13,15.0
752,Sweden,2023,317287.16,104017.0,7407.54,35509.0,2.0,0.0,93.72,917.0,30548.88,123471.0,6399.0,16163.0,3273.89,4433.0,7469049.62,3936.02,14806.0,889.01,2457.0,6.0,0.0,13605.7,39461.0,1408.54,13301.0,92.83,673.0,36276.62,55973.0,0.07,1.0,12740.27,41986.0,8327.26,20792.0,222.19,2481.0,233344.76,79692.0,1685.66,2792.0,5757.73,29680.0,26891.28,15510.0,37793.44,24835.0,2.0,0.0,58744.87,170494.0,,,3961.47,762.0,33.0,52.0,38.54,391.0,15061.1,23423.0,325042.04,95031.0,81.41,536.0,26106.18,87839.0,0.73,18.0,,,0.03,1.0
764,Thailand,2000,22.0,18.0,0.0,0.0,1431.0,269.0,,,29.0,35.0,5095.0,3595.0,41.0,34.0,7406475.0,257.0,217.0,2369.0,3706.0,0.0,0.0,5975.0,4485.0,1.0,1.0,0.0,2.0,240905.0,392346.0,,,4876.0,9870.0,342.0,566.0,0.0,0.0,0.0,0.0,0.0,0.0,27198.0,20992.0,514.0,254.0,1907.0,1598.0,0.0,0.0,26.0,93.0,,,964.0,776.0,4019.0,391.0,1134.0,4947.0,29425.0,42684.0,1.0,1.0,0.0,0.0,2526.0,3974.0,0.0,0.0,984.0,976.0,,
764,Thailand,2001,0.0,1.0,0.0,0.0,3742.0,497.0,,,20.0,32.0,4268.0,4641.0,20.0,25.0,7575468.9,137.0,92.0,2549.0,3615.0,65.0,3.0,2727.0,2184.0,16.0,28.0,0.0,0.0,309543.0,538708.0,,,10028.0,18541.0,248.0,423.0,0.0,0.0,0.0,0.0,1.0,1.0,33950.0,30114.0,536.0,122.0,7701.0,6387.0,0.0,0.0,18.0,48.0,,,602.0,462.0,15597.0,311.0,604.0,2704.0,26157.0,40147.0,10.0,6.0,0.0,0.0,2773.0,4544.0,12.0,60.0,1078.0,929.0,,
764,Thailand,2002,0.0,0.0,0.0,0.0,4738.0,648.0,,,43.0,61.0,4432.0,5428.0,98.0,85.0,8330124.18,999.0,406.0,3226.0,4291.0,0.0,0.0,2381.0,1798.0,0.0,0.0,0.0,0.0,330381.0,534657.0,,,11584.0,20318.0,0.0,0.0,1.0,12.0,12.0,2.0,0.0,1.0,36978.0,36575.0,1043.0,246.0,19538.0,15193.0,516.0,15.0,230.0,444.0,,,433.0,356.0,20193.0,375.0,965.0,3086.0,28839.0,39605.0,11.0,9.0,0.0,0.0,2636.0,4496.0,0.0,0.0,1303.0,1465.0,,
764,Thailand,2003,1.0,0.0,0.0,0.0,5650.0,948.0,,,74.0,112.0,4424.0,6210.0,40.0,38.0,10448838.0,881.0,360.0,3685.0,4943.0,25.0,1.0,12487.0,8277.0,0.0,1.0,0.0,0.0,343496.0,597634.0,,,9684.0,14503.0,0.0,0.0,0.0,0.0,1.0,0.0,1.0,0.0,33713.0,40567.0,339.0,187.0,19580.0,16260.0,0.0,0.0,643.0,1087.0,,,2351.0,1972.0,33655.0,949.0,488.0,1053.0,33154.0,44469.0,0.0,0.0,0.0,0.0,5643.0,8134.0,0.0,0.0,1150.0,1419.0,,
764,Thailand,2004,2.0,2.0,91.0,142.0,3098.0,491.0,,,77.0,131.0,69.0,123.0,49.0,44.0,12215938.0,2255.0,1474.0,2071.0,3207.0,490.0,10.0,3482.0,2722.0,62.0,40.0,0.0,0.0,26548.0,43507.0,,,5100.0,8982.0,1.0,2.0,1.0,5.0,0.0,0.0,0.0,0.0,38730.0,56978.0,790.0,271.0,18936.0,16798.0,105.0,3.0,423.0,832.0,,,5802.0,4663.0,60691.0,2698.0,1469.0,3518.0,40013.0,54062.0,15.0,7.0,22251.0,19674.0,8296.0,10380.0,0.0,0.0,1187.0,1895.0,,
764,Thailand,2005,3.0,2.0,0.0,0.0,114.0,54.0,,,86.0,312.0,72.0,110.0,55.0,48.0,12495680.0,3568.0,1800.0,2950.0,4750.0,194.0,52.0,6657.0,4502.0,1.0,2.0,0.0,2.0,4547.0,13507.0,,,5848.0,11036.0,0.0,0.0,0.0,0.0,0.0,0.0,0.0,0.0,32582.0,52918.0,101.0,49.0,19323.0,17868.0,236.0,33.0,1128.0,3062.0,,,3025.0,2570.0,76414.0,3270.0,400.0,1741.0,36129.0,50676.0,29.0,8.0,0.0,0.0,9390.0,13754.0,0.0,0.0,873.0,1736.0,,
764,Thailand,2006,0.0,0.0,0.0,0.0,987.0,140.0,,,362.0,738.0,46.0,35.0,156.0,216.0,15417056.0,3096.0,1900.0,3048.0,5239.0,0.0,0.0,11025.0,7244.0,47.0,303.0,0.0,1.0,8036.0,15737.0,,,3299.0,6346.0,0.0,0.0,1.0,9.0,1.0,4.0,1.0,8.0,30440.0,54665.0,3.0,6.0,16916.0,16384.0,0.0,0.0,1148.0,3201.0,,,1402.0,1539.0,56941.0,2611.0,416.0,1147.0,34550.0,48675.0,31.0,6.0,4961.0,5022.0,9861.0,16385.0,0.0,0.0,642.0,1309.0,,
764,Thailand,2007,0.0,0.0,163.0,312.0,8366.0,1141.0,,,142.0,480.0,411.0,387.0,150.0,207.0,18297635.0,2198.0,1669.0,2845.0,5325.0,815.0,14.0,16205.0,23068.0,29.0,234.0,11.0,16.0,19883.0,30796.0,,,3822.0,6571.0,73.0,49.0,0.0,0.0,0.0,1.0,0.0,3.0,33279.0,71861.0,395.0,166.0,20047.0,23107.0,206.0,5.0,1548.0,2354.0,,,3636.0,5248.0,97551.0,3415.0,825.0,2058.0,36239.0,47052.0,3957.0,1923.0,10672.0,13079.0,12549.0,20255.0,82.0,108.0,483.0,964.0,,
764,Thailand,2008,0.0,0.0,191.0,421.0,134651.0,25362.0,,,123.0,829.0,261.0,237.0,131.0,175.0,24194400.0,2221.0,2074.0,3219.0,6560.0,2040.0,35.0,25343.0,28557.0,4.0,20.0,0.0,0.0,23323.0,40369.0,,,4107.0,10155.0,0.0,0.0,0.0,0.0,0.0,0.0,10.0,15.0,32524.0,68139.0,310.0,162.0,23941.0,32207.0,135.0,1.0,734.0,2832.0,,,3821.0,6616.0,428170.0,39560.0,1054.0,2440.0,54129.0,58805.0,2.0,3.0,24128.0,27691.0,5431.0,19381.0,0.0,0.0,376.0,862.0,,
764,Thailand,2009,2.0,1.0,176.0,461.0,260483.0,51439.0,,,94.0,684.0,373.0,322.0,175.0,226.0,20931334.0,3020.0,3034.0,2814.0,8720.0,1.0,0.0,22462.0,25893.0,584.0,1314.0,52.0,41.0,25227.0,46597.0,,,2648.0,4138.0,0.0,0.0,0.0,0.0,1.0,2.0,81.0,111.0,33515.0,64736.0,840.0,502.0,18978.0,25349.0,525.0,6.0,1145.0,4111.0,,,4005.0,6509.0,776370.0,52302.0,500.0,2975.0,52777.0,64298.0,10.0,15.0,22319.0,23123.0,5326.0,16519.0,0.0,0.0,237.0,588.0,,
764,Thailand,2010,484.0,140.0,224.0,626.0,227623.0,49539.0,,,76.0,542.0,614.0,910.0,117.0,117.0,26633956.0,2251.0,2423.0,3467.0,8735.0,0.0,0.0,8809.0,12079.0,1428.0,3300.0,0.0,0.0,33275.0,59126.0,,,1478.0,2413.0,22.0,47.0,0.0,0.0,1.0,3.0,48.0,76.0,35864.0,71257.0,1828.0,953.0,14663.0,21798.0,59.0,2.0,2539.0,8413.0,,,1172.0,4465.0,489128.0,36730.0,925.0,4403.0,55911.0,71230.0,3619.0,983.0,16998.0,22337.0,4466.0,16253.0,0.0,0.0,0.0,0.0,,
764,Thailand,2011,1.0,0.0,287.0,871.0,127455.0,34669.0,,,154.0,902.0,899.0,1851.0,1608.0,1622.0,37671007.0,2091.0,2437.0,3469.0,8686.0,1.0,0.0,4668.0,8166.0,10319.0,28093.0,1096.0,3357.0,51245.0,107485.0,,,2280.0,4085.0,296.0,556.0,0.0,2.0,3.0,6.0,86.0,202.0,35643.0,70597.0,282.0,243.0,12405.0,20607.0,64.0,2.0,2651.0,6236.0,,,1495.0,6657.0,539634.0,62802.0,712.0,3856.0,57893.0,78237.0,11.0,22.0,15968.0,24424.0,6236.0,31727.0,118.0,1623.0,274.0,1372.0,,
764,Thailand,2012,12.0,22.0,287.0,885.0,169389.0,42123.0,,,125.0,741.0,1471.0,2989.0,456.0,1010.0,32627527.0,5408.0,6084.0,3356.0,8819.0,5.0,0.0,11562.0,18068.0,19271.0,54249.0,553.0,1581.0,93188.0,192708.0,,,1491.0,3071.0,579.0,1154.0,5.0,19.0,0.0,0.0,147.0,302.0,30319.0,59412.0,85.0,96.0,11935.0,19368.0,343.0,34.0,914.0,3522.0,,,2170.0,3509.0,573129.0,67634.0,631.0,1897.0,60023.0,93834.0,5.0,16.0,12829.0,19567.0,4108.0,28720.0,154.0,2436.0,50.0,60.0,,
764,Thailand,2013,28.0,55.0,299.0,929.0,333947.0,70630.0,,,150.0,1026.0,1256.0,1525.0,1059.0,1313.0,32003115.0,7363.0,8563.0,3960.0,10583.0,20.0,2.0,16733.0,23758.0,8174.0,20543.0,57.0,248.0,91487.0,211154.0,,,3082.0,6107.0,758.0,1333.0,22.0,38.0,3.0,17.0,175.0,353.0,34935.0,63540.0,65.0,70.0,15611.0,25953.0,556.0,98.0,701.0,3787.0,,,1570.0,2460.0,261249.0,32361.0,1286.0,2498.0,47559.0,89098.0,1107.0,351.0,18713.0,27990.0,4008.0,27585.0,0.0,3.0,194.0,678.0,,
764,Thailand,2014,50.71,95.0,728.37,1754.0,292048.0,63563.0,,,222.85,1362.0,3873.0,4635.0,2123.49,2354.0,31735656.8,7477.24,6910.0,4058.13,11138.0,12552.0,392.0,13314.35,20050.0,10839.47,35501.0,229.85,1183.0,146956.52,395542.0,,,2372.23,4381.0,287.46,490.0,30.41,98.0,0.35,7.0,201.64,410.0,43599.35,69425.0,165.28,105.0,18381.01,28283.0,750.0,96.0,790.27,3638.0,,,1192.85,1751.0,443779.0,59369.0,1185.11,2436.0,40489.19,85382.0,9.93,20.0,20445.51,28697.0,3058.81,17619.0,0.07,0.0,424.52,1583.0,,
764,Thailand,2015,16.11,47.0,575.2,1369.0,215057.0,53543.0,,,286.53,2086.0,4941.0,5054.0,2719.16,3068.0,29371465.34,6874.66,7729.0,4562.97,12004.0,18012.0,528.0,18000.46,26984.0,9712.97,30150.0,1414.63,4574.0,175647.96,417193.0,,,2871.35,5280.0,317.29,393.0,0.06,1.0,0.02,0.0,248.05,531.0,44955.39,71946.0,101.94,83.0,19995.12,29008.0,,,1883.82,3849.0,,,844.57,1026.0,873550.0,115190.0,737.35,1802.0,39582.01,80172.0,2202.23,646.0,21505.64,27046.0,2388.74,13317.0,0.0,0.0,419.46,1537.0,,
764,Thailand,2016,19.5,43.0,554.69,1355.0,250849.0,31709.0,,,349.98,2176.0,8544.0,6674.0,5428.68,6024.0,28704736.88,5389.04,5861.0,4596.91,12632.0,15236.0,481.0,10554.43,17541.0,466.13,1354.0,41.9,382.0,212649.98,496217.0,,,2013.09,2975.0,1310.94,1823.0,0.11,1.0,0.01,0.0,309.49,569.0,45462.66,78651.0,349.92,203.0,20621.66,30637.0,431.0,46.0,8074.69,11863.0,,,154.01,277.0,1047185.0,149279.0,532.23,1701.0,41379.63,83775.0,36.54,33.0,16450.32,20553.0,2420.59,8855.0,,,405.97,1771.0,,
764,Thailand,2017,286.48,170.0,1579.57,3263.0,187834.0,64468.0,,,433.94,2679.0,7495.0,9362.0,5392.56,6268.0,33237281.73,16687.62,5783.0,3731.36,11235.0,474.0,19.0,11118.96,16569.0,25.78,34.0,0.86,9.0,224060.6,592285.0,,,276.52,1151.0,2116.45,3185.0,0.04,1.0,0.02,0.0,254.63,492.0,41928.88,72936.0,156.46,130.0,22843.95,35825.0,349.0,36.0,9833.04,16247.0,,,967.35,1503.0,415865.0,56142.0,718.95,2302.0,42934.26,87850.0,4.43,8.0,12544.55,14096.0,1256.28,7116.0,0.0,0.0,395.12,1413.0,0.0,0.0
764,Thailand,2018,26.47,17.0,999.44,2570.0,252116.0,127897.0,,,538.6,3797.0,16324.0,15169.0,5431.14,6695.0,34198720.84,1994.68,2298.0,5117.7,16663.0,2341.0,99.0,20931.9,31534.0,133.45,280.0,0.31,4.0,274353.5,681908.0,,,568.29,2640.0,1819.76,2899.0,1.79,21.0,6.65,33.0,199.21,382.0,46843.95,84951.0,16.16,32.0,23650.18,39680.0,347.0,10.0,12632.02,17658.0,,,2717.95,3539.0,815385.0,98551.0,352.8,2028.0,44199.19,92927.0,35.85,30.0,8713.82,10392.0,1628.4,11335.0,0.0,0.0,375.02,1588.0,0.04,1.0
764,Thailand,2019,3.64,4.0,688.34,1741.0,337122.0,189335.0,,,660.06,4673.0,16237.0,16428.0,9273.86,10815.0,33779508.86,1612.06,2008.0,4969.26,15706.0,16786.0,528.0,16597.02,24677.0,276.57,585.0,1.43,22.0,309399.47,793820.0,,,4603.72,20251.0,2498.15,5472.0,0.68,8.0,6.19,30.0,27.06,74.0,54042.37,97387.0,7.03,13.0,48738.44,72090.0,,,9259.22,14754.0,,,2582.62,3194.0,771710.0,116358.0,578.24,2936.0,47399.45,95716.0,21.88,29.0,7277.02,8837.0,1680.77,9320.0,,,268.91,1312.0,,
764,Thailand,2020,15.15,41.0,478.96,1416.0,319729.0,174203.0,,,577.45,4053.0,11927.0,19472.0,8934.12,11430.0,32507043.19,1554.1,2334.0,3568.13,11602.0,58086.0,2243.0,14007.42,21476.0,411.04,395.0,2.17,31.0,344043.88,902505.0,,,21920.25,92652.0,4415.78,12736.0,0.08,1.0,3.19,10.0,27.29,109.0,49733.16,79311.0,107.96,166.0,76319.77,107274.0,18.0,3.0,5036.86,11916.0,,,3141.15,4153.0,3173497.0,510949.0,746.25,2038.0,51415.72,97279.0,9.27,20.0,6420.68,9563.0,1819.92,9674.0,,,133.94,370.0,,
764,Thailand,2021,2.33,5.0,453.55,1258.0,198134.0,110133.0,,,717.1,4710.0,28061.0,27127.0,8318.35,10041.0,38263746.95,2144.23,3032.0,4223.84,12546.0,31504.0,1977.0,17064.68,25452.0,29.57,114.0,1.52,24.0,383034.47,895375.0,0.0,0.0,11316.09,45883.0,2864.14,7874.0,0.13,1.0,166.87,419.0,128.38,507.0,52747.29,85250.0,1242.75,927.0,81603.49,114281.0,368.0,10.0,5707.92,18036.0,,,3356.95,4627.0,1053622.0,225380.0,2347.36,2813.0,41192.5,82699.0,16.07,36.0,5150.71,7001.0,3346.56,11583.0,,,149.44,517.0,,
764,Thailand,2022,0.21,0.0,891.9,2185.0,149488.0,97072.0,,,906.67,5589.0,21065.0,25817.0,9763.25,11258.0,42116261.97,2109.54,2938.0,4716.88,13966.0,390686.0,17555.0,23395.83,30318.0,5.44,77.0,0.37,7.0,357091.27,1142335.0,,,809.9,4098.0,368.4,1291.0,0.14,3.0,267.9,614.0,305.59,533.0,50473.7,74188.0,1175.76,780.0,80708.19,102915.0,39.0,16.0,4876.22,13228.0,,,3494.94,4304.0,11330.0,2276.0,2062.53,3863.0,38585.77,80527.0,35.55,39.0,6788.41,10512.0,2988.15,8865.0,,,349.98,1549.0,0.0,0.0
764,Thailand,2023,1.21,4.0,764.21,2848.0,93233.0,52769.0,,,983.42,6265.0,19174.0,23584.0,8452.13,9551.0,42886282.27,1816.64,2635.0,7368.36,25618.0,370334.0,11313.0,26818.88,57210.0,26.96,28.0,,,484984.92,1338798.0,,,1440.01,6043.0,525.49,1428.0,,,6.34,19.0,264.34,469.0,51724.89,69800.0,1071.07,757.0,78167.37,102020.0,4.0,0.0,5555.66,19241.0,,,3765.7,4661.0,178411.0,22668.0,2143.26,5945.0,39722.22,83071.0,16.34,33.0,9020.49,13237.0,1601.9,6788.0,14.42,2.0,239.86,794.0,0.17,1.0
826,United Kingdom of Great Britain and Northern Ireland,2000,1587921.0,182330.0,45321.0,125639.0,14.0,15.0,33.0,154.0,41034.0,147766.0,30987.0,75703.0,85117.0,123028.0,16624738.03,2372.0,6095.0,3202.0,2830.0,448.0,187.0,9661.0,17190.0,4486.0,26250.0,339.0,1651.0,109337.0,132759.0,3.0,0.0,75685.0,131783.0,109878.0,79689.0,88819.0,273951.0,96140.0,12368.0,30643.0,29991.0,9065.0,3755.0,186505.0,57357.0,158212.0,52458.0,224353.0,13826.0,52671.0,96768.0,,,1880.0,1368.0,142368.0,18613.0,99.0,1407.0,66266.0,52365.0,3526823.0,417621.0,123.0,260.0,101917.0,186100.0,28606.0,60508.0,11742.0,19284.0,,
826,United Kingdom of Great Britain and Northern Ireland,2001,670693.0,84073.0,40830.0,114654.0,23.0,13.0,15.0,73.0,50387.0,164297.0,29449.0,70762.0,84169.0,119908.0,13340417.73,2222.0,5434.0,2212.0,2086.0,203.0,59.0,7581.0,17760.0,4023.0,22424.0,1078.0,3264.0,129332.0,150009.0,0.0,0.0,16404.0,32952.0,19525.0,21480.0,30280.0,111541.0,108045.0,12965.0,34891.0,29544.0,8306.0,5598.0,161143.0,60123.0,63298.0,28135.0,63645.0,3973.0,29914.0,44578.0,,,1476.0,1112.0,31314.0,3223.0,198.0,2234.0,55397.0,44731.0,1626114.0,190918.0,109.0,319.0,86648.0,168568.0,24704.0,47562.0,7260.0,12802.0,,
826,United Kingdom of Great Britain and Northern Ireland,2002,950889.0,106786.0,38766.0,106554.0,0.0,0.0,67.0,293.0,61416.0,184429.0,47934.0,83306.0,90723.0,133606.0,14634692.21,2329.0,3563.0,8678.0,6165.0,2.0,1.0,8218.0,29632.0,4780.0,25170.0,414.0,1278.0,153488.0,144060.0,0.0,0.0,25818.0,50886.0,62876.0,59987.0,55348.0,194493.0,143929.0,15620.0,257.0,125.0,9662.0,6807.0,203050.0,80445.0,64506.0,30698.0,41459.0,2888.0,29093.0,51354.0,,,4135.0,1543.0,32914.0,5341.0,0.0,2.0,53559.0,45929.0,1624012.0,177813.0,248.0,574.0,112162.0,159751.0,30946.0,63276.0,7902.0,13039.0,,
826,United Kingdom of Great Britain and Northern Ireland,2003,1121302.0,145609.0,44364.0,122757.0,0.0,0.0,116.0,664.0,65484.0,227976.0,29412.0,91518.0,113557.0,195142.0,17167212.92,833.0,1496.0,6931.0,6137.0,350.0,138.0,8699.0,27383.0,4802.0,29936.0,673.0,1371.0,184205.0,201788.0,0.0,0.0,20926.0,49180.0,48281.0,57224.0,74867.0,307815.0,156807.0,18611.0,45787.0,40957.0,14380.0,10973.0,264248.0,102653.0,195429.0,77087.0,51100.0,4342.0,48518.0,84802.0,,,3035.0,1305.0,40220.0,6879.0,0.0,0.0,79688.0,51172.0,3657581.0,477356.0,438.0,748.0,108387.0,216337.0,29512.0,72052.0,6333.0,10584.0,,
826,United Kingdom of Great Britain and Northern Ireland,2004,675281.0,109932.0,34792.0,108146.0,0.0,0.0,125.0,778.0,71888.0,292840.0,30459.0,117339.0,81320.0,149850.0,21155151.12,11219.0,45198.0,4680.0,9785.0,350.0,95.0,9090.0,34336.0,5351.0,31471.0,816.0,3081.0,189578.0,264103.0,0.0,0.0,33119.0,85375.0,51203.0,83523.0,76494.0,344349.0,87936.0,12564.0,44866.0,44654.0,6203.0,7522.0,217438.0,104597.0,250359.0,103405.0,12382.0,1280.0,79246.0,163644.0,,,4155.0,2039.0,63950.0,11232.0,0.0,0.0,65534.0,56747.0,2523344.0,377913.0,763.0,2263.0,107179.0,241030.0,30282.0,83866.0,7036.0,15514.0,,
826,United Kingdom of Great Britain and Northern Ireland,2005,830900.0,126228.0,44989.0,132808.0,0.0,0.0,175.0,796.0,76503.0,322633.0,26181.0,110723.0,91736.0,130127.0,21542561.98,162.0,1264.0,3338.0,6090.0,636.0,216.0,8615.0,32421.0,7712.0,40731.0,789.0,3058.0,181462.0,267166.0,65.0,195.0,34423.0,96874.0,56288.0,92018.0,86228.0,391751.0,36933.0,5713.0,43067.0,44977.0,8605.0,8258.0,219062.0,93263.0,490080.0,179368.0,0.0,0.0,30776.0,66191.0,,,9407.0,3880.0,82333.0,17049.0,1.0,8.0,66507.0,58977.0,2494775.0,361819.0,562.0,1282.0,65412.0,140389.0,23732.0,65635.0,4913.0,9887.0,,
826,United Kingdom of Great Britain and Northern Ireland,2006,566253.0,98988.0,35620.0,110184.0,17473.0,5403.0,109.0,652.0,82679.0,334809.0,26405.0,103824.0,94412.0,139654.0,19525733.98,643.0,4290.0,4029.0,6782.0,528.0,212.0,8255.0,30513.0,16367.0,95372.0,29183.0,83038.0,166947.0,217113.0,22.0,93.0,33576.0,89414.0,60631.0,91806.0,85828.0,422487.0,37616.0,7111.0,47580.0,48887.0,10480.0,10470.0,256203.0,139269.0,651521.0,183050.0,12923.0,1255.0,38347.0,79900.0,,,6873.0,5416.0,109673.0,26056.0,1.0,4.0,49834.0,52659.0,2116509.0,352346.0,692.0,1791.0,57781.0,114857.0,26056.0,71242.0,4596.0,11938.0,,
826,United Kingdom of Great Britain and Northern Ireland,2007,471163.0,133960.0,31627.0,132542.0,20623.0,5167.0,88.0,405.0,76550.0,389196.0,31085.0,105386.0,77649.0,154698.0,22829221.27,633.0,3854.0,3676.0,7863.0,0.0,0.0,8482.0,35049.0,25639.0,150413.0,33298.0,98224.0,226959.0,294378.0,48.0,112.0,30299.0,82599.0,67788.0,93744.0,68594.0,363934.0,38163.0,9619.0,51941.0,50672.0,13210.0,14584.0,253976.0,163192.0,429693.0,206676.0,1089.0,182.0,38826.0,123239.0,,,5835.0,4741.0,71685.0,24321.0,456.0,1109.0,47334.0,61093.0,1911502.0,463602.0,984.0,2335.0,66062.0,181753.0,24668.0,69893.0,3699.0,10951.0,,
826,United Kingdom of Great Britain and Northern Ireland,2008,558422.0,161049.0,23829.0,102279.0,10032.0,2734.0,28.0,231.0,68883.0,410683.0,28126.0,110721.0,62056.0,136098.0,24942418.54,511.0,2968.0,6336.0,14794.0,435.0,52.0,7329.0,49949.0,34626.0,239321.0,46309.0,150524.0,217976.0,299241.0,533.0,1371.0,40109.0,103627.0,78278.0,140613.0,86632.0,481469.0,118910.0,32143.0,49685.0,57988.0,16184.0,18791.0,243365.0,144827.0,455656.0,224920.0,44997.0,4372.0,26499.0,48691.0,,,14787.0,8217.0,18785.0,5479.0,462.0,1287.0,59678.0,81383.0,2765721.0,740358.0,1168.0,3707.0,71600.0,271857.0,22891.0,62351.0,3517.0,9497.0,,
826,United Kingdom of Great Britain and Northern Ireland,2009,868833.0,171484.0,26543.0,89374.0,872.0,236.0,87.0,697.0,84240.0,353698.0,24228.0,115645.0,64450.0,121578.0,21949880.78,332.0,1903.0,5613.0,14590.0,55.0,38.0,7016.0,47533.0,40691.0,279236.0,42341.0,120243.0,202140.0,268251.0,71.0,298.0,39956.0,73499.0,64401.0,107155.0,95971.0,492461.0,33211.0,7571.0,50384.0,53795.0,13978.0,15769.0,256180.0,126508.0,458803.0,174910.0,77953.0,7735.0,21374.0,46754.0,,,15429.0,8241.0,7663.0,4607.0,260.0,2033.0,82495.0,86731.0,2533103.0,475356.0,1555.0,5139.0,50296.0,117158.0,19119.0,44187.0,3131.0,6738.0,,
826,United Kingdom of Great Britain and Northern Ireland,2010,1031198.0,198169.0,26798.0,124578.0,135.0,90.0,106.0,631.0,90019.0,430260.0,29507.0,131531.0,72058.0,161565.0,24226339.0,508.0,2629.0,4555.0,9756.0,51.0,47.0,6783.0,51435.0,55384.0,349803.0,54367.0,160366.0,215292.0,306723.0,649.0,2593.0,60470.0,126610.0,70866.0,104004.0,88943.0,494540.0,73156.0,14275.0,58896.0,59925.0,19653.0,17975.0,336699.0,158290.0,471242.0,210847.0,54089.0,6607.0,29218.0,78037.0,,,17926.0,8404.0,8623.0,3893.0,485.0,5202.0,52125.0,62337.0,3334768.0,702867.0,2464.0,9515.0,62147.0,178094.0,18770.0,50966.0,3979.0,10452.0,,
826,United Kingdom of Great Britain and Northern Ireland,2011,799251.0,222391.0,35737.0,205327.0,1333.0,801.0,36.0,401.0,103776.0,546760.0,23922.0,135792.0,72567.0,192687.0,28756322.0,183.0,1736.0,5291.0,10261.0,61.0,57.0,8326.0,57472.0,70534.0,438622.0,72572.0,257185.0,225420.0,358878.0,324.0,2534.0,57990.0,119469.0,86081.0,154420.0,96192.0,598363.0,23313.0,9016.0,71009.0,81472.0,17339.0,17417.0,384622.0,191871.0,562433.0,275486.0,85523.0,11162.0,24070.0,79099.0,,,12575.0,7072.0,11728.0,9472.0,318.0,5845.0,37580.0,52840.0,2287100.0,663553.0,4498.0,17979.0,54824.0,179002.0,21053.0,83697.0,3660.0,11466.0,,
826,United Kingdom of Great Britain and Northern Ireland,2012,589738.0,175803.0,38037.0,160855.0,604.0,504.0,139.0,873.0,106975.0,553890.0,27739.0,135033.0,69484.0,143940.0,28599331.56,320.0,1488.0,5108.0,12737.0,24.0,15.0,10357.0,59036.0,59991.0,397320.0,59212.0,213937.0,223138.0,330046.0,181.0,1792.0,40097.0,85881.0,113995.0,213956.0,94660.0,558380.0,11451.0,6981.0,77430.0,91634.0,16895.0,11500.0,287623.0,185921.0,542470.0,251335.0,64216.0,7754.0,23797.0,67415.0,,,4697.0,4481.0,3761.0,2948.0,201.0,4959.0,37072.0,49102.0,1503413.0,425351.0,1271.0,6805.0,51412.0,159878.0,16266.0,67097.0,3161.0,9347.0,,
826,United Kingdom of Great Britain and Northern Ireland,2013,849432.0,217969.0,44630.0,226163.0,526.0,730.0,0.0,0.0,107069.0,597889.0,18652.0,107908.0,44429.0,122126.0,29259377.0,259.0,1981.0,5833.0,13418.0,0.0,0.0,16735.0,111588.0,55508.0,403243.0,49179.0,175508.0,262887.0,379542.0,307.0,2051.0,47290.0,106157.0,133257.0,234254.0,103157.0,596389.0,16956.0,9976.0,72519.0,88745.0,18642.0,14641.0,288459.0,182614.0,498438.0,263385.0,86286.0,11134.0,54122.0,126770.0,,,6903.0,5993.0,2079.0,2569.0,156.0,2275.0,31891.0,47319.0,447822.0,134830.0,1876.0,10231.0,58397.0,222829.0,18413.0,66894.0,3187.0,10154.0,,
826,United Kingdom of Great Britain and Northern Ireland,2014,1130492.54,270172.0,50760.63,243594.0,5460.0,6762.0,,,115879.92,676208.0,11940.0,94942.0,33430.41,89047.0,29894851.01,2060.4,7973.0,4383.83,11412.0,14.0,4.0,15339.8,137501.0,66042.83,445176.0,44200.84,160057.0,272761.88,376387.0,321.71,2074.0,51073.12,122589.0,136240.36,225837.0,100958.13,620348.0,65825.79,23363.0,72240.93,87260.0,19491.74,11745.0,271229.24,138856.0,601321.55,324267.0,211419.0,28046.0,44293.09,161657.0,,,15295.32,15479.0,1295.0,2472.0,186.14,2427.0,31101.77,47080.0,1142846.09,274244.0,3464.93,15716.0,80406.45,252048.0,17471.43,72693.0,3158.15,10601.0,28.56,23.0
826,United Kingdom of Great Britain and Northern Ireland,2015,1602891.77,312541.0,49778.33,175163.0,6018.0,6368.0,,,140328.62,632214.0,16827.0,114271.0,20409.06,54134.0,26921519.64,1115.9,7766.0,4602.47,11403.0,47.0,28.0,11601.33,126417.0,71183.14,418809.0,27730.21,95235.0,240618.77,276508.0,176.9,1035.0,43398.81,90007.0,141799.66,208380.0,78739.36,457677.0,79731.7,23723.0,73506.58,83605.0,20006.42,14404.0,268593.87,133457.0,629565.32,227349.0,222647.0,26084.0,50708.32,130596.0,,,12857.79,12368.0,126.0,125.0,283.52,3640.0,35433.43,41678.0,2000561.8,404063.0,3378.68,23958.0,95503.63,166086.0,19624.8,71838.0,2586.04,8055.0,30.07,20.0
826,United Kingdom of Great Britain and Northern Ireland,2016,1757088.1,310291.0,64452.53,213101.0,5135.0,4811.0,,,149488.71,618103.0,29729.0,148047.0,20939.12,49504.0,25885145.02,3264.09,34348.0,4902.18,10542.0,,,10810.39,67247.0,78227.04,399243.0,30530.56,92439.0,242608.34,256263.0,175.32,634.0,40092.27,84137.0,164378.85,254333.0,77306.2,436007.0,35132.47,9652.0,82478.78,88684.0,21320.4,14797.0,270081.73,138472.0,603628.47,200726.0,229179.0,23884.0,40925.36,104837.0,,,17000.63,14648.0,589.0,491.0,273.52,2756.0,37088.94,46702.0,2912752.8,520969.0,3185.19,31544.0,73246.68,145043.0,19533.93,64201.0,2918.45,8420.0,27.46,28.0
826,United Kingdom of Great Britain and Northern Ireland,2017,1043131.5,201447.0,54224.24,286681.0,5000.0,5848.0,,,156332.24,728699.0,22184.0,136834.0,26628.82,75977.0,26724470.54,1415.61,8388.0,5602.84,10663.0,,,15353.01,84737.0,74315.79,405329.0,29789.79,110619.0,279152.9,270019.0,186.57,972.0,38816.35,99267.0,175104.89,276543.0,89220.52,492731.0,25516.08,7613.0,85706.81,97830.0,19424.49,11334.0,264953.46,122252.0,799838.34,322297.0,191058.0,20143.0,55020.47,148114.0,,,15425.91,15168.0,80.0,88.0,331.6,2534.0,54349.4,59315.0,644186.25,132635.0,2034.7,16720.0,58669.37,145543.0,23501.23,64104.0,2412.28,6708.0,12.78,19.0
826,United Kingdom of Great Britain and Northern Ireland,2018,838435.07,191333.0,62281.2,366674.0,19774.0,3327.0,,,176199.5,828401.0,23144.0,155604.0,23748.45,93730.0,28572514.34,1022.99,10369.0,13084.38,17882.0,,,18417.45,102862.0,81371.45,469063.0,28327.17,107778.0,299100.13,304734.0,91.48,312.0,38942.48,99375.0,177133.4,286925.0,82626.33,486915.0,31329.62,10536.0,73800.99,81960.0,26008.68,13703.0,252287.75,137747.0,842240.04,347755.0,245487.0,28497.0,59728.14,145012.0,,,11251.12,16010.0,2774.0,257.0,228.66,2705.0,47166.27,61548.0,352916.15,83009.0,1731.52,10957.0,66062.63,167148.0,21088.66,55258.0,2334.34,7916.0,1.48,64.0
826,United Kingdom of Great Britain and Northern Ireland,2019,1666221.08,328138.0,69201.98,323500.0,14524.0,2279.0,,,192023.75,824087.0,22816.0,155089.0,29882.24,92536.0,28119674.96,526.97,6966.0,14699.34,16874.0,1285.0,166.0,19250.72,112214.0,89643.23,441125.0,45762.6,142941.0,318307.83,298512.0,129.56,419.0,32154.95,85028.0,210922.57,408008.0,94562.31,502191.0,94439.58,21985.0,76584.41,81617.0,29823.29,15718.0,325941.24,171720.0,799956.52,304279.0,260990.0,27978.0,81565.86,199312.0,,,29258.79,21320.0,1759.0,777.0,371.86,2971.0,44027.18,50196.0,1023644.52,210054.0,3291.99,22075.0,66306.31,135467.0,17596.91,44494.0,1817.83,6996.0,0.73,31.0
826,United Kingdom of Great Britain and Northern Ireland,2020,1574932.48,305973.0,61418.65,241550.0,1250.0,1216.0,,,178809.14,779233.0,19841.0,180078.0,23900.07,73985.0,26584046.23,382.46,7100.0,13064.12,15246.0,1383.0,392.0,17962.33,124674.0,83500.41,383461.0,33311.78,110368.0,377905.64,322382.0,66.12,263.0,34545.44,87969.0,225047.07,454436.0,88117.88,564284.0,65848.95,19871.0,77645.41,91234.0,30517.97,16577.0,283971.42,138732.0,751724.67,282394.0,100834.0,21140.0,72406.87,182149.0,,,16558.6,10747.0,2745.0,3400.0,411.19,3681.0,46470.06,54098.0,520081.74,118926.0,2380.27,10689.0,49936.11,147894.0,14404.5,34281.0,1409.89,4807.0,2.44,24.0
826,United Kingdom of Great Britain and Northern Ireland,2021,772160.62,201159.0,52055.57,252704.0,641.0,1213.0,,,145734.36,736442.0,22679.0,190456.0,19472.14,68635.0,27117580.89,275.43,1435.0,10755.39,15016.0,13.0,6.0,21768.16,116014.0,77641.34,395829.0,25385.77,105757.0,310196.19,279128.0,174.84,1264.0,17420.24,60423.0,175429.7,405801.0,69937.57,602587.0,36761.6,15704.0,92845.99,104855.0,16286.45,9098.0,233072.41,142971.0,718038.92,309274.0,84605.0,21722.0,51525.83,155423.0,,,19804.03,15839.0,1892.0,2709.0,502.48,3771.0,40433.64,53889.0,294468.6,87977.0,1183.99,2570.0,27369.6,115961.0,15126.31,38092.0,1871.19,5762.0,4.42,41.0
826,United Kingdom of Great Britain and Northern Ireland,2022,898909.41,309235.0,48707.32,324517.0,366.0,692.0,,,167165.06,928278.0,11798.0,190637.0,20447.44,75077.0,30014572.6,115.1,657.0,9494.93,13920.0,14.0,12.0,21031.73,107192.0,80847.43,471603.0,43218.01,196070.0,229516.31,247902.0,33.64,182.0,22900.23,70407.0,166722.9,341358.0,75307.95,609169.0,193553.8,81167.0,81701.58,102500.0,20735.23,9577.0,288845.31,171093.0,759487.82,412814.0,87955.0,21236.0,46783.4,182117.0,,,6734.03,10645.0,4933.0,760.0,376.6,2360.0,46676.32,51182.0,864647.15,310759.0,963.11,2674.0,24389.63,136371.0,16950.21,40484.0,1998.32,7086.0,17.25,60.0
826,United Kingdom of Great Britain and Northern Ireland,2023,937646.62,278347.0,53996.87,274138.0,220.0,937.0,,,170434.88,970005.0,11987.0,208929.0,29088.09,91267.0,29447377.04,53.84,276.0,10914.74,20566.0,,,18659.75,102500.0,71099.37,466618.0,32642.79,142316.0,186787.62,228325.0,58.1,365.0,17842.22,74260.0,112488.97,274943.0,84513.71,679301.0,156747.0,53072.0,78948.29,89673.0,11861.83,8880.0,258429.78,184406.0,735442.46,362173.0,93935.0,22123.0,70881.92,203242.0,,,4336.89,3044.0,16482.0,1863.0,412.8,2297.0,46490.63,62067.0,1154959.14,349338.0,850.14,2991.0,26500.64,142026.0,19401.22,48415.0,1455.99,6026.0,0.03,4.0
840,United States of America,2000,1060289.0,122502.0,2198.2,3784.0,481584.0,271727.0,,,49865.0,148291.0,44253.0,87623.0,7713.63,5021.0,56455473.33,6601.18,19353.0,16548.19,27931.0,61218.0,3022.0,64582.15,108500.0,770373.7,2746160.0,129459.9,416338.0,2613621.0,1565402.0,104.05,116.0,277277.0,822203.0,184919.0,429725.0,2401.87,5672.0,29232.0,5070.0,13364.17,5874.0,223564.6,155979.0,324478.9,93385.0,16320.71,14141.0,381809.0,17788.0,101496.1,158380.0,,,2534.92,1388.0,69342.0,11922.0,3061.05,6125.0,95471.86,86999.0,27830150.0,3387502.0,4375.04,3855.0,29403.57,42847.0,1087.14,2719.0,3410.34,7358.0,,
840,United States of America,2001,829297.0,115516.0,2392.0,4216.0,679190.0,270798.0,,,45070.0,141053.0,51862.0,95372.0,12384.0,8483.0,56671794.0,5373.0,18688.0,16080.0,26624.0,33032.0,1880.0,62553.0,113808.0,645129.0,2237509.0,135386.0,362173.0,2794692.0,1816305.0,178.0,368.0,352282.0,982522.0,135139.0,300379.0,3389.0,6952.0,39202.0,5350.0,14239.0,7503.0,222824.0,153040.0,291778.0,90495.0,15065.0,12322.0,384254.0,18675.0,96215.0,189663.0,,,1751.0,1391.0,64912.0,11947.0,3337.0,4833.0,85649.0,80602.0,25782618.0,3381651.0,6910.0,6382.0,51600.0,59789.0,1213.0,2331.0,1971.0,3575.0,,
840,United States of America,2002,482939.0,73044.0,3458.0,5960.0,243394.0,130844.0,,,55620.0,167325.0,50735.0,95931.0,9458.0,8341.0,55541592.0,4496.0,12344.0,14332.0,23334.0,26305.0,1274.0,60886.0,111343.0,693501.0,2165701.0,129297.0,368942.0,2335881.0,1359193.0,67.0,125.0,346074.0,875221.0,128977.0,308441.0,3381.0,6867.0,35980.0,7677.0,27515.0,12779.0,217356.0,139092.0,315106.0,122706.0,16215.0,12298.0,405705.0,19933.0,74246.0,114848.0,,,1085.0,800.0,206659.0,38178.0,3610.0,6593.0,88058.0,81055.0,24245829.0,3631905.0,7803.0,7404.0,41716.0,47676.0,1854.0,5309.0,2092.0,3264.0,,
840,United States of America,2003,667439.0,103141.0,5273.0,9682.0,100944.0,64869.0,,,53700.0,157501.0,45280.0,92677.0,13691.0,12002.0,62261628.0,3953.0,14304.0,11727.0,22741.0,29579.0,1615.0,59580.0,121035.0,697817.0,2593779.0,136746.0,475125.0,2448716.0,1517377.0,78.0,128.0,371297.0,903775.0,140162.0,332122.0,3280.0,7729.0,43836.0,9224.0,31786.0,16725.0,235584.0,153903.0,270743.0,89118.0,19134.0,13982.0,172726.0,10273.0,115695.0,184275.0,,,408.0,368.0,171310.0,33615.0,2587.0,6669.0,71994.0,70983.0,25429428.0,3958343.0,9423.0,7997.0,29342.0,37390.0,1370.0,3984.0,1997.0,3351.0,,
840,United States of America,2004,269131.0,38178.0,7661.0,15593.0,30236.0,5852.0,,,62371.0,201410.0,39011.0,66514.0,12181.0,11675.0,63846765.0,6073.0,20917.0,15453.0,24776.0,3775.0,230.0,72018.0,152973.0,138883.0,506133.0,5070.0,22358.0,2343294.0,1765632.0,95.0,187.0,452125.0,1198302.0,213902.0,477171.0,7318.0,12239.0,36049.0,6169.0,34695.0,18526.0,237314.0,168536.0,220697.0,72595.0,17637.0,10677.0,86604.0,6449.0,231696.0,445509.0,,,630.0,628.0,183268.0,35040.0,3306.0,7132.0,70684.0,69771.0,31581449.0,5180994.0,20970.0,12544.0,47103.0,78642.0,899.0,3122.0,1665.0,2725.0,,
840,United States of America,2005,743129.0,89104.0,7293.0,15439.0,21230.0,7252.0,,,58367.0,204417.0,42358.0,96694.0,11750.0,8181.0,65274420.0,13535.0,44999.0,16358.0,29299.0,4074.0,304.0,73770.0,161175.0,198660.0,804088.0,7582.0,43445.0,2480126.0,2111506.0,953.0,1565.0,568904.0,1530417.0,250668.0,532862.0,13324.0,22142.0,35499.0,6111.0,31578.0,15399.0,233827.0,175559.0,289728.0,109975.0,13142.0,8501.0,72468.0,6507.0,280482.0,564274.0,,,508.0,493.0,149246.0,27955.0,3645.0,6997.0,65365.0,68845.0,27178553.0,4381662.0,12986.0,8331.0,19104.0,24342.0,638.0,2643.0,1627.0,3034.0,,
840,United States of America,2006,378681.0,56763.0,9021.0,15270.0,49444.0,26473.0,,,71089.0,244875.0,42247.0,110626.0,7583.0,6363.0,71512326.56,12327.0,38128.0,15889.0,27870.0,11075.0,671.0,73940.0,165891.0,333413.0,1319303.0,16924.0,101017.0,2577380.0,1911369.0,469.0,829.0,640819.0,1674092.0,265689.0,545987.0,7960.0,20927.0,40057.0,7876.0,21843.0,15696.0,209864.0,174778.0,283941.0,134266.0,18152.0,12556.0,120778.0,9229.0,286512.0,588571.0,,,1223.0,922.0,164464.0,25080.0,3528.0,6578.0,61554.0,64947.0,23377178.0,4226422.0,7122.0,7465.0,15205.0,24145.0,543.0,1567.0,1432.0,2065.0,,
840,United States of America,2007,733225.0,160614.0,35183.0,99997.0,66637.0,48097.0,,,101190.0,395121.0,51828.0,138001.0,8735.0,7922.0,92536831.0,23324.0,107718.0,15335.0,26403.0,9241.0,597.0,94328.0,218968.0,410803.0,1726998.0,29059.0,170364.0,3026939.0,2889585.0,240.0,629.0,736352.0,2005682.0,229775.0,481881.0,4251.0,11643.0,34392.0,7686.0,21302.0,17704.0,220887.0,189203.0,295060.0,134024.0,37044.0,26098.0,116579.0,8148.0,258594.0,837826.0,,,3802.0,2924.0,136716.0,19443.0,3580.0,4744.0,72664.0,84795.0,32946902.0,8344749.0,17636.0,29229.0,24881.0,49914.0,502.0,2249.0,1116.0,2267.0,,
840,United States of America,2008,591644.0,194185.0,81756.0,241959.0,107555.0,108238.0,,,133489.0,578452.0,69470.0,164702.0,13027.0,11906.0,119983008.0,29308.0,116477.0,14973.0,35559.0,18166.0,1150.0,77094.0,206139.0,527703.0,2304565.0,71108.0,392297.0,3637843.0,3711254.0,378.0,962.0,1121654.0,3112515.0,345947.0,676643.0,5650.0,22800.0,56859.0,13945.0,20869.0,21013.0,215702.0,192702.0,290911.0,162132.0,39263.0,28048.0,171842.0,11481.0,391381.0,1380355.0,,,3005.0,2332.0,97503.0,27883.0,6173.0,9166.0,86171.0,99745.0,30093351.0,11306336.0,9021.0,16386.0,40461.0,105037.0,357.0,1441.0,1016.0,2091.0,,
840,United States of America,2009,120347.0,35629.0,23802.0,64970.0,58013.0,58794.0,,,109963.0,436989.0,66450.0,166107.0,14426.0,13411.0,100939513.0,24116.0,78914.0,14343.0,35547.0,8820.0,517.0,85458.0,238257.0,513745.0,2145247.0,73747.0,339665.0,3511170.0,3494862.0,368.0,942.0,899204.0,2582395.0,355470.0,598827.0,7879.0,24194.0,34805.0,8465.0,35376.0,32914.0,219718.0,195251.0,330932.0,148886.0,37672.0,27511.0,157337.0,10225.0,248832.0,519985.0,,,4294.0,3337.0,21245.0,9563.0,2969.0,7862.0,72384.0,88488.0,21942248.0,5380045.0,5820.0,11584.0,23167.0,47290.0,295.0,1097.0,589.0,1376.0,,
840,United States of America,2010,161238.0,38640.0,46213.0,161667.0,89271.0,131926.0,,,175216.0,701854.0,69344.0,165636.0,24862.0,22634.0,119560891.0,31381.0,115802.0,14961.0,38182.0,7198.0,460.0,86103.0,245914.0,629750.0,2871916.0,97007.0,525199.0,3297309.0,3407812.0,313.0,983.0,912829.0,2840519.0,327950.0,690678.0,8287.0,18474.0,38291.0,8663.0,26119.0,23455.0,239615.0,221337.0,386176.0,165005.0,48149.0,34430.0,151602.0,10750.0,384107.0,1036354.0,,,4032.0,3139.0,24223.0,8320.0,2733.0,8350.0,76091.0,92893.0,27629318.0,6751010.0,6495.0,13183.0,53149.0,127865.0,676.0,2684.0,548.0,1461.0,,
840,United States of America,2011,158118.0,43565.0,53517.0,234167.0,191024.0,377827.0,,,225933.0,965955.0,80605.0,187534.0,26721.0,24302.0,141060033.0,31623.0,140711.0,18651.0,47871.0,4423.0,407.0,93962.0,290311.0,772939.0,3978523.0,111047.0,592649.0,3445080.0,3958840.0,301.0,771.0,1177823.0,3846934.0,370560.0,840042.0,9211.0,21534.0,41888.0,9723.0,20678.0,21497.0,252975.0,256820.0,454929.0,221540.0,53105.0,37609.0,78293.0,4432.0,436233.0,1451942.0,,,4233.0,3302.0,34831.0,24187.0,4598.0,11613.0,93812.0,112273.0,32789893.0,11134659.0,7261.0,18081.0,21835.0,58619.0,382.0,1625.0,838.0,1959.0,,
840,United States of America,2012,193432.0,62892.0,46337.0,164332.0,191404.0,403432.0,,,243982.0,1043608.0,84803.0,189940.0,9260.0,9397.0,144836827.0,38676.0,136531.0,24665.0,64704.0,7179.0,565.0,106999.0,288965.0,673830.0,4058421.0,103548.0,599527.0,3597448.0,4429607.0,338.0,885.0,1163736.0,3882690.0,483269.0,959627.0,5263.0,20496.0,25864.0,7300.0,22812.0,25888.0,204796.0,191144.0,447590.0,204695.0,51392.0,40535.0,55728.0,4274.0,445143.0,1347360.0,,,3708.0,3399.0,55059.0,33328.0,2289.0,3816.0,92712.0,116654.0,25769493.0,8172801.0,9461.0,25714.0,21008.0,50106.0,230.0,895.0,397.0,1117.0,,
840,United States of America,2013,189377.0,52560.0,83985.0,317667.0,164770.0,280808.0,,,299120.0,1280359.0,87015.0,202798.0,9977.0,9175.0,147591686.0,39953.0,136394.0,30407.0,77660.0,5386.0,466.0,144795.0,353438.0,700961.0,4397667.0,116173.0,841322.0,3559991.0,4396263.0,204.0,688.0,1059091.0,3572174.0,431299.0,861947.0,3643.0,21020.0,28252.0,8014.0,33776.0,40203.0,207497.0,227059.0,477169.0,216497.0,80518.0,58427.0,54496.0,5211.0,554773.0,2050095.0,,,5600.0,5216.0,34004.0,30506.0,2891.0,5661.0,90867.0,112872.0,33198288.0,10542809.0,24408.0,85553.0,39767.0,128728.0,406.0,1863.0,372.0,1175.0,,
840,United States of America,2014,338533.64,86608.0,60668.04,239837.0,107821.0,150140.0,,,351522.11,1620935.0,90341.0,208350.0,7566.48,7879.0,152861937.99,52791.06,199908.0,28705.93,62826.0,6273.0,534.0,182750.38,392149.0,696242.58,5088298.0,119831.46,958648.0,3535699.4,4270988.0,260.82,854.0,1002557.43,3774774.0,474861.54,1099856.0,3719.86,22164.0,24201.48,7803.0,30054.48,34103.0,203470.57,208543.0,421921.97,200088.0,85573.67,72621.0,75943.0,5066.0,552869.72,2135944.0,,,4686.87,4313.0,19406.0,12889.0,3657.8,8141.0,94628.24,117823.0,25645749.1,7780927.0,7211.66,22349.0,54637.96,188687.0,387.5,1603.0,588.11,1620.0,27.36,69.0
840,United States of America,2015,323985.0,79075.0,19946.67,72038.0,72625.0,98729.0,,,299605.13,1311174.0,61736.0,140223.0,9153.92,9417.0,135777016.33,31430.33,113725.0,15504.93,39381.0,4105.0,329.0,165694.35,503874.0,607735.73,4424195.0,111415.39,750717.0,2973891.01,3010557.0,417.51,1107.0,1031142.78,3167297.0,496485.76,865005.0,2789.26,15450.0,27695.67,9070.0,28550.36,25297.0,195942.05,217969.0,411666.33,183506.0,85133.72,72602.0,44508.0,2577.0,558036.59,1385692.0,,,3764.37,7604.0,40763.0,17041.0,2336.62,5175.0,99877.77,126247.0,21268695.76,5632586.0,7662.65,23285.0,34911.78,86715.0,567.46,1996.0,599.92,1711.0,98.93,265.0
840,United States of America,2016,89888.79,23942.0,18259.13,77407.0,69559.0,77399.0,,,267484.11,1114560.0,68995.0,158963.0,28640.96,29121.0,137631231.38,21915.75,85731.0,15640.87,33601.0,7335.0,443.0,149934.75,424087.0,695776.46,4511728.0,119348.28,737324.0,3112265.75,2860017.0,322.8,1042.0,1066827.95,3218437.0,546758.28,1006340.0,3012.97,16083.0,39988.57,14292.0,24066.54,24250.0,194019.35,211632.0,489198.06,204423.0,81331.75,69697.0,51767.0,3008.0,592950.35,1181762.0,,,7995.31,8352.0,48227.0,13697.0,1433.93,3401.0,103570.6,125930.0,24041585.88,5387270.0,8945.74,25461.0,32906.12,78678.0,435.33,1454.0,648.34,2012.0,36.11,293.0
840,United States of America,2017,138736.5,35927.0,24219.57,111300.0,193232.0,233982.0,,,317380.64,1344037.0,68817.0,190166.0,31409.73,42578.0,141098831.78,23774.51,97838.0,24272.61,50823.0,3287.0,222.0,139629.57,392436.0,789635.84,5275548.0,128586.49,924095.0,3191436.3,3199249.0,419.25,1095.0,1171422.81,3529227.0,559656.9,1047991.0,3430.19,19281.0,44463.59,15734.0,18186.93,21749.0,196675.5,225248.0,546658.11,239857.0,70854.3,62575.0,30436.0,1775.0,607897.42,1266994.0,,,6030.21,7653.0,63160.0,23389.0,1767.38,4578.0,99683.75,127163.0,27299214.37,6093290.0,8558.59,24269.0,27397.27,72583.0,615.79,1827.0,510.86,1342.0,124.42,354.0
840,United States of America,2018,91196.94,26768.0,27943.1,139515.0,244419.0,251292.0,,,322795.27,1355457.0,59217.0,204224.0,23962.74,25668.0,143124441.84,33044.07,116187.0,16624.07,43038.0,457.0,101.0,146654.63,438781.0,876810.51,6191796.0,137347.53,1090152.0,3305142.55,3203753.0,371.4,1313.0,1266987.74,3698868.0,546590.74,903124.0,3495.87,18419.0,28380.47,10037.0,15880.67,22230.0,212639.69,240757.0,481624.89,235790.0,82761.44,68482.0,44416.0,2526.0,714983.33,1343026.0,,,8493.15,13426.0,65119.0,19692.0,1645.25,4035.0,103003.75,137064.0,22499005.58,5458267.0,8021.5,19698.0,48320.13,126465.0,622.7,2027.0,860.48,2497.0,70.31,154.0
840,United States of America,2019,119028.6,35983.0,21908.16,103369.0,306244.0,260560.0,,,333724.42,1447439.0,67586.0,284724.0,24767.17,21165.0,139491759.67,34740.21,133275.0,16073.05,38399.0,37423.0,3177.0,178357.12,439781.0,835658.38,5901821.0,130430.98,1023675.0,3342729.32,3255012.0,458.76,996.0,1291976.69,3782596.0,721868.85,1435003.0,3645.64,18452.0,27354.02,9365.0,15027.01,21459.0,197584.19,273541.0,549619.99,255469.0,100749.29,90078.0,23126.0,1342.0,704440.84,1658930.0,,,5243.86,11182.0,61663.0,13788.0,2558.13,5543.0,103569.42,135156.0,27068607.39,6265916.0,7344.67,17274.0,39395.58,116373.0,347.46,1303.0,759.78,1848.0,93.79,252.0
840,United States of America,2020,187076.77,47156.0,21849.34,86843.0,320721.0,291207.0,,,331407.25,1489119.0,51896.0,227513.0,23958.91,19425.0,147739192.56,41929.15,164272.0,16510.28,34944.0,2853.0,583.0,157546.67,430773.0,821918.81,5747237.0,121092.88,806551.0,3546798.77,3411680.0,156.56,369.0,1503159.44,4394795.0,848836.9,1591201.0,3640.89,16274.0,31401.52,11599.0,19089.77,26409.0,203742.49,232045.0,506171.8,244468.0,100828.58,94212.0,49474.0,2497.0,818737.66,2028681.0,,,4160.98,8746.0,57611.0,22519.0,2655.09,5738.0,104097.4,144034.0,26131625.6,6318111.0,5926.67,15310.0,38645.07,115014.0,464.77,1473.0,293.85,720.0,25.11,48.0
840,United States of America,2021,311382.85,71682.0,45133.81,178139.0,510248.0,535688.0,,,374992.77,1673228.0,56432.0,263065.0,25740.83,25951.0,173518641.21,41441.99,170176.0,17810.13,46476.0,3618.0,789.0,200856.84,554939.0,957756.04,8127060.0,150169.5,1131148.0,3616604.06,4223845.0,175.76,364.0,1404748.52,4426055.0,786372.25,1530383.0,2136.71,11360.0,51874.98,16089.0,24941.97,31097.0,198568.14,232499.0,596776.62,275826.0,115397.54,107337.0,45015.0,2958.0,893740.79,2498191.0,,,5699.36,10170.0,55818.0,34457.0,2214.24,4731.0,99529.37,134419.0,24014160.15,7286461.0,4340.39,12581.0,39815.5,125200.0,387.43,1236.0,351.42,1010.0,,
840,United States of America,2022,46909.76,14274.0,65946.24,241779.0,421633.0,452722.0,,,423914.92,2144597.0,59361.0,262650.0,27644.79,35532.0,191567074.41,48143.11,267334.0,13406.5,47064.0,3437.0,584.0,106176.96,542022.0,972395.58,8667976.0,172052.63,1503386.0,3745961.91,4968253.0,223.49,528.0,1227404.77,3940373.0,703053.63,1498943.0,3022.29,17249.0,34589.93,13202.0,41164.8,47514.0,182876.63,251933.0,549920.2,303411.0,112499.88,111081.0,41338.0,3223.0,830693.7,3082347.0,,,6346.52,8669.0,48834.0,15665.0,2473.82,4407.0,104121.61,147832.0,20917589.34,8522976.0,5294.53,14970.0,38729.75,150087.0,482.91,1951.0,374.19,1172.0,16.66,34.0
840,United States of America,2023,71986.49,18318.0,31087.96,163556.0,350246.0,418421.0,,,413944.68,2072864.0,59845.0,298148.0,36585.91,46840.0,170963662.7,44101.4,241145.0,15617.87,59235.0,4601.0,987.0,129835.73,568904.0,839656.9,7508873.0,133547.68,1064014.0,3570926.56,4477228.0,127.41,455.0,1359599.63,4321341.0,811426.75,1726503.0,2434.16,14256.0,27721.69,11543.0,27483.34,37700.0,186190.96,272823.0,579344.42,339141.0,97514.6,96232.0,30015.0,2321.0,809776.32,2323982.0,,,4815.33,8556.0,72621.0,24313.0,1714.75,3764.0,99458.85,153124.0,17942310.41,6133204.0,5793.96,16716.0,26073.51,84753.0,306.78,1188.0,494.45,1349.0,35.23,59.0
858,Uruguay,2000,190.5,23.0,5226.19,8294.0,61382.0,13491.0,,,16297.18,43298.0,275.0,88.0,260.03,208.0,1000895.18,,,,,0.0,0.0,138.23,352.0,138598.12,317713.0,32400.95,38918.0,325.65,153.0,,,,,0.0,0.0,16508.16,33154.0,23.0,4.0,0.0,0.0,142.37,66.0,28.0,5.0,81718.52,24255.0,309674.0,7058.0,12501.0,20884.0,,,7246.14,2088.0,305.0,29.0,0.01,0.0,1178.52,1072.0,12198.35,1586.0,0.0,0.0,13788.83,25335.0,3530.09,6680.0,3747.63,4526.0,,
858,Uruguay,2001,10020.0,1366.0,11935.0,14977.0,11755.0,3899.0,,,17127.0,47181.0,158.0,51.0,449.0,315.0,857241.0,,,,,0.0,0.0,151.0,399.0,87816.0,190378.0,16082.0,19226.0,504.0,422.0,,,,,0.0,0.0,9046.0,23116.0,2120.0,290.0,0.0,0.0,359.0,109.0,781.0,211.0,48921.0,14487.0,178248.0,5187.0,7766.0,14924.0,,,4435.0,1301.0,0.0,0.0,0.0,0.0,499.0,472.0,65.0,20.0,0.0,0.0,17420.0,35122.0,4100.0,9071.0,3657.0,3879.0,,
858,Uruguay,2002,29.0,5.0,15578.0,14104.0,4.0,12.0,,,15019.0,32728.0,0.0,0.0,101.0,41.0,982638.0,,,,,0.0,0.0,9.0,23.0,145049.0,249723.0,3835.0,2723.0,923.0,803.0,,,,,0.0,0.0,5840.0,18395.0,0.0,0.0,0.0,0.0,542.0,154.0,0.0,0.0,49484.0,14322.0,0.0,0.0,12995.0,18859.0,,,2045.0,437.0,162.0,10.0,0.0,0.0,111.0,141.0,63.0,21.0,0.0,0.0,29058.0,43747.0,5192.0,13225.0,4882.0,4784.0,,
858,Uruguay,2003,3133.0,293.0,11868.0,15881.0,11771.0,2486.0,,,16626.0,37556.0,0.0,0.0,509.0,377.0,1219582.0,,,,,0.0,0.0,0.0,0.0,179454.0,352919.0,8607.0,6392.0,0.0,0.0,,,,,0.0,0.0,6465.0,21204.0,46.0,12.0,112.0,9.0,1437.0,234.0,774.0,89.0,67323.0,17540.0,128629.0,5590.0,14329.0,23862.0,,,1493.0,407.0,0.0,0.0,0.0,0.0,381.0,308.0,23.0,4.0,0.0,0.0,20214.0,36130.0,3923.0,10994.0,7348.0,7785.0,,
858,Uruguay,2004,27836.0,4830.0,9736.0,16657.0,42814.0,9102.0,,,22443.0,58419.0,0.0,0.0,585.0,475.0,1623889.0,,,,,0.0,0.0,0.0,0.0,233068.0,596979.0,5050.0,4636.0,8.0,4.0,,,8.0,4.0,0.0,0.0,7913.0,30309.0,4.0,3.0,8.0,1.0,1527.0,350.0,0.0,0.0,79329.0,20055.0,590661.0,27764.0,10239.0,18740.0,,,305.0,101.0,212.0,17.0,0.0,0.0,307.0,262.0,10849.0,1179.0,0.0,0.0,24175.0,49380.0,3012.0,8170.0,4156.0,5106.0,,
858,Uruguay,2005,12906.0,1567.0,11721.0,23930.0,11466.0,4676.0,,,31169.0,88883.0,0.0,0.0,984.0,1058.0,1887244.5,,,,,0.0,0.0,19.0,14.0,275976.0,729414.0,5536.0,6603.0,76.0,70.0,,,0.0,0.0,486.0,716.0,11237.0,37274.0,0.0,0.0,0.0,0.0,503.0,155.0,29.0,5.0,55644.0,18096.0,279084.0,10538.0,10635.0,21982.0,,,567.0,193.0,0.0,0.0,0.0,0.0,800.0,574.0,86890.0,9664.0,0.0,0.0,37080.0,81507.0,2859.0,8729.0,3263.0,4687.0,,
858,Uruguay,2006,27262.0,4149.0,15296.0,26937.0,51092.0,15146.0,,,29767.0,85814.0,0.0,0.0,693.0,566.0,2245718.88,,,12.0,13.0,0.0,0.0,108.0,85.0,301995.0,925812.0,7736.0,10331.0,1686.0,1615.0,,,,,652.0,1171.0,17486.0,48989.0,70.0,26.0,0.0,0.0,458.0,121.0,0.0,0.0,21629.0,7875.0,562758.0,19664.0,19013.0,38083.0,,,1151.0,418.0,760.0,88.0,0.0,0.0,978.0,751.0,100390.0,16495.0,0.0,0.0,38648.0,82622.0,4973.0,14376.0,3405.0,5254.0,,
858,Uruguay,2007,117638.0,24658.0,14226.0,30664.0,45740.0,22073.0,,,28343.0,108712.0,0.0,0.0,306.0,296.0,2474651.0,,,5.0,10.0,0.0,0.0,0.0,0.0,243093.0,787943.0,6516.0,10953.0,2270.0,2259.0,,,,,379.0,592.0,15766.0,48891.0,163.0,81.0,0.0,0.0,269.0,89.0,13.0,12.0,56174.0,24919.0,408862.0,15664.0,10447.0,30542.0,,,920.0,392.0,407.0,42.0,0.0,0.0,1087.0,869.0,111832.0,21209.0,0.0,0.0,33007.0,95403.0,6852.0,20841.0,3129.0,5329.0,,
858,Uruguay,2008,16427.0,5079.0,9647.0,34550.0,167293.0,60554.0,,,27707.0,146684.0,0.0,0.0,6.0,13.0,3536218.0,,,3.0,14.0,0.0,0.0,134.0,184.0,238584.0,1176281.0,8105.0,17049.0,5925.0,8703.0,,,3.0,10.0,3.0,12.0,18520.0,70659.0,147.0,41.0,0.0,0.0,155.0,65.0,1.0,1.0,6209.0,3711.0,101174.0,4715.0,9215.0,30809.0,,,931.0,728.0,401.0,41.0,0.0,0.0,875.0,990.0,428937.0,131535.0,0.0,0.0,38877.0,147824.0,4820.0,17199.0,3384.0,6682.0,,
858,Uruguay,2009,29.0,6.0,17564.0,38518.0,185127.0,72462.0,,,32607.0,123833.0,0.0,0.0,30.0,41.0,3477469.29,,,13.0,15.0,0.0,0.0,133.0,180.0,253943.0,942218.0,4770.0,10169.0,7230.0,8975.0,,,0.0,0.0,8.0,31.0,24789.0,81660.0,50.0,31.0,0.0,0.0,164.0,89.0,27.0,7.0,7438.0,3760.0,166643.0,6131.0,19349.0,37654.0,,,880.0,464.0,0.0,0.0,0.0,0.0,410.0,502.0,1076899.0,260457.0,0.0,0.0,53956.0,118990.0,3700.0,14011.0,2635.0,5002.0,,
858,Uruguay,2010,29.0,6.0,9877.0,35650.0,385157.0,137929.0,,,37469.0,184512.0,0.0,0.0,23.0,34.0,4229919.0,,,1.0,6.0,0.0,0.0,27.0,36.0,232354.0,1078534.0,7512.0,18418.0,8644.0,11464.0,,,3.0,13.0,1.0,5.0,15221.0,78906.0,93.0,52.0,0.0,0.0,341.0,179.0,83.0,46.0,9201.0,5604.0,100000.0,5000.0,11400.0,31448.0,,,2494.0,2017.0,294.0,56.0,0.0,3.0,320.0,422.0,1372522.0,316612.0,0.0,0.0,61384.0,201200.0,4423.0,22613.0,3869.0,8389.0,,
858,Uruguay,2011,14.0,10.0,15530.0,69663.0,187602.0,80000.0,,,39832.0,220793.0,0.0,0.0,46.0,117.0,4961780.0,,,1.0,9.0,0.0,0.0,140.0,190.0,212005.0,1262403.0,9025.0,28945.0,12943.0,22531.0,,,3.0,13.0,1.0,5.0,12720.0,84592.0,44.0,30.0,0.0,0.0,256.0,148.0,6.0,4.0,26321.0,17455.0,100000.0,6200.0,24502.0,93179.0,,,3806.0,3305.0,393.0,99.0,0.0,3.0,618.0,736.0,1066321.0,309357.0,0.0,0.0,51604.0,214110.0,5202.0,37437.0,3050.0,9625.0,,
858,Uruguay,2012,31621.0,8145.0,30679.0,101612.0,189167.0,78565.0,,,43159.0,247468.0,0.0,0.0,665.0,839.0,5831867.0,,,3.0,20.0,0.0,0.0,2.0,5.0,239653.0,1371534.0,10991.0,30785.0,16426.0,28776.0,,,0.0,0.0,0.0,0.0,14070.0,73822.0,324.0,212.0,0.0,0.0,4.0,1.0,83.0,71.0,34742.0,22218.0,28788.0,2535.0,32334.0,107975.0,,,6433.0,5829.0,1014.0,1014.0,0.0,25.0,276.0,313.0,1665032.0,433612.0,0.0,0.0,61412.0,225886.0,4630.0,32648.0,2399.0,7346.0,,
858,Uruguay,2013,75796.0,20623.0,23164.0,100890.0,41476.0,30008.0,,,40068.0,231107.0,0.0,0.0,161.0,258.0,6203972.0,20.0,180.0,8.0,18.0,0.0,0.0,2.0,9.0,214322.0,1231165.0,22511.0,69509.0,13115.0,23800.0,,,0.0,0.0,0.0,0.0,18968.0,92116.0,258.0,189.0,0.0,0.0,13.0,4.0,103.0,108.0,31069.0,19672.0,55268.0,3517.0,30846.0,123840.0,,,2899.0,2221.0,88.0,48.0,2.0,19.0,43.0,49.0,869243.0,282786.0,0.0,1.0,73948.0,334907.0,6220.0,39696.0,2134.0,6440.0,,
858,Uruguay,2014,41013.86,10330.0,20767.47,98132.0,282827.0,140149.0,,,37746.56,212545.0,,,187.5,384.0,6129794.37,16.8,161.0,8.0,14.0,,,1.56,5.0,219086.4,1354600.0,25860.17,84364.0,15587.04,31350.0,,,,,,,17157.35,94929.0,507.56,369.0,,,1.64,4.0,24.25,34.0,33892.84,24839.0,1296.0,226.0,21293.2,95609.0,,,6424.93,5704.0,,,0.01,3.0,123.18,153.0,1121794.8,329258.0,,,58401.9,286239.0,6785.18,42468.0,2308.45,7134.0,,
858,Uruguay,2015,36442.42,7763.0,20265.5,60839.0,216628.0,145584.0,,,23928.9,115569.0,,,1937.78,3303.0,4890718.34,8.0,77.0,,,,,12.48,45.0,233217.46,1344146.0,26064.62,78322.0,5803.8,7695.0,,,,,,,9414.76,54979.0,680.12,479.0,,,2.84,7.0,11.45,16.0,21696.54,14159.0,2168.0,457.0,25951.72,72057.0,,,357.24,291.0,,,0.01,3.0,40.94,23.0,638765.95,130853.0,,,95616.25,285463.0,6824.3,45323.0,1791.48,6388.0,,
858,Uruguay,2016,41516.33,12583.0,11671.97,37495.0,307131.0,195776.0,,,21972.17,77013.0,,,347.0,543.0,4597676.16,8.3,80.0,10.0,18.0,,,8.97,33.0,257578.98,1341258.0,36161.24,95782.0,4229.53,4778.0,,,43.97,41.0,,,8650.29,46853.0,2029.44,1278.0,,,3.05,9.0,58.54,64.0,16606.66,9043.0,579.0,163.0,17411.2,46558.0,,,393.19,221.0,,,18.0,43.0,,,609322.49,113727.0,,,126504.55,316230.0,5158.1,37337.0,1726.59,6308.0,8.09,16.0
858,Uruguay,2017,115130.43,26128.0,9968.88,50921.0,301577.0,221080.0,,,16067.67,74152.0,,,527.7,1371.0,5163688.93,0.96,9.0,6.0,10.0,,,8.46,33.0,263731.53,1389963.0,41011.64,113533.0,3178.05,3698.0,,,45.43,103.0,,,11306.87,60937.0,1433.76,908.0,,,2.78,8.0,2.15,4.0,11747.21,6788.0,596.0,187.0,12431.81,35777.0,,,171.7,119.0,,,0.37,3.0,,,232521.85,39839.0,,,107924.58,343943.0,7934.15,48886.0,1766.08,5812.0,,
858,Uruguay,2018,7110.97,1940.0,12890.16,64556.0,324221.0,271040.0,,,16960.81,79874.0,,,29.0,90.0,4686006.87,0.6,6.0,,,,,2.92,11.0,274510.5,1467305.0,51426.91,159069.0,3297.12,3885.0,,,,,,,12322.36,69028.0,1456.79,807.0,,,1.95,6.0,6.18,8.0,12027.12,7256.0,434.0,157.0,15567.33,33176.0,,,61.37,44.0,,,0.16,4.0,3.59,4.0,51603.52,11702.0,,,142934.0,425257.0,7443.54,50581.0,2786.28,8844.0,0.02,0.0
858,Uruguay,2019,74217.85,20989.0,13044.49,62469.0,116631.0,100123.0,,,14470.34,69237.0,,,71.25,166.0,5254758.52,0.3,3.0,,,,,205.48,175.0,278073.77,1629091.0,57468.92,214788.0,2532.39,2913.0,,,,,,,12962.31,73148.0,3092.79,1863.0,,,1.09,4.0,6.63,7.0,8950.62,5236.0,198.0,97.0,21326.02,50532.0,,,906.5,513.0,,,,,0.63,3.0,290413.47,63505.0,,,131588.7,403702.0,6241.05,41292.0,957.47,3741.0,,
858,Uruguay,2020,41184.38,8720.0,13341.49,43619.0,119508.0,101782.0,,,14659.16,66465.0,,,11.25,34.0,4664941.3,1.4,15.0,,,,,304.61,247.0,255535.7,1397856.0,49007.8,159606.0,1293.69,1350.0,,,,,,,14878.36,75558.0,3540.6,2284.0,,,3.77,8.0,8.68,11.0,6338.0,3783.0,34858.0,4227.0,18041.01,45890.0,,,297.33,172.0,,,,,0.09,0.0,381626.21,83311.0,,,137785.27,420913.0,3210.61,18990.0,523.07,1907.0,,
858,Uruguay,2021,240946.19,70057.0,11939.98,49475.0,227444.0,211977.0,,,14129.46,64663.0,,,11.34,31.0,6374189.34,0.3,3.0,,,,,83.48,95.0,339748.03,2096074.0,73792.94,299214.0,1070.02,1126.0,,,,,,,21894.33,123861.0,3681.18,2499.0,,,1.84,6.0,1.01,1.0,7423.49,4262.0,294.0,31.0,18837.34,55884.0,,,2.38,1.0,,,,,0.06,0.0,536456.72,139810.0,,,142670.18,494372.0,4146.26,30577.0,823.35,3180.0,,
858,Uruguay,2022,272664.37,82265.0,16870.06,90087.0,72104.0,75816.0,,,12994.2,64823.0,,,4.86,15.0,7947005.35,0.15,2.0,,,,,52.47,50.0,315744.61,2263253.0,65666.87,289927.0,1075.05,1807.0,,,,,,,17535.71,99242.0,1781.56,1225.0,,,2.23,9.0,1.63,2.0,3021.74,1786.0,353.0,29.0,26531.56,99671.0,,,0.02,0.0,,,,,1.51,2.0,714974.78,232483.0,,,130147.54,521025.0,3339.97,20553.0,1349.59,4118.0,,
858,Uruguay,2023,162818.55,53013.0,9218.84,46059.0,252320.0,239506.0,,,12142.19,66368.0,,,1612.19,3313.0,6155057.2,0.15,2.0,,,,,,,290317.53,1735204.0,70631.6,289359.0,1130.42,1161.0,,,,,,,20446.95,90191.0,1964.89,1677.0,,,1.79,7.0,10.4,15.0,2808.68,2016.0,394.0,89.0,12021.99,43150.0,,,0.33,1.0,,,,,0.15,0.0,821643.15,252595.0,,,156699.13,560852.0,4342.31,18032.0,873.92,3342.0,,
