country_code,country_name,year,barley_area_ha,barley_prod_t,barley_yield_kg_per_ha,butter_of_cow_milk_prod_t,cattle_stocks_an,cereals_n_e_c_area_ha,cereals_n_e_c_prod_t,cereals_n_e_c_yield_kg_per_ha,cheese_from_milk_of_goats_prod_t,cheese_from_milk_of_sheep_prod_t,cheese_from_skimmed_cow_milk_prod_t,cheese_from_whole_cow_milk_prod_t,chickens_stocks_1000_an,cream_fresh_prod_t,goats_stocks_an,hen_eggs_in_shell_fresh_laying_1000_an,hen_eggs_in_shell_fresh_prod_1000_no,hen_eggs_in_shell_fresh_prod_t,hen_eggs_in_shell_fresh_weight_g_per_an,hen_eggs_in_shell_fresh_yield_no_per_an,meat_of_cattle_animals_an,meat_of_cattle_prod_t,meat_of_cattle_weight_kg_per_an,meat_of_chickens_animals_1000_an,meat_of_chickens_prod_t,meat_of_chickens_weight_g_per_an,meat_of_goat_animals_an,meat_of_goat_prod_t,meat_of_goat_weight_kg_per_an,meat_of_pig_animals_an,meat_of_pig_prod_t,meat_of_pig_weight_kg_per_an,meat_of_sheep_animals_an,meat_of_sheep_prod_t,meat_of_sheep_weight_kg_per_an,oats_area_ha,oats_prod_t,oats_yield_kg_per_ha,potatoes_area_ha,potatoes_prod_t,potatoes_yield_kg_per_ha,pulses_total_area_ha,pulses_total_prod_t,pulses_total_yield_kg_per_ha,sheep_stocks_an,skim_milk_and_whey_powder_prod_t,skim_milk_condensed_prod_t,swine_per_pigs_stocks_an,vegetables_primary_area_ha,vegetables_primary_prod_t,vegetables_primary_yield_kg_per_ha,wheat_area_ha,wheat_prod_t,wheat_yield_kg_per_ha,whey_condensed_prod_t,whey_dry_prod_t,whole_milk_condensed_prod_t,whole_milk_powder_prod_t
32,Argentina,2000,247830.0,722490.0,2915.3,52700.0,48674400.0,20000.0,13000.0,650.0,,,,468000.0,109000.0,3600.0,3490200.0,21000.0,5838120.0,326935.0,15568.0,278.0,12400000.0,2718000.0,219.0,418100.0,957790.0,2291.0,1364000.0,9002.0,7.0,2742457.0,213965.0,78.0,4590790.0,50000.0,11.0,337460.0,554708.0,1643.8,80000.0,2220529.0,27756.6,295100.0,334577.0,1133.8,13561600.0,45000.0,,1750000.0,168152.0,2847168.58,16932.1,6408045.0,15959352.0,2490.5,,2570.4,281.25,202000.0
32,Argentina,2001,246490.0,530045.0,2150.4,53400.0,48851400.0,20000.0,13000.0,650.0,,,,420000.0,110000.0,3600.0,3386600.0,31413.0,5391360.0,301916.0,9611.0,172.0,11584200.0,2461000.0,212.0,422500.0,950652.0,2250.0,1365000.0,9008.27,7.0,2615338.0,197504.0,76.0,4610600.0,82093.1,18.0,335534.0,644150.0,1919.8,88000.0,2497156.0,28376.8,278030.0,300705.0,1081.6,13500000.0,44000.0,,1700000.0,163904.0,2854231.0,17414.0,6840720.0,15291660.0,2235.4,,2639.12,135.0,185000.0
32,Argentina,2002,250760.0,549830.0,2192.7,54600.0,52000000.0,22000.0,15000.0,681.8,,,,370000.0,86000.0,3600.0,4000000.0,26467.0,4556900.0,255200.0,9642.0,172.0,11499447.0,2493000.0,217.0,320000.0,699440.0,2186.0,1400000.0,9239.29,7.0,2234811.0,165292.0,74.0,4648736.0,50300.0,11.0,362545.0,664760.0,1833.6,90000.0,2262120.0,25134.7,279740.0,319030.0,1140.5,12400000.0,32000.0,,1600000.0,168147.0,2900791.13,17251.5,6050210.0,12301442.0,2033.2,,5393.68,135.0,205000.0
32,Argentina,2003,334348.0,1005460.0,3007.2,55300.0,55875764.0,22000.0,15000.0,681.8,,,,350000.0,93000.0,3600.0,4200000.0,27989.0,5410440.0,303000.0,10826.0,193.0,12506196.0,2658000.0,213.0,335000.0,738212.0,2204.0,1450000.0,9569.31,7.0,2001795.0,149755.0,75.0,4780412.0,51700.0,11.0,292315.0,487510.0,1667.8,75000.0,2094520.0,27926.9,209990.0,258530.0,1231.2,13829000.0,31000.0,,1500000.0,171193.0,2942954.6,17190.9,5735292.0,14562955.0,2539.2,,5102.13,135.0,198000.0
32,Argentina,2004,275307.0,894610.0,3249.5,55000.0,56844020.0,22000.0,15000.0,681.8,,,,360000.0,95000.0,3600.0,4200000.0,28441.0,6468000.0,355740.0,12508.0,227.0,14295801.0,3024000.0,212.0,338339.0,866000.0,2560.0,1450000.0,9569.37,7.0,2148509.0,185300.0,86.0,4063938.0,44700.0,11.0,220785.0,331994.0,1503.7,70000.0,2021020.0,28871.7,150162.0,198308.0,1320.6,15158000.0,35000.0,,1490000.0,170520.0,3017451.48,17695.5,6061930.0,15925025.0,2627.1,,10710.0,135.0,220000.0
32,Argentina,2005,267450.0,799423.0,2989.1,51000.0,57033528.0,22000.0,15000.0,681.8,,,,360000.0,95000.0,3600.0,4200000.0,26500.0,7200000.0,388800.0,14672.0,272.0,14251709.0,3130800.0,220.0,394384.0,1010000.0,2561.0,1450000.0,9570.0,7.0,2470124.0,215496.0,87.0,4873042.0,51700.0,11.0,291307.0,536091.0,1840.3,63000.0,1788677.0,28391.7,179397.0,224387.0,1250.8,15497000.0,40000.0,,1830000.0,167772.0,3075924.62,18333.9,4975920.0,12593396.0,2530.9,,10710.0,125.0,260000.0
32,Argentina,2006,337592.0,1268465.0,3757.4,53000.0,58293608.0,22200.0,15200.0,684.7,,,,360000.0,95000.0,3600.0,4200000.0,32000.0,7752000.0,418608.0,13082.0,242.0,13418824.0,3033600.0,226.0,450429.0,1159000.0,2573.0,1450000.0,9569.36,7.0,3057976.0,262173.0,86.0,4474185.0,49500.0,11.0,148225.0,226910.0,1530.8,68000.0,1943632.0,28582.8,288940.0,399760.0,1383.5,15838000.0,37800.0,,2260000.0,169659.0,3026701.52,17839.9,5540405.0,14547960.0,2625.8,,14994.0,125.0,281000.0
32,Argentina,2007,416325.0,1474510.0,3541.7,52000.0,58722108.0,22500.0,15500.0,688.9,,,,360000.0,96000.0,3600.0,4250000.0,28746.0,8352000.0,442656.0,15399.0,291.0,14955659.0,3223700.0,216.0,487559.0,1244000.0,2551.0,1500000.0,9899.14,7.0,3200155.0,276116.0,86.0,4451096.0,48900.0,11.0,138025.0,242960.0,1760.3,68000.0,1950000.0,28676.5,301180.0,400699.0,1330.4,16180000.0,34920.0,,2270000.0,173817.0,3069575.92,17659.9,5777560.0,16354091.0,2830.6,,14994.0,125.0,250000.0
32,Argentina,2008,570125.0,1681880.0,2950.0,50780.0,57583120.0,22500.0,15500.0,688.9,,,,490577.0,96000.0,3600.0,4250000.0,28778.0,8832000.0,468096.0,16266.0,307.0,14660284.0,3131902.0,214.0,539490.0,1400000.0,2595.0,1500000.0,9898.89,7.0,3156841.0,274355.0,87.0,4140288.0,46000.0,11.0,224250.0,472420.0,2106.7,68000.0,1900000.0,27941.2,310930.0,415229.0,1335.4,15988000.0,19080.0,,2270000.0,172336.0,3099741.85,17986.6,4266430.0,8376452.0,1963.3,,28017.36,125.0,240000.0
32,Argentina,2009,502640.0,1355801.0,2697.4,50623.0,54463872.0,23000.0,16000.0,695.7,,,,508069.0,96000.0,3600.0,4250000.0,28810.0,9720000.0,507300.0,17608.0,337.0,16053026.0,3378460.0,210.0,573327.0,1501000.0,2618.0,1500000.0,9898.97,7.0,3339759.0,288851.0,86.0,4403119.0,45000.0,10.0,211805.0,290525.0,1371.7,66479.0,1950000.0,29332.6,343049.0,400970.53,1168.8,15278000.0,19080.0,,2270000.0,172646.0,3108008.19,18002.2,3272740.0,9023139.0,2757.1,,29016.96,125.0,260000.0
32,Argentina,2010,746435.0,2964075.0,3971.0,49643.06,48949744.0,26000.0,18978.0,729.9,,,,520224.7,98000.0,3549.1,4037036.0,38000.0,10259000.0,554000.0,14579.0,270.0,11882706.0,2630163.0,221.0,615699.0,1598000.0,2595.0,1500000.0,9899.05,7.0,3234133.0,279102.0,86.0,4059942.0,74411.81,18.0,139368.0,181990.0,1305.8,67896.0,2011097.39,29620.3,370854.0,503556.66,1357.8,15024744.0,20400.0,,3179039.0,173286.0,3176792.48,18332.7,4531520.0,15875653.0,3503.4,,45269.89,116.16,242000.0
32,Argentina,2011,1121278.0,4085770.0,3643.9,53564.74,47972660.0,26000.0,16459.0,633.0,,,,536043.3,100000.0,3848.7,4280000.0,41000.0,10829000.0,590900.0,14412.0,264.0,10865019.0,2498954.0,230.0,683019.0,1779000.0,2605.0,1500000.0,9899.14,7.0,3443378.0,300663.0,87.0,3485388.0,65947.0,19.0,284570.0,660200.0,2320.0,68923.0,2058375.56,29864.9,397312.0,550793.03,1386.3,14731000.0,19080.0,,3437003.0,174642.0,3287221.99,18822.6,4496078.0,14500519.0,3225.1,,60599.66,125.0,297000.0
32,Argentina,2012,1694545.0,5158180.0,3044.0,53314.68,49865864.0,37000.0,14750.0,398.6,,,,563942.56,105000.0,3912.59,4350000.0,41300.0,10920000.0,600000.0,14528.0,264.0,11428791.0,2595815.0,227.0,734646.0,1903000.0,2590.0,1530830.0,10102.68,7.0,3818758.0,331000.0,87.0,2958331.0,58962.0,20.0,196135.0,414990.0,2115.8,70710.0,2149333.01,30396.7,466773.0,652313.0,1397.5,14697000.0,32126.0,,3818758.0,169483.0,3372455.44,19898.5,3018403.0,8023996.0,2658.4,,66467.0,128.09,280627.0
32,Argentina,2013,1203306.0,4705160.0,3910.2,50111.0,50996397.0,28000.0,19500.0,696.4,,,,546543.0,107000.0,3735.39,4375000.0,42000.0,10368630.0,565090.0,13455.0,247.0,12625313.0,2821608.0,223.0,732463.0,1921000.0,2623.0,1573909.0,10387.06,7.0,4805499.0,416442.0,87.0,2974046.0,56657.0,19.0,260240.0,495940.0,1905.7,71954.0,2211553.96,30735.7,248140.0,284263.0,1145.6,14574880.0,37753.0,,4221954.0,178233.0,3430811.5,19249.1,3451785.0,9188339.0,2661.9,,78565.0,121.93,255632.0
32,Argentina,2014,888873.0,2901492.0,3264.2,48059.0,51646544.0,25498.0,16269.58,638.1,,,,558907.0,109000.0,4014.1,4400000.0,43000.0,10642000.0,635580.0,14781.0,247.0,12100979.0,2674000.0,221.0,729244.0,1934000.0,2652.0,1269628.0,8380.77,7.0,5110083.0,442025.0,87.0,3166985.0,60338.0,19.0,226109.0,444820.0,1967.3,72922.0,2264803.89,31057.7,500057.0,707551.21,1414.9,14534000.0,42037.0,,4692103.0,181834.0,3495430.38,19223.2,4957300.0,13930078.0,2810.0,,69437.0,119.39,230309.0
32,Argentina,2015,888873.0,2901495.0,3264.2,41226.0,51429848.0,25377.0,16112.03,634.9,,,,566093.0,115000.0,4308.36,4720674.0,42500.0,12146300.0,765000.0,18000.0,286.0,12156600.0,2727000.0,224.0,729929.0,2093000.0,2867.0,1288380.0,8505.87,7.0,5502037.0,483437.0,88.0,3155631.0,57609.0,18.0,244528.0,524716.0,2145.8,74338.0,2329939.06,31342.5,649523.0,967539.25,1489.6,14859486.0,26828.0,,5011446.0,177840.0,3476231.51,19547.0,3953102.0,11314952.0,2862.3,,84404.45,126.14,245443.0
32,Argentina,2016,1246891.0,4938723.0,3960.8,34234.0,52636778.0,26002.0,16736.97,643.7,,,,533171.0,111100.0,3636.17,4712173.0,43100.0,12730400.0,802000.0,18608.0,295.0,11720350.0,2644000.0,226.0,704023.0,2055000.0,2919.0,1112880.0,7347.0,7.0,5986561.0,522428.0,87.0,2507115.0,51590.0,21.0,239640.0,553435.0,2309.4,75500.0,2430866.0,32196.9,499100.0,605395.22,1213.0,14864321.0,34048.0,,5119438.0,175149.0,3443988.96,19663.2,5566385.0,18395106.0,3304.7,,80442.01,105.91,157130.0
32,Argentina,2017,870213.0,3741158.0,4299.1,26807.0,54793181.0,25728.0,16549.56,643.3,,,,408128.0,118300.0,3003.57,4863894.0,44000.0,12987100.0,813000.0,18477.0,295.0,12616936.0,2844511.0,225.0,722119.0,2116000.0,2930.0,1095690.0,7232.6,7.0,6425216.0,566276.0,88.0,2492146.0,50616.0,20.0,321054.0,784981.0,2445.0,74845.0,2459310.23,32858.6,600652.0,754442.75,1256.0,14746566.0,45650.0,,5119438.0,176428.0,3513409.9,19914.1,5822173.0,18518045.0,3180.6,,62542.18,88.24,149084.0
32,Argentina,2018,1209995.0,5061069.0,4182.7,29351.0,54793181.0,26186.0,16817.0,642.2,,,,444128.0,113604.0,3433.69,4567479.0,44200.0,13158150.0,829000.0,18756.0,298.0,13452831.0,3066094.0,228.0,711460.0,2068494.0,2907.0,1142427.0,7540.75,7.0,6778976.0,620549.0,92.0,2481631.0,49126.0,20.0,218399.0,491713.0,2251.4,74231.0,2483769.25,33460.0,577296.0,763191.24,1322.0,14339908.0,40566.0,,5191453.0,173802.0,3597489.18,20698.8,6050953.0,19459727.0,3216.0,,67095.34,100.47,192178.0
32,Argentina,2019,1121449.0,3784823.0,3374.9,28694.0,55007853.0,26168.0,16850.63,643.9,,,,429411.0,118457.0,3339.72,4638635.0,44500.0,13175000.0,830000.0,18652.0,296.0,13924936.0,3135908.0,225.0,756949.0,2203410.7,2911.0,1191940.0,7868.84,7.0,6854854.0,629717.0,92.0,2669304.0,53392.0,20.0,238166.0,571630.0,2400.1,76171.0,2600000.0,34133.6,653755.0,941092.1,1439.5,14774196.0,45128.0,,5128954.0,171444.0,3646718.47,21270.6,6729838.0,19776942.0,2938.7,,65154.31,97.72,187705.0
32,Argentina,2020,1078835.0,3612804.0,3348.8,34661.0,54460799.0,26312.0,16970.83,645.0,,,,420650.0,118463.0,3493.58,4695830.0,44800.0,14862000.0,873000.0,19487.0,332.0,13991415.0,3168472.0,226.0,757488.0,2219238.25,2930.0,1146332.0,8490.48,7.0,7006091.0,655381.88,94.0,2697343.0,53498.78,20.0,322328.0,600105.0,1861.8,79940.0,2884000.0,36077.1,714506.0,1058137.2,1480.9,14571766.0,52469.0,,5376958.0,170223.0,3705709.44,21769.7,6394102.0,17644277.0,2759.5,,68283.94,102.22,213284.0
32,Argentina,2021,1006503.0,4036130.0,4010.1,41131.0,53517534.0,26530.0,17098.34,644.5,,,,460173.0,115536.0,3865.33,4280903.0,47500.0,14043375.0,885000.0,18632.0,296.0,12987232.0,2981689.8,230.0,741395.0,2294978.7,3095.0,1045041.0,7603.42,7.0,7484270.0,695939.0,93.0,2292147.0,45822.75,20.0,241925.0,506718.0,2094.5,86222.0,2999743.98,34790.9,718634.0,1075097.54,1496.0,13347911.0,54930.0,,5350999.0,168921.0,3804840.54,22524.4,6548477.0,22150287.0,3382.5,,75346.78,113.1,234264.0
32,Argentina,2022,1335623.0,5279608.0,3952.9,39033.0,53416435.0,26785.0,17264.27,644.5,,,,460223.0,116089.0,3774.53,3954991.0,51500.0,15291600.0,963000.0,18699.0,297.0,13580234.0,3150850.63,232.0,751692.0,2319469.0,3086.0,1044740.0,6898.34,7.0,7709536.0,726651.29,94.0,2000026.0,40540.41,20.0,348835.0,723155.0,2073.1,64306.0,2259130.89,35131.1,771865.0,1168661.38,1514.1,12461845.0,51364.0,,5477107.0,169662.0,3885371.08,22900.7,5488728.0,12555860.0,2287.6,,69854.05,110.44,212768.0
32,Argentina,2023,1589966.0,4695914.0,2953.5,34703.0,54242595.0,26994.0,17371.54,643.5,,,,477436.0,113418.0,3604.03,4127245.0,51620.0,15807600.0,977000.0,18927.0,306.0,14517001.0,3287045.86,226.0,740461.0,2287016.0,3089.0,1070218.0,7066.75,7.0,8086828.0,762163.54,94.0,2197110.0,39497.51,18.0,257361.0,428884.0,1666.5,60695.0,2146599.08,35366.9,709727.0,942238.0,1327.6,12609460.0,32843.0,,5887401.0,172395.0,3956097.03,22947.8,5575352.0,15853154.0,2843.4,,71515.07,105.46,185157.0
36,Australia,2000,3454000.0,6743000.0,1952.2,183000.0,27588000.0,,,,,,,373000.0,84928.0,11435.0,1905000.0,12016.0,2502000.0,143000.0,11901.0,208.0,8649000.0,1987902.0,230.0,394000.0,610000.0,1548.0,425000.0,10625.0,25.0,5014000.0,364400.0,73.0,33142000.0,680000.0,21.0,650488.0,1049826.0,1613.9,42162.0,1199622.0,28452.7,2209392.0,2146245.0,971.4,118552000.0,246600.0,0.0,2511000.0,75788.0,1754852.63,23154.8,12141000.0,22108000.0,1820.9,,54180.0,15000.0,186700.0
36,Australia,2001,3707378.0,8279769.0,2233.3,172000.0,27721000.0,,,,,,,376000.0,90973.0,13995.0,2140000.0,14276.0,2466000.0,141000.0,9877.0,173.0,8764000.0,2078900.0,237.0,397238.0,627340.0,1579.0,713015.0,10433.0,15.0,5171500.0,378531.0,73.0,35257000.0,715000.0,20.0,784081.0,1433651.0,1828.4,39622.0,1302110.0,32863.3,2037234.0,2548023.0,1250.7,110900000.0,249000.0,,2748000.0,77996.0,1920254.33,24619.8,11529155.0,24299335.0,2107.6,,54180.0,24000.0,205000.0
36,Australia,2002,3863778.0,3864833.0,1000.3,178000.0,27870000.0,,,,,,,412000.0,85002.0,17782.0,2750000.0,12858.0,2448000.0,139500.0,10849.0,190.0,9050100.0,2089742.0,231.0,428206.0,699528.0,1634.0,1055605.0,14756.0,14.0,5602800.0,407274.0,73.0,31841000.0,644000.0,20.0,911464.0,957104.0,1050.1,37943.0,1333158.0,35135.8,2016536.0,1296044.0,642.7,106166000.0,243000.0,,2940000.0,75616.0,1856108.96,24546.6,11170280.0,10131924.0,907.0,,79380.0,22000.0,239000.0
36,Australia,2003,4477024.0,10381827.8,2318.9,164000.0,26664000.0,,,,,,,379000.0,83826.0,20421.0,2530000.0,12913.0,2288470.0,130400.0,10098.0,177.0,8906300.0,1997563.0,224.0,418269.0,681487.0,1629.0,1078129.0,15466.0,14.0,5723300.0,418875.0,73.0,30527000.0,597000.0,20.0,1089303.0,2018103.0,1852.7,35899.0,1247268.0,34743.8,1735441.0,2304469.0,1327.9,99252376.0,182000.0,,2658000.0,71714.0,1675001.57,23356.6,13067077.0,26131870.0,1999.8,,84420.0,13000.0,198000.0
36,Australia,2004,4645658.0,7739767.0,1666.0,149000.0,27465000.0,,,,,,,384000.0,83404.0,26796.0,2840000.0,12669.0,2316540.0,132000.0,10419.0,183.0,8803400.0,2112892.0,240.0,435646.0,722471.0,1658.0,1127888.0,17178.0,15.0,5440200.0,394823.0,73.0,26982500.0,561000.0,21.0,893644.0,1282537.0,1435.2,36120.0,1310385.0,36278.7,1746492.0,1659052.0,949.9,101287440.0,189000.0,,2547788.0,72661.0,1820885.06,25060.1,13399397.0,21905113.0,1634.8,,100800.0,13500.0,187000.0
36,Australia,2005,4405727.0,9481741.0,2152.1,148000.0,27782000.0,,,,,,,388000.0,75903.0,20893.0,3400000.0,13175.0,2431840.0,138600.0,10520.0,185.0,8466500.0,2090272.0,247.0,432899.0,755197.0,1745.0,1203596.0,18441.0,15.0,5372300.0,390336.0,73.0,28773100.0,595185.0,21.0,930331.0,1688047.0,1814.5,37437.0,1288269.0,34411.7,1661834.0,2676090.0,1610.3,101124888.0,205500.0,,2538000.0,69034.0,1784023.98,25842.6,12442719.0,25150343.0,2021.3,,95200.0,13500.0,189000.0
36,Australia,2006,4181979.0,4257032.0,1017.9,133000.0,28393400.0,,,,,,,373000.0,94384.0,17410.0,3300000.0,15936.0,3004954.0,171300.0,10749.0,189.0,8854400.0,2188318.0,247.0,444819.0,797416.0,1793.0,1200627.0,18585.0,15.0,5319800.0,382682.0,72.0,30495300.0,625629.0,21.0,1002685.0,748303.0,746.3,35268.0,1249605.0,35431.7,1826140.0,1055602.0,578.1,91028408.0,191000.0,,2733000.0,73693.0,1829951.98,24831.9,11797888.0,10821628.0,917.3,,95200.0,14300.0,158000.0
36,Australia,2007,4901838.0,7160168.0,1460.7,133100.0,28036600.0,,,,,,,363817.0,97386.0,15650.0,2500000.0,15271.0,2837266.0,161700.0,10589.0,186.0,8900300.0,2168946.0,244.0,458572.0,812885.0,1773.0,1043976.0,16233.0,16.0,5326900.0,384586.0,72.0,33429500.0,683573.0,20.0,1237824.0,1502305.0,1213.7,34096.0,1211988.0,35546.3,1712311.0,1543121.0,901.2,85711184.0,164000.0,,2604681.0,72543.0,1797413.21,24777.4,12578309.0,13569378.0,1078.8,,95200.0,15500.0,135000.0
36,Australia,2008,5015011.0,7996506.0,1594.5,127618.0,27320978.0,,,,,,,360854.0,88629.0,8570.0,2700000.0,14760.0,2807000.0,160000.0,10840.0,190.0,8652000.0,2138328.0,247.0,462832.0,805373.0,1740.0,1113527.0,17363.0,16.0,4976300.0,345076.0,69.0,31424700.0,659512.0,21.0,870328.0,1160028.0,1332.9,36965.0,1409195.0,38122.4,1529274.0,1645701.77,1076.1,76938000.0,166000.0,,2411454.0,63459.0,1756133.12,27673.6,13530196.0,21420177.0,1583.1,,95200.0,17000.0,142000.0
36,Australia,2009,4421596.0,7864551.0,1778.7,148495.0,27906764.0,,,,,,,342016.0,95409.0,8800.0,3400000.0,12604.0,2795220.0,159328.0,12641.0,222.0,8411000.0,2106385.0,250.0,468712.0,828594.0,1768.0,1631798.0,25680.0,16.0,4500200.0,323670.0,72.0,30665700.0,635110.0,21.0,850077.0,1161606.0,1366.5,32579.0,1178534.0,36174.7,1716602.0,2080368.0,1211.9,72739696.0,190200.0,,2301714.0,67812.0,1849322.31,27271.1,13881030.0,21834010.0,1572.9,,95200.0,17000.0,145000.0
36,Australia,2010,3680994.0,7994720.0,2171.9,128379.0,26733000.0,,,,,,,349271.0,83024.0,6512.83,3500000.0,11734.0,3051353.0,174000.0,14829.0,260.0,8273000.0,2128598.0,257.0,512170.0,934352.0,1824.0,1676161.0,26452.0,16.0,4616700.0,338734.0,73.0,25664000.0,555206.0,22.0,826031.0,1127683.0,1365.2,36379.0,1278118.0,35133.4,2226673.0,2494367.5,1120.2,68085496.0,222500.0,,2289292.0,71342.0,1879895.72,26350.5,13501780.0,27410076.0,2030.1,,123480.0,17500.0,126000.0
36,Australia,2011,3718261.0,8220863.0,2210.9,122486.0,28506168.0,,,,,,,338680.0,90744.0,6799.72,3500000.0,13111.0,3420557.0,205200.0,15651.0,261.0,7942500.0,2129021.0,268.0,546758.0,1012542.0,1852.0,1738710.0,28368.0,16.0,4662800.0,344266.0,74.0,23114800.0,516608.0,22.0,731144.0,1262032.0,1726.1,32153.0,1128208.0,35088.7,1818544.0,2614816.0,1437.9,73098760.0,230300.0,,2285214.0,75832.0,1742663.07,22980.7,13902140.0,29905009.0,2151.1,,98262.39,7500.0,151300.0
36,Australia,2012,3644368.0,7471592.0,2050.2,119715.0,28418422.0,,,,,,,340340.0,100996.0,6626.14,3550000.0,13379.0,3578108.0,214686.0,16046.0,267.0,7977700.0,2152031.0,270.0,559451.0,1046748.0,1871.0,1857211.0,29809.0,16.0,4727900.0,351737.0,74.0,24791100.0,554434.0,22.0,728575.0,1121135.0,1538.8,33670.0,1288186.0,38259.2,1750174.0,2199376.11,1256.7,74721552.0,224100.0,,2137921.0,73653.0,1912499.23,25966.4,12979382.0,22855576.0,1760.9,,136080.0,7500.0,140400.0
36,Australia,2013,3814113.0,9174417.0,2405.4,118228.0,29290768.0,,,,,,,338312.0,98653.0,6412.88,3550000.0,14618.0,4015422.0,240925.0,16481.0,275.0,9034200.0,2359064.0,261.0,572091.0,1066506.0,1864.0,2073395.0,31663.0,15.0,4777200.0,359903.0,75.0,30430400.0,660437.0,22.0,714699.0,1254659.0,1755.5,33034.0,1273243.0,38543.4,1532141.0,2220328.15,1449.2,75547848.0,210962.0,,2098147.0,69274.0,1961482.24,28314.7,12613226.0,25303037.0,2006.1,,93875.11,10000.0,108800.0
36,Australia,2014,4078041.0,8646321.0,2120.2,116124.0,29103000.0,,,,,,,311460.0,97500.0,6465.81,3570000.0,15332.0,3861441.0,231686.0,15111.0,252.0,9896168.0,2595149.0,262.0,579881.0,1103069.0,1902.0,2128742.0,32913.0,15.0,4771375.0,362192.0,76.0,32194500.0,720600.0,22.0,854417.0,1198006.0,1402.1,29505.0,1171259.0,39697.0,1553464.0,2082093.67,1340.3,72612000.0,233835.0,,2308000.0,71731.0,1754156.44,24454.6,12383673.0,23742560.0,1917.2,,92189.01,9800.0,100000.0
36,Australia,2015,4107648.0,8992274.0,2189.2,118583.0,27412872.0,,,,,,,344142.0,88658.0,6419.89,3600000.0,17500.0,3821307.0,229278.0,13102.0,218.0,10103100.0,2661640.0,263.0,590623.0,1115543.0,1889.0,2130000.0,32285.0,15.0,4923863.0,371163.0,75.0,31888500.0,721053.0,23.0,821498.0,1299680.0,1582.1,29414.0,1154503.0,39250.1,1994279.0,2397380.99,1202.1,70909812.0,242267.0,,2272164.0,69555.0,1882161.96,27060.0,11282202.0,22274514.0,1974.3,,102569.92,8348.63,96840.0
36,Australia,2016,4834102.0,13505990.0,2793.9,118624.0,24971349.0,,,,,,,344257.0,90052.0,6902.95,3650000.0,15628.0,3944362.0,236662.0,15143.0,252.0,8796400.0,2315994.0,263.0,623277.0,1191322.0,1911.0,2157543.0,33330.0,15.0,4999600.0,377643.0,76.0,31257900.0,712525.0,23.0,1027872.0,2265503.3,2204.1,27968.0,1130175.0,40409.6,2614322.0,4475025.94,1711.7,67543092.0,255792.0,,2294245.0,70600.0,1876713.99,26582.2,12191153.0,31818743.54,2610.0,,101383.91,13200.0,66125.0
36,Australia,2017,4124158.0,9253852.0,2243.8,99941.0,26175521.0,,,,,,,336742.0,95012.0,6202.58,3600000.0,16029.0,4126317.0,247579.0,15446.0,257.0,7423300.0,2068616.0,279.0,652680.0,1229505.0,1884.0,2087349.0,33000.0,16.0,5159800.0,397139.0,77.0,28896900.0,669604.0,23.0,874136.0,1227837.0,1404.6,28372.0,1105194.17,38953.4,2694142.0,3264796.2,1211.8,72125334.0,222109.0,,2485699.0,74499.0,1898169.19,25479.2,10919180.0,20941134.0,1917.8,,99735.78,19244.23,63242.0
36,Australia,2018,4436588.0,8818946.12,1987.8,93000.0,26395734.0,,,,,,,377000.0,99784.0,6170.63,3760717.0,16128.0,4315471.0,258928.0,16055.0,268.0,8341100.0,2308547.0,277.0,635865.0,1212549.0,1907.0,1649668.0,23388.0,14.0,5422200.0,423400.0,78.0,32245893.0,736557.0,23.0,938129.0,1134618.64,1209.4,29740.0,1188655.0,39968.2,2074626.0,2204660.37,1062.7,70067316.0,201426.0,,2534030.0,73063.0,1918212.25,26254.1,10402271.0,17597560.79,1691.7,,102284.79,17916.13,82499.0
36,Australia,2019,5040903.0,10127175.29,2009.0,73300.0,24723458.0,,,,,,,381000.0,111924.0,6516.02,3919258.0,16335.0,4258778.0,255527.0,15643.0,261.0,9047200.0,2431810.0,269.0,652754.0,1226601.0,1879.0,1541608.0,22381.0,15.0,5143700.0,397900.0,77.0,30968583.0,731281.0,24.0,815954.0,1142934.47,1400.7,32413.0,1225273.58,37802.2,1930069.0,1927205.94,998.5,65755408.0,192373.0,,2319033.0,71919.0,1883245.63,26185.5,9863184.0,14480217.44,1468.1,,96647.07,21056.08,47534.0
36,Australia,2020,5491009.0,14648580.55,2667.7,73168.0,23503238.0,,,,,,,371131.0,100894.0,6507.44,3300000.0,16072.0,4308835.0,241294.76,15013.0,268.0,7558900.0,2125135.0,281.0,658261.0,1270768.0,1930.0,1158014.0,15521.0,13.0,5328800.0,418900.0,79.0,26563849.0,657790.0,25.0,1069891.0,1897989.62,1774.0,27057.0,1076780.11,39797.1,2322276.0,3303330.07,1422.5,63529366.0,160180.0,,2258046.0,66281.0,1766868.77,26657.2,12643216.0,31922554.7,2524.9,,96643.81,18645.17,44636.0
36,Australia,2021,5094527.0,14377284.33,2822.1,81704.0,24431174.0,,,,,,,366201.0,111189.0,6646.97,3400000.0,16809.0,4806025.0,269137.41,16012.0,286.0,6303200.0,1893742.0,300.0,677632.0,1337317.0,1974.0,1267260.0,21463.0,17.0,5568400.0,443200.0,80.0,26594500.0,662973.0,25.0,842394.0,1734873.71,2059.5,36119.0,1458991.0,40393.6,2394813.0,4363155.63,1821.9,68047402.0,153741.0,,2577597.0,83591.0,2223100.0,26594.9,12728252.0,36237477.23,2847.0,,108383.53,19785.49,52458.0
36,Australia,2022,3807695.0,13491375.0,3543.2,73018.0,24398826.0,,,,,,,426462.0,109397.0,6928.93,3800000.0,16585.0,4035547.0,225990.63,13626.0,243.0,6114700.0,1889171.0,309.0,700824.0,1364171.0,1947.0,1727286.0,29210.0,17.0,5436900.0,436300.0,80.0,28135300.0,709932.0,25.0,569082.0,959829.0,1686.6,35939.0,1462066.0,40682.1,2465299.0,5124622.72,2078.7,70234655.0,150473.0,,2552808.0,77976.0,2106792.0,27018.6,12925286.0,41199486.0,3187.5,,126179.83,16185.24,42150.0
36,Australia,2023,4001070.0,10961886.0,2739.7,64871.0,29878186.0,,,,,,,374812.0,108222.0,6033.83,4135125.0,16490.0,4285900.0,240010.4,14555.0,260.0,7394100.0,2234836.0,302.0,724648.0,1413189.0,1950.0,2448475.0,37942.0,15.0,5801900.0,466786.0,80.0,34679900.0,846568.0,24.0,541563.0,737119.0,1361.1,36063.0,1462975.0,40567.2,2388215.0,4045897.71,1694.1,72062539.0,143406.0,,2466890.0,76724.0,1983154.0,25848.0,10506997.0,28028429.0,2667.6,,110927.28,14094.39,29517.0
40,Austria,2000,223762.0,854667.0,3819.5,37129.0,2152811.0,3155.0,5560.14,1762.6,1275.0,1330.0,18018.0,123912.0,13798.0,58455.0,57993.0,5215.0,1434216.0,86053.0,16501.0,275.0,671462.0,203489.0,303.0,62829.0,87052.0,1386.0,65675.0,799.0,12.0,5303067.0,505385.0,95.0,340200.0,7497.0,22.0,32981.0,117571.0,3564.8,23737.0,694609.0,29262.7,44803.0,105063.75,2345.0,352277.0,13311.0,,3433029.0,12997.0,499489.03,38431.1,293806.0,1312962.0,4468.8,,1751.9,14342.0,3056.0
40,Austria,2001,217473.0,1012407.0,4655.3,36936.0,2155447.0,2997.0,12804.57,4272.7,1350.0,1368.0,21039.0,138005.0,11077.0,58030.0,56105.0,5220.0,1435440.0,86126.0,16499.0,275.0,719232.0,215240.0,299.0,62026.0,87722.0,1414.0,62254.0,771.0,12.0,5163628.0,488675.0,95.0,315243.0,7227.0,23.0,31449.0,128253.0,4078.1,23123.0,694602.0,30039.4,42276.0,121716.04,2879.1,339238.0,8076.0,,3347931.0,13188.0,534100.5,40500.1,287777.0,1508283.0,5241.2,,6041.64,13934.0,1182.0
40,Austria,2002,200948.0,861391.0,4286.6,33291.0,2118454.0,4758.0,19139.08,4022.2,1350.0,1254.0,24032.0,140820.0,11905.0,59569.0,59452.0,5333.0,1466457.0,87987.0,16499.0,275.0,707274.0,211855.0,300.0,61004.0,87305.0,1431.0,57723.0,674.0,12.0,5401169.0,512129.0,95.0,302076.0,6980.0,23.0,32103.0,116943.0,3642.7,22523.0,684321.0,30383.2,46087.0,107415.94,2330.7,320467.0,9166.0,,3440405.0,13220.0,554626.24,41954.2,288764.0,1434208.07,4966.7,,12540.0,13525.0,1232.0
40,Austria,2003,212308.0,882322.0,4155.9,33185.0,2066942.0,6683.0,26159.9,3914.4,1200.0,1159.0,29941.0,151416.0,12431.0,60066.0,57842.0,5159.0,1418826.0,85130.0,16501.0,275.0,684951.0,207737.0,303.0,61608.0,88404.0,1435.0,63913.0,705.0,11.0,5422737.0,517569.0,95.0,300587.0,6985.0,23.0,34387.0,128533.0,3737.8,21122.0,560340.0,26528.7,47329.0,106134.0,2242.5,304364.0,7956.0,,3304650.0,13326.0,502630.0,37718.6,272001.0,1191380.0,4380.1,,13794.0,13117.0,1409.0
40,Austria,2004,191333.0,1006742.37,5261.7,32937.0,2052033.0,7345.0,30642.75,4171.8,1248.9,1122.33,31900.0,144404.0,12354.0,61361.0,54607.0,5275.0,1450656.0,87040.0,16500.0,275.0,674070.0,206103.0,306.0,62703.0,88820.0,1417.0,44681.0,555.0,12.0,5397670.0,514653.0,95.0,298493.0,6585.0,22.0,30284.0,138831.0,4584.3,21924.0,693054.0,31611.7,44525.0,134834.0,3028.3,325495.0,6090.0,,3244866.0,13549.0,553526.1,40853.2,290174.0,1718825.23,5923.4,,13794.0,12708.0,6000.0
40,Austria,2005,191740.0,879628.0,4587.6,31208.0,2050991.0,6903.0,28774.98,4168.7,1433.25,1102.57,33200.0,148669.0,12700.0,61170.0,55523.0,5450.0,1487850.0,89271.0,16380.0,273.0,654238.0,204468.0,313.0,62961.0,89208.0,1417.0,50564.0,651.0,13.0,5324184.0,510085.0,96.0,295061.0,6605.0,22.0,30218.0,128432.0,4250.2,22186.0,763165.0,34398.5,42908.0,107479.0,2504.9,327163.0,7459.0,,3125361.0,12765.0,511109.5,40040.2,288960.0,1453072.0,5028.6,,13794.0,12300.0,7500.0
40,Austria,2006,206443.0,914052.0,4427.6,33059.0,2010680.0,7256.0,28126.7,3876.4,1372.65,1137.72,31997.0,150289.0,15000.0,66168.0,55100.0,5552.0,1510210.0,90613.0,16321.0,272.0,682763.0,216478.0,317.0,60305.0,85059.0,1410.0,41625.0,581.0,14.0,5361710.0,513971.0,96.0,310092.0,7222.0,23.0,35151.0,131176.0,3731.8,21920.0,654621.0,29864.1,40950.0,110161.0,2690.1,325728.0,4729.0,,3169541.0,13783.0,528356.1,38332.9,284577.0,1396300.0,4906.6,,16302.0,12300.0,3000.0
40,Austria,2007,193331.0,810980.0,4194.8,34667.0,2002919.0,8913.0,36561.06,4102.1,1806.45,1146.08,28306.0,153539.0,13570.0,65254.0,53108.0,5819.0,1582733.0,94964.0,16320.0,272.0,675374.0,217784.0,322.0,67490.0,95221.0,1411.0,40608.0,561.0,14.0,5584756.0,535904.0,96.0,246637.0,5693.0,23.0,31125.0,98948.0,3179.1,22675.0,668755.0,29493.1,35896.0,74238.0,2068.1,312375.0,2803.0,,3139438.0,15086.0,549155.32,36401.9,292976.0,1399341.0,4776.3,,18810.0,12400.0,3000.0
40,Austria,2008,185857.0,967921.0,5207.9,33517.0,2000196.0,11096.0,45442.26,4095.5,1862.7,1043.29,29000.0,152500.0,13770.0,64695.0,60487.0,5905.0,1600151.0,96009.0,16259.0,271.0,690974.0,224231.0,325.0,68465.0,97095.0,1418.0,45036.0,583.0,13.0,5556508.0,532946.0,96.0,318921.0,7257.0,23.0,26571.0,108054.0,4066.6,22800.0,756945.0,33199.3,28693.0,59042.0,2057.7,351329.0,3348.0,,3286292.0,15893.0,574781.92,36165.0,296775.0,1689688.0,5693.5,,26961.0,11700.0,3000.0
40,Austria,2009,181525.0,835107.0,4600.5,33518.0,1997209.0,12607.0,50779.16,4027.8,1967.25,1057.16,32099.0,151249.0,14400.0,63529.0,62490.0,5560.0,1506735.0,91911.0,16531.0,271.0,699783.0,226294.0,323.0,71344.0,100137.0,1404.0,41276.0,558.0,14.0,5597387.0,540299.0,97.0,290088.0,6546.0,23.0,27600.0,109411.0,3964.2,22222.0,722098.0,32494.7,21590.0,48888.0,2264.4,333181.0,6000.0,,3064231.0,15329.0,595425.0,38843.0,309034.0,1523368.0,4929.5,,30723.0,11000.0,3000.0
40,Austria,2010,168891.0,777961.0,4606.3,32330.0,2026260.0,21099.0,88124.83,4176.7,830.0,620.0,33330.0,147280.0,15650.0,61640.0,68188.0,5724.0,1551333.0,94631.0,16532.0,271.0,702333.0,226677.0,323.0,77464.0,107195.0,1384.0,45159.0,616.0,14.0,5632643.0,545818.0,97.0,265568.0,6120.0,23.0,26576.0,97888.55,3683.3,21973.0,671722.0,30570.3,24399.0,57392.34,2352.2,344709.0,6780.0,,3136967.0,15098.0,590420.0,39104.8,302852.0,1517805.0,5011.7,89760.0,20020.0,11000.0,270.0
40,Austria,2011,153286.0,859375.0,5606.4,33850.0,2013281.0,10062.0,42526.8,4226.3,850.0,570.0,34550.0,152470.0,16000.0,63250.0,71768.0,6211.0,1683244.0,102678.0,16532.0,271.0,688489.0,222168.0,323.0,80140.0,112345.0,1402.0,53930.0,686.0,13.0,5601002.0,544166.0,97.0,287790.0,6649.0,23.0,25029.0,109807.0,4387.2,22851.0,816070.0,35712.7,22722.0,65682.0,2890.7,358415.0,5760.0,,3134156.0,16147.0,704576.0,43635.1,304334.0,1781837.0,5854.9,88930.0,19860.0,12000.0,250.0
40,Austria,2012,150576.0,662466.0,4399.5,34470.0,1976527.0,10332.0,42659.42,4128.8,950.0,650.0,35311.0,158210.0,15500.0,62760.0,72358.0,6414.0,1738226.0,106901.0,16667.0,271.0,679772.0,222156.0,327.0,77600.0,108794.0,1402.0,58133.0,757.0,13.0,5432959.0,530263.0,98.0,289533.0,6604.0,23.0,24815.0,93491.38,3767.6,21782.0,665416.0,30549.1,22096.0,41246.33,1866.7,361183.0,5020.0,,3004907.0,14984.0,616408.0,41137.7,308179.0,1275498.0,4138.8,74520.0,20710.0,9640.0,310.0
40,Austria,2013,142574.0,734050.59,5148.6,33580.0,1955618.0,12082.0,49403.37,4089.0,910.0,1010.0,38276.0,155710.0,16300.0,70210.0,73212.0,6438.0,1744583.0,107292.0,16665.0,271.0,692369.0,228913.0,331.0,77031.0,109176.0,1417.0,54390.0,710.0,13.0,5431798.0,529284.0,97.0,285823.0,7228.0,25.0,23165.0,86936.35,3752.9,21128.0,604050.78,28589.7,17805.0,41391.42,2324.8,364645.0,4310.0,,2983158.0,15617.0,595544.13,38134.1,297286.0,1597706.42,5374.3,128140.0,37090.0,11000.0,500.0
40,Austria,2014,145825.0,845704.92,5799.4,32780.0,1958282.0,13083.0,51430.52,3931.0,1040.0,930.0,40000.0,170340.0,16500.0,70110.0,72068.0,6487.0,1784046.0,109719.0,16914.0,275.0,675905.0,223193.0,330.0,80409.0,113966.0,1417.0,55894.0,689.0,12.0,5409578.0,527442.0,98.0,282625.0,7132.0,25.0,23297.0,105906.55,4546.0,21384.0,750637.43,35102.0,19758.0,50913.55,2576.9,357440.0,8810.0,,2895841.0,15910.0,689686.5,43350.0,304645.0,1804018.24,5921.7,168610.0,22770.0,8120.0,1390.0
40,Austria,2015,151769.0,840433.0,5537.6,33270.0,1961201.0,14364.0,54563.0,3798.6,1140.0,520.0,42000.0,183010.0,16465.0,73260.0,70705.0,6582.0,1809977.0,111314.0,16912.0,275.0,695174.0,229648.0,330.0,82100.0,116600.0,1420.0,49981.0,647.0,13.0,5414234.0,529118.0,98.0,264304.0,6153.0,23.0,23501.0,96254.56,4095.7,20368.0,536472.82,26339.0,23573.0,54865.93,2327.5,349087.0,9610.0,,2868191.0,15651.0,560726.3,35827.5,302965.0,1725736.81,5696.2,136500.0,26420.0,8980.0,1320.0
40,Austria,2016,140425.0,859701.77,6122.1,33860.0,1957610.0,13786.0,47311.0,3431.8,1100.0,650.0,40000.0,193100.0,16745.0,75380.0,76620.0,7156.0,1975072.0,121467.0,16974.0,276.0,686525.0,228335.0,333.0,88200.0,125900.0,1427.0,56832.0,712.0,13.0,5227573.0,514892.0,98.0,269290.0,6267.0,23.0,22512.0,94828.51,4212.4,21221.0,767261.12,36155.7,24792.0,59642.18,2405.7,353710.0,7730.0,,2845451.0,17315.0,616604.56,35611.3,315088.0,1970363.6,6253.4,180260.0,25180.0,7730.0,4400.0
40,Austria,2017,138903.0,782029.0,5630.0,36050.0,1954391.0,13971.0,43535.0,3116.1,1150.0,710.0,42000.0,199740.0,16736.0,74290.0,82735.0,7348.0,2028090.0,124728.0,16974.0,276.0,678258.0,226859.0,334.0,88700.0,127200.0,1434.0,44258.0,552.0,12.0,5152595.0,508494.0,99.0,244676.0,6011.0,25.0,23245.0,76672.0,3298.4,22991.0,653400.0,28419.8,22859.0,50137.0,2193.3,378381.0,6820.0,,2792803.0,17756.0,598988.0,33734.4,295029.0,1437143.0,4871.2,187230.0,31210.0,7410.0,1960.0
40,Austria,2018,139270.0,691030.0,4961.8,36350.0,1912810.0,8070.0,23450.0,2905.8,1740.0,780.0,41000.0,199850.0,,73630.0,91540.0,7456.0,2057822.0,127585.0,17112.0,276.0,694230.0,233460.0,336.0,85694.0,109590.0,1279.0,52940.0,660.0,12.0,5151940.0,509520.0,99.0,294900.0,6670.0,23.0,21450.0,74280.0,3462.9,23760.0,697930.0,29374.2,20630.0,45290.0,2195.3,406340.0,6600.0,,2776570.0,16720.0,525500.0,31429.4,294290.0,1367060.0,4645.3,134880.0,24300.0,10422.88,3557.95
40,Austria,2019,137240.0,828130.0,6034.2,35860.0,1879520.0,7720.0,22550.0,2921.0,1450.0,710.0,40000.0,203280.0,,76520.0,92500.0,7559.0,2086412.0,129358.0,17113.0,276.0,680530.0,229610.0,337.0,90702.0,115510.0,1274.0,67600.0,840.0,12.0,5085870.0,502030.0,99.0,310000.0,7020.0,23.0,20600.0,77350.0,3754.9,23970.0,751260.0,31341.7,17670.0,38800.0,2195.8,402660.0,6320.0,,2773230.0,17030.0,567260.0,33309.5,278340.0,1596880.0,5737.2,187230.0,23830.0,10123.98,3089.0
40,Austria,2020,134800.0,864860.0,6415.9,37910.0,1855430.0,10670.0,29800.0,2792.9,1430.0,760.0,40000.0,204120.0,16857.0,75980.0,92760.0,7390.0,,134271.0,18170.0,,644650.0,218360.0,339.0,97991.0,125000.0,1276.0,53300.0,660.0,12.0,5068160.0,503170.0,99.0,293000.0,6550.0,22.0,20140.0,83970.0,4169.3,24260.0,885890.0,36516.5,18650.0,42800.0,2294.9,393760.0,10424.0,2884.02,2806460.0,16010.0,588640.0,36767.0,279020.0,1652740.0,5923.4,193660.0,24840.0,10167.34,1868.0
40,Austria,2021,123620.0,742530.0,6006.6,36170.0,1870100.0,10050.0,27060.0,2692.5,1090.0,1280.0,40000.0,213160.0,,80550.0,100600.0,,,138718.0,,,644160.0,213740.0,332.0,100313.0,129390.0,1290.0,54000.0,670.0,12.0,5124280.0,502120.0,98.0,302000.0,6750.0,22.0,24360.0,89440.0,3671.6,22560.0,769690.0,34117.5,19960.0,44880.0,2248.5,402350.0,6978.0,3237.97,2785590.0,16300.0,611680.0,37526.4,279860.0,1547600.0,5529.9,58240.0,23690.0,10202.25,1647.0
40,Austria,2022,122550.0,767120.0,6259.6,33890.0,1861070.0,7930.0,19290.0,2432.5,1250.0,920.0,40000.0,220400.0,,75570.0,99020.0,7200.0,2200000.0,143018.0,19864.0,306.0,638990.0,210120.0,329.0,,128404.0,,68340.0,640.0,9.0,4905000.0,477660.0,97.0,321800.0,6490.0,20.0,20280.0,85200.0,4201.2,21440.0,686220.0,32006.5,18940.0,44240.0,2335.8,400660.0,6430.0,5610.01,2650150.0,16200.0,612640.0,37817.3,295510.0,1712530.0,5795.2,58240.0,23690.0,10249.13,2110.0
40,Austria,2023,122710.0,772120.0,6292.2,33820.0,1835470.0,7760.0,19440.0,2505.2,1180.0,790.0,40000.0,225620.0,17804.0,78470.0,96940.0,7136.0,,140736.0,19723.0,,620490.0,204580.0,330.0,,127924.0,,80220.0,790.0,10.0,4655070.0,454260.0,98.0,332130.0,6800.0,20.0,17620.0,60380.0,3426.8,20620.0,594040.0,28808.9,21130.0,45900.0,2172.3,391870.0,5150.0,7416.99,2516460.0,16610.0,589370.0,35482.8,281980.0,1744820.0,6187.7,44800.0,23040.0,10433.49,2020.0
56,Belgium,2000,48500.0,333400.0,6874.2,125173.0,3041560.0,,,,,,14800.0,45900.0,39729.0,94612.0,16248.0,15232.0,3407000.0,194200.0,12749.0,224.0,832926.0,275360.0,331.0,276000.0,400360.0,1451.0,2755.0,56.0,20.0,11115700.0,1042320.0,94.0,218000.0,4490.0,21.0,5300.0,28900.0,5452.8,65800.0,2921900.0,44405.8,2100.0,8300.0,3952.4,125639.0,83830.0,,7368540.0,54463.0,1587803.0,29153.7,213100.0,1687700.0,7919.8,,3500.0,40300.0,67309.0
56,Belgium,2001,51500.0,368700.0,7159.2,102403.0,3037760.0,,,,,,15800.0,47000.0,38529.0,96862.0,20760.0,14273.0,3729394.0,212550.0,14892.0,261.0,873268.0,285250.0,327.0,262000.0,406172.0,1550.0,2153.0,42.0,20.0,11280200.0,1062400.0,94.0,234000.0,5200.0,22.0,6800.0,34000.0,5000.0,62200.0,2564300.0,41226.7,2000.0,7900.0,3950.0,156132.0,70080.0,,6833720.0,57148.0,1633080.0,28576.6,181100.0,1457400.0,8047.5,,3500.0,44000.0,83520.0
56,Belgium,2002,45400.0,342700.0,7548.5,102991.0,2891260.0,,,,,,15700.0,45000.0,37928.0,100993.0,25015.0,14078.0,3444006.0,196300.0,13944.0,245.0,932473.0,305388.0,328.0,296200.0,459076.0,1550.0,2387.0,37.0,16.0,11109700.0,1040710.0,94.0,161200.0,3200.0,20.0,6500.0,36000.0,5538.5,61700.0,2909000.0,47147.5,1800.0,6700.0,3722.2,146426.0,98220.0,,6735420.0,58094.0,1699180.0,29248.9,202400.0,1675000.0,8275.7,,3500.0,45900.0,74460.0
56,Belgium,2003,40806.0,270857.0,6637.7,115849.0,2778077.0,,,,,,16200.0,43000.0,32032.0,103767.0,26237.0,12966.0,3408645.0,194300.0,14985.0,263.0,853641.0,275170.0,322.0,274000.0,423590.0,1546.0,2428.0,45.0,19.0,11210358.0,1026472.0,92.0,170000.0,3125.0,18.0,7023.0,42097.0,5994.2,59299.0,2522095.0,42531.8,2349.0,11036.0,4698.2,146030.0,96750.0,,6538609.0,61164.0,1807803.0,29556.6,191216.0,1640364.0,8578.6,,3500.0,45000.0,72110.0
56,Belgium,2004,38728.0,304777.0,7869.7,119600.0,2738648.0,,,,,,19000.0,43900.0,36506.0,107195.0,25478.0,13445.0,3633563.0,207100.0,15403.0,270.0,842585.0,280931.0,333.0,302000.0,468000.0,1550.0,2412.0,48.0,20.0,11117162.0,1054010.0,95.0,178440.0,3500.0,20.0,5688.0,31273.0,5498.1,66734.0,3229622.0,48395.5,2287.0,8773.0,3836.0,150650.0,83560.0,,6355333.0,59303.0,1887776.86,31832.8,213035.0,1913177.0,8980.6,,3500.0,45700.0,74510.0
56,Belgium,2005,39965.0,301647.0,7547.8,112615.0,2698649.0,,,,,,17000.0,44000.0,35569.0,127658.0,26209.0,13215.0,3154559.0,179810.0,13607.0,239.0,823231.0,267156.0,325.0,285000.0,450000.0,1579.0,1376.0,29.0,21.0,10903428.0,1012934.0,93.0,160570.0,3315.0,21.0,5675.0,29194.0,5144.3,64953.0,2780865.0,42813.5,2188.0,7278.0,3326.3,152384.0,86340.0,,6318213.0,60911.0,1842083.41,30242.4,213748.0,1768410.0,8273.3,,3500.0,40100.0,80000.0
56,Belgium,2006,49008.0,367348.0,7495.7,106215.0,2669076.0,,,,,,18000.0,47000.0,32867.0,137111.0,27985.0,12397.0,3059609.0,194000.0,15649.0,247.0,819494.0,286979.0,350.0,303000.0,484000.0,1597.0,1281.0,26.0,20.0,10740792.0,1000928.0,93.0,68207.0,1378.0,20.0,5303.0,26654.0,5026.2,67267.0,2592820.0,38545.2,1706.0,5883.0,3448.4,153976.0,76220.0,,6294904.0,60829.0,1861902.19,30609.0,201330.0,1661958.0,8254.9,,500.0,36100.0,71000.0
56,Belgium,2007,48598.0,374454.0,7705.1,104063.0,2649392.0,,,,,,19000.0,49000.0,32750.0,136383.0,28870.0,11906.0,2747406.0,174200.0,14631.0,231.0,815229.0,287977.0,353.0,268731.0,447950.0,1667.0,1278.0,21.0,16.0,11223025.0,1061045.0,95.0,67341.0,1340.0,20.0,5113.0,24455.0,4782.9,67942.0,3189817.0,46949.1,1421.0,5368.0,3777.6,150532.0,87789.0,,6255404.0,61237.0,1916267.71,31292.8,199897.0,1577342.0,7890.8,,3500.0,36500.0,71000.0
56,Belgium,2008,54794.0,328768.0,6000.1,89699.0,2605532.0,,,,,,19019.0,48900.0,32493.0,136882.0,30866.0,11493.0,2561700.0,161400.0,14043.0,223.0,812541.0,285037.0,351.0,273022.0,328738.0,1204.0,2174.0,45.0,21.0,11157415.0,1056169.0,95.0,63170.0,1203.0,19.0,5150.0,30759.0,5972.6,63884.0,2943205.0,46071.1,1185.0,5358.0,4521.5,132405.0,71965.0,,6282465.0,60491.0,1910700.0,31586.4,211270.0,1850406.0,8758.5,,3500.0,42437.0,93850.0
56,Belgium,2009,53933.0,452528.0,8390.6,96035.0,2600453.0,,,,,,19264.0,49500.0,33240.0,139250.0,31668.0,11828.0,2422100.0,152590.0,12901.0,205.0,789986.0,261801.0,331.0,289243.0,352451.0,1219.0,1349.0,27.0,20.0,11161285.0,1082036.0,97.0,35571.0,717.0,20.0,5612.0,34788.0,6198.9,73724.0,3296077.0,44708.3,1460.0,8177.0,5600.7,126219.0,93880.0,900.0,6321055.0,61042.0,1997437.73,32722.5,201768.0,1909768.0,9465.2,,3500.0,45454.0,67540.0
56,Belgium,2010,40828.0,373400.0,9145.7,81930.0,2593000.0,,,,3420.0,,20630.0,71930.0,34375.0,160270.0,22000.0,11595.0,2681098.0,168909.0,14567.0,231.0,835198.0,281634.0,337.0,307950.0,396065.0,1286.0,7951.0,78.0,10.0,11900000.0,1123769.0,94.0,143056.0,2637.0,18.0,4876.0,24830.0,5092.3,81760.0,3455800.0,42267.6,1900.0,8100.0,4263.2,120000.0,76470.0,450.0,6430000.0,60952.0,2000570.59,32822.0,209532.0,1849584.0,8827.2,,3500.0,20540.0,64110.0
56,Belgium,2011,44139.0,339658.0,7695.2,59770.0,2560319.0,,,,3240.0,10.0,21640.0,77440.0,35376.0,174380.0,35530.0,12292.0,2694083.0,169727.0,13808.0,219.0,857196.0,272282.0,318.0,304487.0,394007.0,1294.0,6683.0,54.0,8.0,11764956.0,1108255.0,94.0,126827.0,2384.0,19.0,3516.0,17699.0,5034.2,82341.0,4128669.0,50141.2,1580.0,6653.67,4212.3,113995.0,100020.0,6750.0,6521447.0,61807.0,1981727.71,32063.1,200813.0,1687749.0,8404.6,,3500.0,35100.0,49910.0
56,Belgium,2012,45900.0,359100.0,7823.5,58970.0,2484272.0,,,,3240.0,,20690.0,75090.0,35618.0,178300.0,35955.0,11984.0,2436752.0,153515.0,12810.0,203.0,822565.0,262280.0,319.0,308010.0,401745.0,1304.0,7527.0,89.0,12.0,11695145.0,1109610.0,95.0,115874.0,2074.0,18.0,2800.0,15800.0,5642.9,64500.0,2929800.0,45423.3,1201.0,5069.75,4219.5,119260.0,100620.0,7200.0,6633613.0,61822.0,2003774.73,32411.9,217060.0,1834624.0,8452.2,,3500.0,46700.0,46250.0
56,Belgium,2013,46319.0,385614.0,8325.2,36310.0,2454704.0,,,,3400.0,,21530.0,76030.0,36219.0,200530.0,40473.0,11115.0,2754480.0,173530.0,15612.0,248.0,806179.0,249973.0,310.0,290476.0,379933.0,1308.0,6665.0,111.0,17.0,11915000.0,1130572.0,95.0,121085.0,2295.0,19.0,3756.0,20583.0,5480.0,75400.0,3428000.0,45464.2,1033.0,4249.67,4113.4,114407.0,105650.0,7073.72,6592978.0,61162.0,2074064.2,33911.0,201854.0,1803550.0,8934.9,,3500.0,30500.0,49110.0
56,Belgium,2014,47200.0,399970.0,8473.9,44590.0,2477236.0,,,,4160.0,0.0,23430.0,80630.0,33700.0,221450.0,38000.0,11894.0,2410588.0,151867.0,12768.0,203.0,835331.0,257670.0,308.0,293639.0,424997.0,1447.0,6320.0,125.0,20.0,11855070.0,1118330.0,94.0,122720.0,2440.0,20.0,3100.0,21600.0,6967.7,81121.0,4380556.0,54000.3,1329.0,5846.27,4400.0,112000.0,138320.0,7126.81,6350180.0,61741.0,2089693.35,33846.2,211900.0,1994600.0,9412.9,1110.0,3500.0,72950.0,50260.0
56,Belgium,2015,48334.0,434140.0,8982.1,48960.0,2503262.0,,,,5100.0,2210.0,33609.69,95740.0,37739.0,224410.0,43602.0,13348.0,2349604.0,148025.0,11090.0,176.0,872548.0,267877.0,307.0,302961.0,444954.0,1469.0,11656.0,194.0,17.0,11886693.0,1124310.0,95.0,128113.0,2523.0,20.0,3937.0,29406.0,7469.1,78640.0,3689994.0,46922.6,1415.0,7138.26,5046.2,100676.0,151970.0,7504.64,6364164.0,50198.0,1529210.0,30463.6,201628.0,2019347.0,10015.2,,40.0,49690.79,39100.0
56,Belgium,2016,55404.0,345559.0,6237.1,58170.0,2501349.0,,,,5810.0,90.0,34068.02,104340.0,42553.0,235830.0,50801.0,14848.0,2453939.0,154598.0,10412.0,165.0,911370.0,278362.0,305.0,305770.0,453493.0,1483.0,12801.0,220.0,17.0,11181334.0,1060541.0,95.0,141105.0,2800.0,20.0,3669.0,16403.0,4470.7,89164.0,3402787.0,38163.2,1745.0,6593.4,3779.5,86229.0,162150.0,11000.0,6176576.0,54786.0,1752544.0,31988.9,206284.0,1400074.0,6787.1,,270.0,41430.0,36100.0
56,Belgium,2017,45284.0,381128.0,8416.4,65020.0,2385988.0,,,,7970.0,190.0,39366.83,110820.0,40179.0,236980.0,45000.0,13274.0,2195471.0,138315.0,10420.0,165.0,920142.0,281536.0,306.0,300502.0,455364.0,1515.0,16042.0,284.0,18.0,10949769.0,1044561.0,95.0,139029.0,2950.0,21.0,4039.0,18428.0,4562.5,92855.0,4416665.0,47565.2,1731.0,6877.69,3973.6,91971.0,153600.0,16000.0,6108077.0,57749.0,1805035.0,31256.6,197592.0,1702721.0,8617.4,,711.7,29960.0,55270.0
56,Belgium,2018,42160.0,324120.0,7687.9,64680.0,2398090.0,3000.0,15140.0,5046.7,9560.0,250.0,21528.77,106980.0,47469.0,248310.0,,15142.0,1722753.0,,,114.0,888100.0,277310.0,312.0,304955.0,461610.0,1514.0,18140.0,390.0,21.0,11231310.0,1073190.0,96.0,131340.0,2740.0,21.0,3470.0,18560.0,5348.7,93330.0,3045440.0,32630.9,3820.0,17170.0,4494.8,,169840.0,20000.0,6209130.0,62190.0,1956910.0,31466.6,195690.0,1661860.0,8492.3,,3866.45,25910.0,53640.0
56,Belgium,2019,46760.0,401060.0,8577.0,112350.0,2373100.0,3260.0,18130.0,5561.3,9840.0,150.0,24695.33,104860.0,49127.0,255520.0,38590.0,15183.0,2019517.0,,,133.0,837890.0,263750.0,315.0,295393.0,440460.0,1491.0,18220.0,400.0,22.0,10720290.0,1038990.0,97.0,122380.0,2670.0,22.0,3860.0,20170.0,5225.4,98190.0,4027620.0,41018.6,4640.0,19320.0,4163.8,117320.0,162450.0,21500.0,6085100.0,63730.0,2125320.0,33348.8,203760.0,1902380.0,9336.4,,3674.58,29170.0,51470.0
56,Belgium,2020,43980.0,329470.0,7491.4,122830.0,2335440.0,4070.0,20130.0,4945.9,10080.0,120.0,25656.01,103660.0,53362.0,234270.0,,16167.0,2060707.0,,,127.0,782650.0,254510.0,325.0,297295.0,441300.0,1484.0,16300.0,320.0,20.0,11151060.0,1098800.0,99.0,122720.0,2650.0,22.0,3980.0,18240.0,4582.9,97340.0,3928910.0,40362.7,6000.0,25210.0,4201.7,,155000.0,24065.56,6218270.0,65160.0,2095600.0,32160.8,194660.0,1741480.0,8946.3,,3691.8,65090.0,67610.0
56,Belgium,2021,38250.0,300070.0,7845.0,109730.0,2310440.0,5080.0,21500.0,4232.3,7370.0,110.0,24557.03,109240.0,53188.0,257840.0,,16242.0,2040824.0,,,126.0,766940.0,247120.0,322.0,302558.0,447710.0,1480.0,22330.0,390.0,17.0,11585580.0,1140090.0,98.0,124610.0,2740.0,22.0,3610.0,16500.0,4570.6,89920.0,3871470.0,43054.6,6890.0,25420.0,3689.4,,154800.0,22000.0,6042150.0,66790.0,2404190.0,35996.3,209180.0,1629180.0,7788.4,,2091.38,77070.0,33790.0
56,Belgium,2022,46440.0,373000.0,8031.9,107890.0,2286110.0,750.0,3090.0,4120.0,9780.0,210.0,27761.62,109690.0,53283.0,263800.0,75360.0,16249.0,2216438.0,,,136.0,755080.0,238140.0,315.0,297794.0,442020.0,1484.0,23770.0,400.0,17.0,10521220.0,1032290.0,98.0,98850.0,2180.0,22.0,3400.0,17920.0,5270.6,91940.0,3577730.0,38913.7,11290.0,50130.0,4440.2,110120.0,197200.0,20000.0,5751180.0,61460.0,2122680.0,34537.6,204460.0,1851870.0,9057.4,,2200.33,57440.0,26979.0
56,Belgium,2023,48860.0,393780.0,8059.4,119860.0,2245710.0,850.0,2650.0,3117.6,10130.0,240.0,27623.12,123080.0,48754.0,274690.0,,16249.0,2621233.0,,,161.0,771100.0,240180.0,311.0,300829.0,421480.0,1401.0,34610.0,520.0,15.0,9361970.0,929820.0,99.0,80130.0,1770.0,22.0,2930.0,11440.0,3904.4,95700.0,4021930.0,42026.4,10980.0,47460.0,4322.4,,181930.0,26000.0,5380020.0,58230.0,2047090.0,35155.2,212610.0,1791170.0,8424.7,,2471.59,57270.0,40684.0
76,Brazil,2000,145507.0,282826.0,1943.7,71300.0,169875524.0,,,,,,3500.0,35000.0,842741.0,,9346813.0,220000.0,30189276.0,1720789.0,7822.0,137.0,31143800.0,6578800.0,211.0,3254200.0,5980600.0,1838.0,2550000.0,29300.0,11.0,35665200.0,2600000.0,73.0,4470000.0,71500.0,16.0,182010.0,214276.0,1177.3,151731.0,2606932.0,17181.3,4375191.0,3075739.0,703.0,14784958.0,,,31562112.0,329494.0,6470270.0,19637.0,1138687.0,1725792.0,1515.6,,,25000.0,256000.0
76,Brazil,2001,143005.0,297824.0,2082.6,75500.0,176388726.0,,,,,,3500.0,35000.0,882888.0,1500.0,9537439.0,225000.0,30782868.0,1754623.0,7798.0,137.0,33500000.0,6823600.0,204.0,3480700.0,6208000.0,1784.0,2575000.0,29600.0,11.0,35400000.0,2637000.0,74.0,4470000.0,71500.0,16.0,257531.0,342476.0,1329.8,153984.0,2848664.0,18499.7,3477326.0,2465932.0,709.1,14638925.0,,,32605112.0,328723.0,6480648.0,19714.6,1727492.0,3366599.0,1948.8,,,25000.0,345000.0
76,Brazil,2002,147397.0,244600.0,1659.5,77500.0,185348838.0,,,,,,3500.0,35500.0,884145.0,4500.0,9429122.0,230000.0,30950560.0,1764182.0,7670.0,135.0,34500000.0,7139000.0,207.0,3819000.0,7050000.0,1846.0,2650000.0,30500.0,12.0,37559600.0,2798000.0,74.0,4286000.0,68576.0,16.0,254663.0,298686.0,1172.9,161124.0,3126410.0,19403.8,4175445.0,3082315.0,738.2,14277061.0,,,31918749.0,342104.0,7239483.0,21161.6,2104900.0,3105660.0,1475.4,,,40000.0,355000.0
76,Brazil,2003,119224.0,345320.0,2896.4,79500.0,195551576.0,,,,,,3500.0,35500.0,921323.0,2000.0,9581653.0,233000.0,31423044.0,1791114.0,7687.0,135.0,35500000.0,7230000.0,204.0,3907100.0,7760000.0,1986.0,2553000.0,29400.0,12.0,38000000.0,3059000.0,81.0,4254500.0,68072.0,16.0,297083.0,435092.0,1464.5,151850.0,3089016.0,20342.5,4127786.0,3321365.0,804.6,14556484.0,,,32304904.0,342368.0,7311551.0,21355.8,2560230.0,6153500.0,2403.5,,,40000.0,390000.0
76,Brazil,2004,142144.0,397160.0,2794.1,81500.0,204512737.0,,,,,,3500.0,36500.0,944298.0,3200.0,10046888.0,235000.0,32318640.0,1842162.0,7839.0,138.0,36500000.0,7774000.0,213.0,4277800.0,8668000.0,2026.0,2553000.0,29400.0,12.0,38400000.0,3110000.0,81.0,4750000.0,76000.0,16.0,347126.0,459526.0,1323.8,142704.0,3047083.0,21352.5,4018796.0,2991743.0,744.4,15057838.0,,,33085300.0,327030.0,7058726.0,21584.3,2807224.0,5818846.0,2072.8,,,50000.0,420000.0
76,Brazil,2005,144511.0,326251.0,2257.6,83500.0,207156696.0,,,,,,3500.0,39000.0,999041.0,1900.0,10306722.0,240000.0,33498576.0,1909419.0,7956.0,140.0,39430000.0,6345810.0,161.0,4695900.0,7865780.0,1675.0,2553000.0,29400.0,12.0,30429000.0,2800000.0,92.0,4750000.0,76000.0,16.0,367921.0,522428.0,1419.9,142219.0,3130174.0,22009.5,3785169.0,3040496.0,803.3,15588041.0,,,34063936.0,329276.0,7026856.0,21340.3,2360696.0,4658790.0,1973.5,,,50000.0,440000.0
76,Brazil,2006,82177.0,202940.0,2469.5,85500.0,205886244.0,,,,,,3500.0,37800.0,1011516.0,5000.0,10401449.0,258900.0,35206812.0,2006788.0,7751.0,136.0,41225000.0,6886583.0,167.0,4576550.0,8164003.0,1784.0,2555000.0,29400.0,12.0,29265000.0,2830000.0,97.0,4812500.0,77000.0,16.0,323998.0,405657.0,1252.0,140826.0,3151721.0,22380.2,4072917.0,3476870.0,853.7,16019170.0,,,35173824.0,337693.0,7196339.0,21310.3,1560175.0,2484848.0,1592.7,,,50000.0,465000.0
76,Brazil,2007,100298.0,235577.0,2348.8,87500.0,199752014.0,,,,,,4200.0,37800.0,1127658.0,6200.0,9450312.0,260000.0,35583792.0,2028276.0,7801.0,137.0,42325000.0,7048995.0,167.0,5151990.0,8988035.0,1745.0,2560000.0,29440.0,12.0,33110000.0,2990000.0,90.0,4878600.0,78000.0,16.0,136955.0,237801.0,1736.3,147719.0,3550510.0,24035.6,3824803.0,3188931.0,833.8,16239455.0,,,35945016.0,343284.0,7300534.0,21266.7,1853224.0,4114057.0,2219.9,,,50000.0,505000.0
76,Brazil,2008,79270.0,236912.0,2988.7,88500.0,202306731.0,,,,,,4200.0,37800.0,1198704.0,6000.0,9355014.0,260000.0,36893364.0,2102922.0,8088.0,142.0,40438000.0,6621374.0,164.0,5465780.0,10215540.46,1869.0,2525000.0,29050.0,12.0,32700000.0,3015000.0,92.0,4950000.0,79300.0,16.0,117058.0,238516.0,2037.6,144916.0,3676938.0,25372.9,3825761.0,3485813.0,911.1,16630408.0,,,36819016.0,346304.0,7736435.0,22340.0,2363893.0,6027131.0,2549.7,,,52500.0,535000.0
76,Brazil,2009,77452.0,201249.0,2598.4,88300.0,205307954.0,,,,,,4270.0,39900.0,1230087.0,5600.0,9163560.0,276000.0,38437740.0,2190951.0,7938.0,139.0,39466000.0,6661633.0,169.0,5557000.0,9940350.0,1789.0,2474000.0,28450.0,11.0,33510000.0,3130000.0,93.0,5000000.0,80000.0,16.0,134040.0,252503.0,1883.8,138692.0,3443712.0,24829.9,4148307.0,3514330.0,847.2,16811720.0,,,38045456.0,373681.0,8559082.0,22904.8,2430253.0,5055525.0,2080.2,,,52500.0,473000.0
76,Brazil,2010,84118.0,278558.0,3311.5,92100.0,209541109.0,,,,,,4025.18,39928.98,1238913.0,6560.04,9312784.0,285000.0,38960592.0,2220754.0,7792.0,137.0,39400000.0,6977484.0,177.0,4988321.0,10692556.0,2144.0,2514000.0,28900.0,11.0,34290000.0,3195000.0,93.0,5150000.0,82400.0,16.0,173455.0,395056.0,2277.6,137044.0,3547510.0,25885.9,3453943.0,3172163.0,918.4,17380581.0,,,38956760.0,385771.0,8806495.71,22828.3,2181567.0,6171250.0,2828.8,,,55000.0,500000.0
76,Brazil,2011,88236.0,303872.0,3443.9,92600.0,212815311.0,,,,,,4096.01,41500.0,1268209.0,6687.68,9386316.0,290000.0,40730688.0,2321649.0,8006.0,140.0,39100000.0,6783537.0,173.0,5287702.0,11421730.0,2160.0,2534000.0,29150.0,12.0,34862000.0,3227000.0,93.0,5250000.0,84000.0,16.0,172127.0,373009.0,2167.1,149212.0,3917234.0,26252.8,3711832.0,3455947.0,931.1,17668063.0,,,39307336.0,380209.0,8956394.92,23556.5,2138916.0,5690043.0,2660.2,,,57500.0,515000.0
76,Brazil,2012,102749.0,265025.0,2579.3,93300.0,211279082.0,,,,,,4179.07,42000.0,1245269.0,6883.98,8646463.0,300000.0,41676000.0,2375532.0,7918.0,139.0,40205000.0,7351147.0,183.0,5243578.0,11534972.0,2200.0,2565000.0,29500.0,12.0,36005797.0,3149726.0,87.0,5312500.0,85000.0,16.0,208730.0,431024.0,2065.0,135970.0,3731798.0,27445.7,2732202.0,2804169.0,1026.3,16789492.0,,,38795902.0,359854.0,8400016.0,23342.8,1912711.0,4418388.0,2310.0,,,57500.0,531000.0
76,Brazil,2013,88321.0,330682.0,3744.1,96300.0,211764292.0,,,,,,4389.88,42300.0,1246638.0,7066.49,8779213.0,310000.0,43431000.0,2475567.0,7986.0,140.0,41590000.0,8166720.0,196.0,5393754.0,11964353.0,2218.0,2600000.0,29900.0,12.0,36286098.0,3117087.0,86.0,5366000.0,85900.0,16.0,227632.0,520397.0,2286.1,128056.0,3553772.0,27751.7,2838234.0,2903548.0,1023.0,17290519.0,,,36743593.0,354656.0,8728807.0,24612.0,2087395.0,5738473.0,2749.1,,,57750.0,549000.0
76,Brazil,2014,89451.0,251539.0,2812.0,103500.0,212366132.0,,,,,,11292.58,47569.81,1320749.0,7667.27,8851879.0,320000.0,44811084.0,2554232.0,7982.0,140.0,40385000.0,9723000.0,241.0,5496391.0,12504387.31,2275.0,2631000.0,30278.25,12.0,37130094.0,3192918.31,86.0,5367000.0,85905.13,16.0,238465.0,432136.0,1812.2,132058.0,3689836.0,27941.0,3209184.0,3305958.0,1030.2,17614454.0,,,37930307.0,360333.0,8959712.33,24865.1,2834945.0,6261895.0,2208.8,,,65331.12,612000.0
76,Brazil,2015,86409.0,186285.0,2155.9,105500.0,215220508.0,,,,,,11522.28,47895.1,1326453.0,8067.94,9620877.0,323000.0,45218796.0,2577471.0,7980.0,140.0,38365000.0,8063225.0,210.0,5796225.0,13149202.47,2269.0,2707220.0,31167.06,12.0,39263964.0,3430734.0,87.0,5645102.0,90342.03,16.0,296608.0,504957.0,1702.4,131931.0,3867681.0,29315.9,2885390.0,3095535.0,1072.8,18410551.0,,,39795222.0,370976.0,8777355.09,23660.1,2472628.0,5508451.0,2227.8,,,65580.04,617000.0
76,Brazil,2016,91055.0,379687.0,4169.9,107300.0,218190768.0,,,,,,11673.71,44434.22,1347626.0,7298.29,9817007.0,329000.0,46114752.0,2628541.0,7989.0,140.0,37595000.0,7358778.0,196.0,5860316.0,13234959.23,2258.0,2675263.0,30804.3,12.0,42319791.0,3711235.35,88.0,5690948.0,91070.01,16.0,330184.0,872830.0,2643.5,129842.0,3851396.0,29662.2,2605357.0,2628541.0,1008.9,18403947.0,,,40053184.0,363441.0,8901373.81,24491.9,2166170.0,6834421.0,3155.1,,,60844.18,550000.0
76,Brazil,2017,121562.0,302731.0,2490.3,108300.0,215003578.0,,,,,,11803.53,47299.43,1426659.0,7786.5,10257806.0,240892.0,50573856.0,2882709.79,11967.0,210.0,38723000.0,7681538.0,198.0,5842721.0,13607352.2,2329.0,2788927.0,32115.12,12.0,43185385.0,3824682.36,89.0,5728053.0,91662.52,16.0,371650.0,625769.0,1683.8,118130.0,3655069.0,30941.1,2825569.0,3058861.0,1082.6,18606767.0,,,41383029.0,352925.0,8908695.09,25242.5,1905617.0,4342812.0,2279.0,,,64830.82,598000.0
76,Brazil,2018,101370.0,330374.0,3259.1,109300.0,213809445.0,,,,,,11884.33,46650.08,1465647.0,7733.39,10959694.0,244864.0,53162832.0,3030281.42,12375.0,217.0,39602000.0,7989516.0,202.0,5698494.0,13511749.63,2371.0,3015898.0,34730.43,12.0,44337205.0,3950758.57,89.0,5844921.0,93532.92,16.0,437822.0,899244.0,2053.9,119609.0,3728953.0,31176.2,2874573.0,2930603.0,1019.5,18947352.0,,,41231856.0,344098.0,8745030.71,25414.4,2080204.0,5469236.0,2629.2,,,63898.19,585000.0
76,Brazil,2019,113044.0,405615.0,3588.1,127423.0,215008958.0,,,,,,12067.09,47579.71,1457697.0,7844.54,11637329.0,247557.0,55264932.0,3150101.12,12725.0,223.0,40650000.0,8218851.0,202.0,5805315.0,13516524.73,2328.0,3120129.0,35933.82,12.0,46356359.0,4125727.61,89.0,6173788.0,98795.98,16.0,449772.0,930281.0,2068.3,116846.0,3711744.0,31766.1,2640852.0,2922239.0,1106.6,19971802.0,,,40556109.0,342791.0,8592794.48,25067.1,2103578.0,5590815.0,2657.8,,,65179.31,598000.0
76,Brazil,2020,104383.0,387146.0,3708.9,136030.0,217836282.0,,,,,,12034.55,47456.16,1478424.0,7824.66,12101686.0,252772.0,57204264.0,3260643.05,12900.0,226.0,29887036.0,7824888.0,262.0,5953808.0,13787480.28,2316.0,3276117.0,37735.13,12.0,49356207.0,4482047.54,91.0,6389068.0,102241.35,16.0,475897.0,898405.0,1887.8,117253.0,3752999.0,32007.7,2725680.0,3055978.0,1121.2,20623064.0,,,41211188.0,342735.0,8418910.45,24563.9,2432603.0,6344079.0,2607.9,,,65010.06,590000.0
76,Brazil,2021,115133.0,452827.0,3933.1,132182.0,224601992.0,,,,,,12073.58,47629.28,1528032.0,7853.21,11897204.0,253397.0,57861624.0,3298112.57,13016.0,228.0,27704853.0,7456261.0,269.0,6111074.0,12629630.18,2067.0,3233409.0,37245.88,12.0,53045545.0,4898967.12,92.0,6378316.0,102068.43,16.0,501629.0,1092473.0,2177.9,116422.0,3853464.0,33099.1,2644809.0,2913445.0,1101.6,20544899.0,,,42550892.0,346580.0,8528099.21,24606.4,2752664.0,7878413.0,2862.1,,,65247.21,594000.0
76,Brazil,2022,129581.0,521996.0,4028.3,146589.0,234851536.0,,,,,,15899.28,54893.44,1568518.0,9050.94,12390490.0,257181.0,58225404.0,3318848.0,12905.0,226.0,29947584.0,8012320.0,268.0,6109807.0,12875358.05,2107.0,3381213.0,38940.6,12.0,56415373.0,5189423.41,92.0,6695417.0,107140.62,16.0,552628.0,1295622.0,2344.5,118713.0,3926076.0,33072.0,2671710.0,2888282.0,1081.1,21520872.0,,,44388351.0,347188.0,8692152.5,25035.8,3167112.0,10343182.0,3265.8,,,75198.37,512874.0
76,Brazil,2023,131981.0,375423.0,2844.5,145582.0,238620910.0,,,,,,16286.15,58385.61,1554374.0,9626.73,12891233.0,259762.0,59777724.0,3407330.27,13117.0,230.0,33953613.0,8962423.0,264.0,6271109.0,13293837.27,2120.0,3532442.0,40683.88,12.0,57148621.0,5297415.72,93.0,6796531.0,108758.93,16.0,528649.0,907046.0,1715.8,123455.0,4188704.0,33929.0,2498837.0,2912301.0,1165.5,21799960.0,,,43124200.0,352257.0,9031181.85,25638.1,3330303.0,7730188.0,2321.2,,,79982.28,559251.0
100,Bulgaria,2000,251962.0,674461.0,2676.8,1289.0,681661.0,7934.0,15000.0,1890.6,12900.0,13000.0,,50000.0,13300.0,,1046286.0,8304.0,1466322.0,82110.0,9888.0,177.0,333900.0,60400.0,181.0,67000.0,104695.0,1563.0,600000.0,7500.0,13.0,1471909.0,242865.0,165.0,2245000.0,51300.0,23.0,40605.0,47023.0,1158.1,52820.0,397532.0,7526.2,40231.0,18504.07,459.9,2548884.0,500.0,,1512340.0,127203.0,1195466.0,9398.1,978575.0,2781242.0,2842.1,,,,
100,Bulgaria,2001,292197.0,930918.0,3185.9,1061.0,639778.0,7832.0,14766.48,1885.4,4500.0,9500.0,,55300.0,13000.0,,970274.0,7883.0,1469880.0,82313.0,10442.0,186.0,158600.0,21450.0,135.0,70000.0,110000.0,1571.0,501800.0,5218.0,10.0,758000.0,50211.0,66.0,1263400.0,15117.0,12.0,51301.0,98781.0,1925.5,48448.0,600371.0,12392.1,20239.0,25946.18,1282.0,2286400.0,470.0,,1143599.0,81123.0,815136.89,10048.1,1355505.0,4077497.0,3008.1,,,,
100,Bulgaria,2002,388797.0,1211435.0,3115.9,1053.0,634466.0,6274.0,12000.0,1912.7,4500.0,12200.0,,61400.0,15700.0,,675292.0,9000.0,1617000.0,90552.0,10061.0,180.0,164977.0,23649.0,143.0,75900.0,120000.0,1581.0,521921.0,5338.0,10.0,819464.0,61784.0,75.0,1201915.0,14283.0,12.0,41025.0,62445.0,1522.1,51886.0,627273.0,12089.4,17587.0,24008.7,1365.2,1571410.0,635.0,,788445.0,79085.0,803352.45,10158.0,1368627.0,4122765.0,3012.3,,,,
100,Bulgaria,2003,270612.0,524990.0,1940.0,1336.0,691230.0,9033.0,8499.0,940.9,4500.0,12000.0,,62500.0,18736.0,,754473.0,6977.0,1550262.0,93016.0,13332.0,222.0,175901.0,28512.0,162.0,40453.0,59865.0,1480.0,722303.0,6710.0,9.0,1018621.0,70644.0,69.0,1132648.0,12656.0,11.0,37615.0,51533.0,1370.0,29754.0,450214.0,15131.2,22905.0,24499.28,1069.6,1728358.0,100.0,,996482.0,77413.0,1116240.69,14419.3,841014.0,2003937.0,2382.8,,,,
100,Bulgaria,2004,328924.0,1180836.0,3590.0,1223.0,728336.0,2542.0,7322.0,2880.4,6000.0,12500.0,,59800.0,18736.0,75.0,725308.0,7045.0,1555690.0,97386.0,13823.0,221.0,224164.0,30767.0,137.0,44457.0,70942.0,1596.0,607267.0,6208.0,10.0,996827.0,78320.0,79.0,1206861.0,14259.0,12.0,43002.0,101486.0,2360.0,30675.0,573179.0,18685.5,16571.0,20733.31,1251.2,1598556.0,500.0,,1032300.0,64728.0,848084.44,13102.3,1039680.0,3961178.0,3810.0,,,,
100,Bulgaria,2005,264519.0,657863.0,2487.0,1300.0,671579.0,1102.0,3456.0,3136.1,6000.0,13000.0,,59000.0,17160.0,75.0,718120.0,7364.0,1535223.0,97012.0,13174.0,208.0,208201.0,29783.0,143.0,52133.0,79509.0,1525.0,604481.0,6699.0,11.0,946114.0,74532.0,79.0,1537547.0,17729.0,12.0,30571.0,50138.0,1640.0,23999.0,375459.0,15644.8,13390.0,16203.7,1210.1,1692507.0,450.0,,931402.0,33164.0,421662.5,12714.5,1101807.0,3478066.0,3156.7,,,,
100,Bulgaria,2006,185705.0,546292.0,2941.7,1470.0,621797.0,216.0,675.0,3125.0,6000.0,13000.0,,66715.0,17205.0,75.0,608426.0,7552.0,1579778.0,99214.5,13138.0,209.0,162309.0,22727.0,140.0,54506.0,86870.0,1594.0,525023.0,5588.0,11.0,1036455.0,77009.0,74.0,1570984.0,18185.0,12.0,16446.0,30491.0,1854.0,24471.0,386050.0,15775.8,7824.0,10867.47,1388.9,1602255.0,450.0,,942992.0,44990.0,638597.72,14194.3,970392.0,3301882.0,3402.6,,,,
100,Bulgaria,2007,186850.0,419762.0,2246.5,2050.0,628271.0,400.0,1125.0,2812.5,6000.0,11000.0,,68590.0,17959.0,75.0,549076.0,8265.0,1564680.0,97381.0,11782.0,189.0,144538.0,21703.0,150.0,61904.0,97926.0,1582.0,507029.0,5841.0,12.0,1034522.0,76303.0,74.0,1634717.0,15437.0,9.0,21913.0,22532.0,1028.2,22427.0,298722.0,13319.7,10013.0,12656.04,1264.0,1635410.0,450.0,,1012655.0,42675.0,475942.22,11152.6,1087996.0,2390610.0,2197.3,,,,
100,Bulgaria,2008,222659.0,878001.0,3943.3,1334.0,602056.0,205.0,379.0,1848.8,6000.0,11000.0,,64359.0,16426.0,75.0,495484.0,7338.0,1501450.0,93656.0,12763.0,205.0,135267.0,19929.0,147.0,56307.0,90734.0,1611.0,461958.0,5094.0,11.0,1005453.0,73757.0,73.0,1581918.0,15768.0,10.0,24868.0,54489.0,2191.1,21711.0,353060.0,16261.8,7238.0,10693.74,1477.4,1526392.0,450.0,,888609.0,29127.0,440954.48,15138.8,1111533.0,4632210.0,4167.4,,,,
100,Bulgaria,2009,258499.0,858679.0,3321.8,1157.0,564904.0,200.0,400.0,2000.0,6000.0,11000.0,,62851.0,15765.0,75.0,429834.0,7117.0,1425645.0,88681.0,12460.0,200.0,147578.0,21921.0,149.0,68898.0,109825.0,1594.0,397165.0,4104.0,10.0,994991.0,73659.0,74.0,1409351.0,13289.0,9.0,19996.0,30723.0,1536.5,14002.0,231745.0,16550.8,7254.0,8807.84,1214.3,1474845.0,450.0,,783649.0,24010.0,391237.35,16295.0,1247718.0,3976852.0,3187.3,,,,
100,Bulgaria,2010,245328.0,833271.0,3396.6,1080.0,539555.0,319.0,527.0,1652.0,490.0,6490.0,,60170.0,16002.0,1560.0,360822.0,6892.0,1430951.0,89264.0,12952.0,208.0,138532.0,19610.0,142.0,52805.0,86029.0,1629.0,331680.0,3699.0,11.0,924986.0,70471.0,76.0,1285623.0,13320.0,10.0,24353.0,42045.0,1726.5,13805.0,251205.0,18196.7,7592.0,9950.0,1310.6,1400252.0,0.0,,729798.0,25575.0,441019.83,17244.2,1131565.0,4094597.0,3618.5,,,,
100,Bulgaria,2011,178993.0,707022.0,3950.0,1130.0,544456.0,687.0,1238.72,1803.6,530.0,6310.0,,59590.0,14063.0,2470.0,356334.0,6217.0,1178478.0,73483.0,11820.0,190.0,147239.0,20886.0,142.0,48584.0,80985.0,1667.0,337649.0,4114.0,12.0,1043278.0,72506.0,69.0,1099438.0,11811.0,11.0,14794.0,29230.0,1975.8,16219.0,232314.0,14323.6,5738.0,7257.34,1264.9,1367987.0,0.0,,664000.0,24086.0,398536.53,16546.1,1137462.0,4458492.0,3919.7,,,,
100,Bulgaria,2012,191432.0,661932.0,3457.8,1130.0,557641.0,1124.0,1760.0,1565.8,790.0,6240.0,,58950.0,13150.0,2740.0,341362.0,5505.0,1168997.0,71889.0,13059.0,212.0,142899.0,20377.0,143.0,51327.0,85864.0,1673.0,264931.0,3229.0,12.0,1033036.0,73159.0,71.0,1218993.0,13796.0,11.0,16640.0,30822.0,1852.3,14906.0,151319.0,10151.5,5533.0,7726.0,1396.5,1454617.0,0.0,,608266.0,22154.0,320246.72,14455.5,1185007.0,4455104.0,3759.6,,,,
100,Bulgaria,2013,197464.0,728836.0,3691.0,1110.0,526112.0,2183.0,5963.0,2731.6,580.0,6230.0,,58350.0,13837.0,2840.0,293639.0,5210.0,1187823.0,73891.0,14183.0,228.0,131169.0,19107.0,146.0,46548.0,76776.0,1649.0,226324.0,2218.0,10.0,1044769.0,72905.0,70.0,1007544.0,10599.0,11.0,17891.0,35581.0,1988.8,12765.0,186529.0,14612.5,6223.0,8678.0,1394.5,1361545.0,0.0,,530945.0,20938.0,387055.6,18485.5,1314288.0,5504941.0,4188.5,,,,
100,Bulgaria,2014,214697.0,852231.0,3969.5,1000.0,575584.0,127.0,217.0,1708.7,720.0,6110.0,,66600.0,11665.0,2770.0,289308.0,5360.0,1209184.0,74232.0,13849.0,226.0,127148.0,17210.0,135.0,47022.0,79543.0,1692.0,234144.0,2456.0,10.0,988254.0,67442.0,68.0,1083869.0,10678.0,10.0,14886.0,26883.0,1805.9,10200.0,132651.0,13005.0,2661.0,3622.0,1361.1,1369578.0,0.0,,586418.0,17507.0,365086.6,20854.3,1267914.0,5347078.0,4217.2,0.0,0.0,0.0,0.0
100,Bulgaria,2015,175957.0,697863.0,3966.1,970.0,552807.0,490.0,1102.0,2249.0,770.0,4600.0,,67720.0,12970.0,3070.0,292644.0,5639.0,1273743.0,76568.0,13578.0,226.0,137271.0,18548.0,135.0,50449.0,85032.0,1686.0,173626.0,1770.0,10.0,1043757.0,69259.0,66.0,980528.0,9907.0,10.0,11076.0,21694.0,1958.6,11018.0,164866.0,14963.3,17618.0,30591.14,1736.4,1335283.0,0.0,,553114.0,25164.0,391847.52,15571.5,1105916.0,5011597.0,4531.6,0.0,0.0,0.0,0.0
100,Bulgaria,2016,159830.0,689850.0,4316.1,890.0,550201.0,737.0,1536.0,2084.1,780.0,6350.0,,68980.0,14258.0,2430.0,276919.0,5906.0,1316872.0,79909.0,13530.0,223.0,188655.0,17469.0,93.0,50578.0,86469.0,1710.0,174730.0,1949.0,11.0,1087629.0,72737.0,67.0,873000.0,9798.0,11.0,15323.0,31372.0,2047.4,8376.0,127182.0,15184.1,30901.0,63940.88,2069.2,1331894.0,0.0,,600068.0,35017.0,594031.43,16963.9,1192590.0,5662721.0,4748.3,0.0,0.0,,0.0
100,Bulgaria,2017,128365.0,595237.0,4637.1,1060.0,557866.0,936.0,1902.0,2032.1,790.0,7550.0,,76440.0,17738.0,2530.0,237543.0,6064.0,1296030.0,79391.0,13092.0,214.0,117417.0,17113.0,146.0,50074.0,87029.0,1738.0,158354.0,1633.0,10.0,1111859.0,75133.0,68.0,856876.0,8878.0,10.0,13266.0,31849.0,2400.8,12806.0,227815.0,17789.7,84955.0,205331.68,2417.0,1360087.0,0.0,,616426.0,24498.0,466772.64,19053.2,1144519.0,6132671.0,5358.3,0.0,0.0,,0.0
100,Bulgaria,2018,103570.0,448700.0,4332.3,1070.0,542120.0,2880.0,6110.0,2121.5,1000.0,6700.0,,80900.0,18830.0,2420.0,271740.0,5519.0,978099.0,,,177.0,116230.0,16950.0,146.0,51482.0,87280.0,1695.0,147370.0,1470.0,10.0,1207820.0,81820.0,68.0,576460.0,6970.0,12.0,11340.0,25010.0,2205.5,14100.0,261690.0,18559.6,96440.0,122670.0,1272.0,1350030.0,0.0,,654550.0,20970.0,449490.0,21434.9,1212010.0,5954520.0,4912.9,0.0,0.0,,0.0
100,Bulgaria,2019,112030.0,563150.0,5026.8,1090.0,527190.0,3630.0,6410.0,1765.8,1120.0,6590.0,,89780.0,20793.0,1120.0,228490.0,5637.0,1058294.0,,,188.0,119090.0,18060.0,152.0,51510.0,88970.0,1727.0,151590.0,1670.0,11.0,1235150.0,81590.0,66.0,628660.0,7690.0,12.0,12150.0,31510.0,2593.4,9290.0,197410.0,21249.7,31500.0,59700.0,1895.2,1280980.0,0.0,,491810.0,21150.0,428410.0,20255.8,1198680.0,6319630.0,5272.2,0.0,0.0,,0.0
100,Bulgaria,2020,130760.0,566320.0,4331.0,1030.0,588910.0,5660.0,9670.0,1708.5,1300.0,7210.0,,90900.0,17177.0,2890.0,253400.0,6612.0,1064084.0,,,161.0,113360.0,17130.0,151.0,51068.0,86900.0,1702.0,122140.0,1200.0,10.0,973010.0,65550.0,67.0,522900.0,6450.0,12.0,13400.0,31660.0,2362.7,9950.0,192330.0,19329.6,25200.0,42560.0,1688.9,1307770.0,0.0,,592100.0,16920.0,340500.0,20124.1,1200180.0,4847940.0,4039.3,0.0,0.0,,0.0
100,Bulgaria,2021,126310.0,704070.0,5574.1,1260.0,611200.0,3380.0,6120.0,1810.7,1260.0,7270.0,,89890.0,,3560.0,215000.0,,1024090.0,,,,122580.0,19140.0,156.0,51659.0,90680.0,1755.0,150170.0,1890.0,13.0,1177910.0,80650.0,68.0,625720.0,8690.0,14.0,9940.0,24260.0,2440.6,10900.0,195640.0,17948.6,25750.0,42900.0,1666.0,1199550.0,0.0,,694660.0,16220.0,349600.0,21553.6,1206190.0,7342990.0,6087.8,0.0,0.0,,0.0
100,Bulgaria,2022,122410.0,624600.0,5102.5,1340.0,579860.0,4210.0,7560.0,1795.7,1340.0,7250.0,,86090.0,,2540.0,184020.0,,1221758.0,,,,133870.0,20710.0,155.0,50298.0,90580.0,1801.0,112200.0,1370.0,12.0,1239400.0,85030.0,69.0,517300.0,7040.0,14.0,11440.0,25800.0,2255.2,9160.0,172210.0,18800.2,16770.0,29640.0,1767.4,1096400.0,0.0,,601700.0,14510.0,346810.0,23901.4,1206580.0,6447770.0,5343.8,0.0,0.0,0.0,0.0
100,Bulgaria,2023,149980.0,797220.0,5315.5,950.0,574300.0,4380.0,7980.0,1821.9,1410.0,6300.0,,87220.0,,2280.0,174950.0,,1007447.0,,,,92890.0,16280.0,175.0,50661.0,90540.0,1787.0,101470.0,1110.0,11.0,1171880.0,79630.0,68.0,686810.0,8110.0,12.0,13010.0,31020.0,2384.3,7020.0,119240.0,16985.8,15340.0,28090.0,1831.2,1072770.0,0.0,,724750.0,15100.0,352960.0,23374.8,1220910.0,6854760.0,5614.5,0.0,0.0,0.0,0.0
124,Canada,2000,4468100.0,13228600.0,2960.7,83131.0,13201300.0,,,,,,24130.0,335620.0,158000.0,209620.0,30000.0,24589.0,6571560.0,372390.0,15145.0,267.0,3836100.0,1263440.0,329.0,590431.0,903880.0,1531.0,,,,19684400.0,1639980.0,83.0,611800.0,12544.0,21.0,1305100.0,3403300.0,2607.7,393500.0,4576954.55,11631.4,2355500.0,4442700.0,1886.1,793000.0,75390.0,1637.0,12904400.0,113822.0,1906963.0,16753.9,10854800.0,26535500.0,2444.6,,59270.0,9000.0,4000.0
124,Canada,2001,4149500.0,10845600.0,2613.7,87506.0,13608200.0,,,,,,24120.0,329630.0,158000.0,221290.0,30000.0,25260.0,6799908.0,385330.0,15255.0,269.0,3804600.0,1261610.0,332.0,624795.0,952950.0,1525.0,,,,20701800.0,1731130.0,84.0,674100.0,14246.0,21.0,1238400.0,2690700.0,2172.7,411800.0,4229318.18,10270.3,3351700.0,3365500.0,1004.1,947800.0,90290.0,2272.0,13575500.0,120391.0,2049722.0,17025.5,10605500.0,20630200.0,1945.2,,52915.0,9000.0,4000.0
124,Canada,2002,3341800.0,7467700.0,2234.6,79173.0,13751500.0,,,,,,24720.0,334628.0,160000.0,227960.0,30000.0,25748.0,6963192.0,391770.0,15216.0,270.0,3836700.0,1297530.0,338.0,625692.0,956830.0,1529.0,,,,22139800.0,1857180.0,84.0,695000.0,14750.0,21.0,1378900.0,2910700.0,2110.9,422300.0,4715045.45,11165.2,1697400.0,2172200.0,1279.7,993600.0,82019.0,2301.0,14375000.0,115417.0,2032643.0,17611.3,8710500.0,15961300.0,1832.4,,46400.0,9000.0,4000.0
124,Canada,2003,4397100.0,12164200.0,2766.4,86865.0,13466000.0,,,,,,24660.0,341570.0,160000.0,251560.0,30000.0,25720.0,7008384.0,393010.0,15280.0,272.0,3517300.0,1203610.0,342.0,615623.0,956220.0,1553.0,,,,22444400.0,1880740.0,84.0,729900.0,15760.0,22.0,1414800.0,3376700.0,2386.7,447000.0,5293545.45,11842.4,1877600.0,2835800.0,1510.3,975300.0,91319.0,2491.0,14745000.0,116850.0,2114884.0,18099.1,10214500.0,23048600.0,2256.5,,39165.0,9000.0,3000.0
124,Canada,2004,3840700.0,12556700.0,3269.4,86870.0,14555000.0,,,,,,26325.0,345480.0,160000.0,263720.0,30000.0,24623.0,6658332.0,377070.0,15314.0,270.0,4438400.0,1500140.0,338.0,613251.0,970820.0,1583.0,,,,22872200.0,1934740.0,85.0,775200.0,17470.0,23.0,1234300.0,3467200.0,2809.0,424400.0,5246863.64,12363.0,2125500.0,4297600.0,2021.9,994200.0,87841.0,2370.0,14725000.0,111067.0,2171510.0,19551.4,9388900.0,24795500.0,2640.9,,24747.0,9000.0,2000.0
124,Canada,2005,3634000.0,11677600.0,3213.4,86332.0,14925000.0,,,,,,27463.0,351782.0,160000.0,269820.0,30000.0,25636.0,7030428.0,399260.0,15574.0,274.0,4474400.0,1469980.0,329.0,626253.0,1000870.0,1598.0,,,,22319900.0,1918460.0,86.0,812500.0,17550.0,22.0,1271300.0,3282700.0,2582.2,386200.0,4443363.64,11505.3,2296600.0,4579200.0,1993.9,977600.0,73118.0,2674.0,14810000.0,103934.0,2086010.0,20070.5,9403800.0,25748100.0,2738.1,,24430.0,9000.0,1000.0
124,Canada,2006,3222900.0,9573100.0,2970.3,78843.0,14655000.0,,,,,,27844.0,359083.0,160000.0,280070.0,30000.0,25882.0,7251564.0,399612.0,15440.0,280.0,4155000.0,1328700.0,320.0,622474.0,998170.0,1604.0,,,,21789000.0,1899660.0,87.0,768400.0,17040.0,22.0,1536800.0,3852200.0,2506.6,391000.0,5101863.64,13048.2,2097200.0,3764300.0,1794.9,893800.0,73930.0,3390.0,15110000.0,104883.0,2125954.0,20269.8,9681800.0,25265400.0,2609.6,,25420.0,9000.0,1250.0
124,Canada,2007,3963300.0,10909800.0,2752.7,82438.0,14135000.0,,,,,,30139.0,373660.0,165000.0,290550.0,30000.0,25889.0,7293264.0,398436.0,15390.0,282.0,3820400.0,1277650.0,334.0,640708.0,1030970.0,1609.0,,,,21269100.0,1906720.0,90.0,751900.0,16810.0,22.0,1783400.0,4618400.0,2589.7,395200.0,4999181.82,12649.8,2351700.0,4181100.0,1777.9,886200.0,78210.0,1901.0,14080000.0,108879.0,2175420.0,19980.2,8616100.0,20090400.0,2331.7,,31550.0,9000.0,1250.0
124,Canada,2008,3503600.0,11785800.0,3363.9,85831.0,13755000.0,,,,,,29791.0,366438.0,165000.0,284240.0,30000.0,25967.0,7404468.0,419013.0,16136.0,285.0,3843900.0,1303630.0,339.0,641168.0,1042080.0,1625.0,,,,21706300.0,1952610.0,90.0,739200.0,16230.0,22.0,1448400.0,4272600.0,2949.9,373400.0,4707272.73,12606.5,2444200.0,4940900.0,2021.5,849500.0,89610.0,1620.0,12700000.0,97038.0,2011625.0,20730.3,10015500.0,28619200.0,2857.5,,27130.0,9000.0,1250.0
124,Canada,2009,2921600.0,9528200.0,3261.3,85857.0,13030000.0,,,,,,26120.0,378049.0,165000.0,283540.0,30000.0,26296.0,7437600.0,422042.0,16050.0,283.0,3705200.0,1239440.0,335.0,638626.0,1038080.0,1625.0,,,,21806500.0,1950140.0,89.0,740600.0,15960.0,22.0,980400.0,2911500.0,2969.7,359700.0,4584500.0,12745.3,2607000.0,5210100.0,1998.5,843600.0,83470.0,1570.0,12465000.0,99309.0,2186834.0,22020.5,9660400.0,26949900.0,2789.7,,23830.0,9000.0,2250.0
124,Canada,2010,2394100.0,7627200.0,3185.8,80040.0,12670000.0,,,,,,26020.0,447356.0,165000.0,287250.0,30000.0,26514.0,7608420.0,451500.0,17029.0,287.0,3745600.0,1240625.0,331.0,642219.0,1050940.0,1636.0,,,,21296500.0,1938220.0,91.0,721200.0,16155.0,22.0,891700.0,2451400.0,2749.1,139214.0,5440612.0,39080.9,2932200.0,5404800.0,1843.3,855300.0,72456.0,6110.0,12465000.0,92802.0,2167697.0,23358.3,8296100.0,23299600.0,2808.5,,22070.0,9000.0,2250.0
124,Canada,2011,2401500.0,7891500.0,3286.1,88643.0,12155000.0,,,,,,25640.0,450194.0,164600.0,300360.0,30000.0,26808.0,7735908.0,459060.0,17124.0,289.0,4045500.0,1105995.0,273.0,640192.0,1057210.0,1651.0,,,,21262200.0,1975340.0,93.0,705700.0,17707.0,25.0,1083700.0,3157600.0,2913.7,141157.0,5172873.0,36646.2,2099900.0,4323600.0,2059.0,879900.0,78686.0,4730.0,12615000.0,97451.0,2219088.0,22771.3,8552500.0,25288000.0,2956.8,,23970.0,9000.0,4250.0
124,Canada,2012,2764700.0,8012300.0,2898.1,97553.0,12230000.0,,,,,,26060.0,465997.0,166000.0,328820.0,30000.0,27056.0,7883976.0,467850.0,17292.0,291.0,3962400.0,1026027.0,259.0,644730.0,1064450.0,1651.0,,,,21282800.0,2004420.0,94.0,721500.0,16306.0,23.0,1004800.0,2829600.0,2816.1,146119.0,5641541.0,38609.2,2677700.0,5314500.0,1984.7,883200.0,90262.0,3640.0,12770000.0,99479.0,2340040.0,23523.0,9479100.0,27246000.0,2874.3,,24030.0,1000.0,6250.0
124,Canada,2013,2687400.0,10281600.0,3825.9,89353.0,12240000.0,,,,,,25190.0,460602.0,166500.0,339890.0,30000.0,27334.0,7963080.0,473000.0,17304.0,291.0,3911000.0,1023995.0,262.0,648654.0,1080636.0,1666.0,,,,20921700.0,1981460.0,95.0,749600.0,16941.0,23.0,1128500.0,3927600.0,3480.4,139635.0,5733494.0,41060.6,2589000.0,6597800.0,2548.4,892900.0,75329.0,3310.0,12745000.0,97868.0,2252820.0,23019.0,10447200.0,37589100.0,3598.0,,17840.0,1000.0,7250.0
124,Canada,2014,2167200.0,7116800.0,3283.9,83129.0,12050000.0,,,,,,24090.0,472906.0,167000.0,346510.0,30000.0,27328.0,7987116.0,473970.0,17344.0,292.0,3165500.0,1068591.0,338.0,662266.0,1099257.0,1660.0,,,,20495800.0,1962760.0,96.0,761000.0,16894.0,22.0,938600.0,2976800.0,3171.5,136365.0,5643277.0,41383.6,3008900.0,6193300.0,2058.3,860700.0,82061.0,1659.71,12835000.0,96007.0,2202281.0,22938.8,9553500.0,29442100.0,3081.8,,55000.0,9447.33,6181.44
124,Canada,2015,2352300.0,8256600.0,3510.0,85591.0,11640000.0,,,,,,37157.36,480722.0,167587.0,310000.0,30006.0,28646.0,8380344.0,497300.0,17360.0,293.0,2912000.0,1017551.0,349.0,683094.0,1137070.0,1665.0,,,,21348400.0,2064140.0,97.0,732400.0,16845.0,23.0,1047900.0,3425000.0,3268.4,137556.0,5874839.0,42708.7,3275000.0,6068000.0,1852.8,824300.0,103506.0,2068.23,13180000.0,97787.0,2272128.0,23235.5,9558300.0,27647400.0,2892.5,,60000.0,9311.01,6683.75
124,Canada,2016,2265700.0,8839400.0,3901.4,93420.0,11610000.0,,,,,,37684.96,516386.0,168095.0,240000.0,30017.0,30498.0,8956644.0,531500.0,17427.0,294.0,3091700.0,1111992.0,360.0,706502.0,1179125.0,1669.0,,,,21424000.0,2080880.0,97.0,720900.0,16437.0,23.0,924600.0,3231200.0,3494.7,137848.0,5345626.0,38779.1,4054600.0,8349200.0,2059.2,815100.0,102953.0,2107.12,13630000.0,98387.0,2349412.0,23879.3,8976300.0,32139900.0,3580.5,,50000.0,9600.22,6965.34
124,Canada,2017,2113500.0,7891300.0,3733.8,108774.0,11510000.0,,,,,,39647.74,542998.0,168609.0,220000.0,30026.0,31659.0,9296160.0,551650.0,17425.0,294.0,3294800.0,1203026.0,365.0,738284.0,1237223.0,1676.0,,,,21757200.0,2127600.0,98.0,711500.0,16151.0,23.0,1051900.0,3733000.0,3548.8,137621.0,5419238.0,39378.0,3612100.0,7088700.0,1962.5,813900.0,109367.0,2209.66,13935000.0,92477.0,2319258.0,25079.3,8983300.0,30377235.0,3381.5,,55000.0,10209.84,7137.47
124,Canada,2018,2395200.0,8379700.0,3498.5,116144.0,11670000.0,,,,,,39228.2,553850.0,169149.0,220000.0,30033.0,32680.0,9604464.0,576268.0,17634.0,294.0,3464500.0,1265935.0,365.0,756984.0,1300716.0,1718.0,,,,21567100.0,2124359.0,98.0,706400.0,16106.0,23.0,1004900.0,3436000.0,3419.2,133749.0,5204548.0,38912.8,3243700.0,6425200.0,1980.8,829400.0,108215.0,2187.74,14245000.0,91348.0,2286901.0,25035.0,9880800.0,32351900.0,3274.2,,55000.0,10516.33,7510.18
124,Canada,2019,2727500.0,10382600.0,3806.6,112374.0,11670000.0,,,,,,36183.02,557109.0,169609.0,259754.76,30038.0,33553.0,9864864.0,591892.0,17641.0,294.0,3600300.0,1341994.0,373.0,773457.0,1331571.0,1722.0,,,,21841300.0,2173209.0,99.0,718700.0,16602.0,23.0,1167000.0,4227300.0,3622.4,138339.0,5364169.0,38775.5,3505600.0,7186800.0,2050.1,827900.0,97085.0,2017.91,14070000.0,89673.0,2298105.0,25627.6,9655800.0,32669800.0,3383.4,,55018.19,10651.98,7593.98
124,Canada,2020,2808700.0,10740600.0,3824.0,118235.0,11540000.0,,,,,,33386.33,570872.0,170178.0,242981.98,30039.0,34126.0,10071408.0,604284.48,17707.0,295.0,3539000.0,1330281.0,376.0,755496.0,1305207.0,1728.0,,,,22721800.0,2299446.0,101.0,744500.0,16826.0,23.0,1314300.0,4575800.0,3481.5,143866.0,5286792.0,36748.0,3692100.0,8166000.0,2211.7,810800.0,89581.0,1861.94,14065000.0,93144.0,2275247.0,24427.2,10017800.0,35437200.0,3537.4,,54008.3,10636.39,7582.86
124,Canada,2021,3011100.0,6848137.0,2274.3,117406.0,11515000.0,,,,,,31778.52,569282.0,171777.0,241984.12,30012.0,34466.0,10175016.0,610500.96,17713.0,295.0,3711100.0,1383483.0,373.0,770072.0,1334020.0,1732.0,,,,21978900.0,2285743.0,104.0,723600.0,16850.0,23.0,1213600.0,2898619.0,2388.4,153782.0,6152723.0,40009.4,3429400.0,4292271.0,1251.6,813700.0,85267.0,1772.27,14120000.0,94073.0,2305937.0,24512.2,9198900.0,22422100.0,2437.5,,53542.42,10592.7,7551.72
124,Canada,2022,2635700.0,9986681.0,3789.0,113327.0,11515000.0,,,,,,31320.48,569645.0,172104.0,239469.11,30000.0,35193.0,10396896.0,623813.76,17726.0,295.0,3652900.0,1412231.0,387.0,789394.0,1370800.0,1737.0,,,,21809200.0,2257252.0,103.0,728700.0,17124.0,23.0,1402000.0,5226465.0,3727.9,153762.0,6275106.0,40810.5,3275100.0,6212798.0,1897.0,822200.0,84038.0,1746.73,14155000.0,95494.0,2365578.03,24772.0,10110900.0,34872782.0,3449.0,,53568.99,10482.61,7473.23
124,Canada,2023,2702700.0,8905385.0,3295.0,114903.0,11245000.0,,,,,,30598.57,569350.0,172634.0,240161.24,30004.0,35581.0,10524876.0,631492.56,17748.0,296.0,3531900.0,1343172.0,380.0,803086.0,1415959.0,1763.0,,,,21925800.0,2286861.0,104.0,778200.0,17510.0,23.0,825600.0,2643058.0,3201.4,154452.0,6431221.0,41639.0,2916100.0,4908357.0,1683.2,846800.0,82101.0,1706.47,13895000.0,91587.0,2337887.0,25526.4,10709200.0,33413600.0,3120.1,,53496.91,10512.91,7494.83
159,China,2000,1070000.0,2646000.0,2472.9,74008.96,104553559.0,10257.0,25771.0,2512.5,6000.0,96000.0,89600.0,3750.0,3623012.0,0.0,148478245.0,1930728.0,378238833.0,18911898.67,9795.0,196.0,32532541.0,4642023.91,143.0,6628770.0,9064191.0,1367.0,96815811.0,1297925.04,13.0,479189334.0,40751526.0,85.0,101232010.0,1347063.19,13.0,479000.0,1012000.0,2112.7,4725106.0,66318167.0,14035.3,3359548.0,4696498.0,1398.0,131095105.0,,,438910194.0,15949564.0,305046307.35,19125.7,26653326.0,99636127.0,3738.2,16845.0,,6344.81,
159,China,2001,770000.0,2893000.0,3757.1,76008.65,100929433.0,12173.0,30384.0,2496.0,6600.0,100000.0,96000.0,3900.0,3769485.0,0.0,149740305.0,1960030.0,383074425.0,19153719.48,9772.0,195.0,33249286.0,4598595.0,138.0,6451196.0,8850869.0,1372.0,94994683.0,1335071.0,14.0,485231089.0,41654251.0,86.0,102900010.0,1386180.19,13.0,350000.0,790000.0,2257.1,4720517.0,64597619.0,13684.4,3789081.0,5127540.0,1353.2,130026217.0,,,424065954.0,16701964.0,319698929.73,19141.4,24664068.0,93873234.0,3806.1,17799.0,,6322.78,
159,China,2002,914430.0,3322000.0,3632.9,80009.03,95555476.0,14991.0,35413.0,2362.2,7080.0,104000.0,99200.0,4200.0,4098910.0,0.0,145872929.0,2032233.0,393178944.0,19658920.29,9674.0,193.0,34173375.0,4717489.0,138.0,6644022.0,9173395.0,1381.0,92210325.0,1392207.0,15.0,496118427.0,42322776.0,85.0,113175010.0,1445850.19,13.0,275000.0,493000.0,1792.7,4669117.0,70225831.0,15040.5,3826567.0,5915366.0,1545.9,130628215.0,,,426889605.0,17446867.0,344510980.65,19746.3,23908072.0,90290262.0,3776.6,18441.0,,8630.0,
159,China,2003,912810.0,3249500.0,3559.9,84008.99,93099589.0,13146.0,30375.0,2310.6,7350.0,104000.0,98000.0,4500.0,3980546.0,0.0,148653427.0,2035608.0,403660100.0,20183020.0,9915.0,198.0,36545418.0,4902101.0,134.0,6958420.0,9448184.0,1358.0,106134841.0,1515607.0,14.0,522241978.0,43433462.0,83.0,116890010.0,1574370.19,13.0,260000.0,654000.0,2515.4,4524034.0,68138764.0,15061.5,3591946.0,5891799.0,1640.3,133997215.0,,,424750941.0,17926718.0,356965280.41,19912.5,21997075.0,86488264.0,3931.8,19676.25,,10147.21,
159,China,2004,785390.0,3221800.0,4102.2,88008.24,92207458.0,12467.0,29154.0,2338.6,6900.0,106000.0,136000.0,4537.5,4214648.0,0.0,149928862.0,2135187.0,410014790.0,20500750.0,9601.0,192.0,38040782.0,5063849.0,133.0,6898960.0,9483505.0,1375.0,122395305.0,1634097.0,13.0,530706411.0,44478789.0,84.0,119190010.0,1697790.19,14.0,270000.0,600000.0,2222.2,4598192.0,72243279.0,15711.2,3222083.0,4925489.0,1528.7,143395215.0,,,420786799.0,18756067.0,366136942.13,19521.0,21626074.0,91952238.0,4251.9,22274.46,,13893.01,
159,China,2005,830870.0,3444100.0,4145.2,92007.72,90134331.0,12891.0,28236.0,2190.4,7050.0,107000.0,144000.0,5250.0,4445244.0,0.0,152219142.0,2234630.0,420950685.0,21040577.49,9416.0,188.0,38630483.0,5133544.0,133.0,7244132.0,9965390.0,1376.0,130941974.0,1718643.0,13.0,551893392.0,46622207.0,84.0,121622010.0,1785306.19,15.0,220000.0,700000.0,3181.8,4881577.0,70911229.0,14526.3,3412428.0,5233862.0,1533.8,152305215.0,,,428237970.0,19305133.0,380623695.95,19716.2,22792462.0,97445196.0,4275.3,22893.75,,15755.87,
159,China,2006,831740.0,3129600.0,3762.7,94008.25,87548391.0,13146.0,20357.0,1548.5,7200.0,107000.0,144000.0,5250.0,4451868.0,0.0,146858033.0,2305184.0,418718465.0,20935240.0,9082.0,182.0,39503568.0,5333410.0,135.0,7202653.0,10164829.0,1411.0,130171606.0,1805933.0,14.0,571382952.0,47590463.0,83.0,129200012.0,1875423.23,15.0,243000.0,350000.0,1440.3,4213405.0,64536069.0,15316.8,2849774.0,4545532.0,1595.0,151337213.0,,,440549544.0,19550495.0,396361128.93,20273.7,23613067.0,108466271.0,4593.5,22920.0,,15793.91,
159,China,2007,791580.0,2780400.0,3512.5,96008.18,82066855.0,12280.0,30189.0,2458.4,7350.0,107000.0,130000.0,5250.0,4711583.0,0.0,137930074.0,2386209.0,436663634.0,21833160.0,9150.0,183.0,40597764.0,5654618.0,139.0,7692504.0,10724950.0,1394.0,128151850.0,1893545.0,15.0,576375236.0,43933237.0,76.0,133550012.0,1966968.23,15.0,270000.0,643000.0,2381.5,4362790.0,63820389.0,14628.3,3050890.0,4483213.0,1469.5,146018206.0,,,425712621.0,20009841.0,423367898.18,21158.0,23721070.0,109298296.0,4607.6,24446.25,,15788.63,
159,China,2008,759820.0,2607700.0,3432.0,98016.0,82815275.0,13255.0,30369.0,2291.1,7440.0,108000.0,144000.0,5250.0,5030399.0,0.0,143595223.0,2487063.0,465483951.0,23292120.0,9365.0,187.0,41459004.0,5573776.0,134.0,8150182.0,11299421.0,1386.0,131140661.0,1930198.79,15.0,602225960.0,47190352.0,78.0,130723012.0,2005524.23,15.0,230000.0,600000.0,2608.7,4520699.0,68633152.0,15182.0,2995154.0,4898885.0,1635.6,142282208.0,,,446655798.0,19972727.0,446498509.48,22355.4,23617266.0,112464292.0,4762.0,22593.0,,15839.92,
159,China,2009,622550.0,2210300.0,3550.4,96016.5,70382871.0,11682.0,25548.0,2187.0,7650.0,108000.0,143000.0,5250.0,5222198.0,0.0,147547501.0,2536580.0,472670843.0,23633516.27,9317.0,186.0,38690378.0,5650689.0,146.0,8487151.0,11747791.0,1384.0,141815292.0,1960373.83,14.0,624914822.0,49897955.0,80.0,125644595.0,2037093.23,16.0,200000.0,580000.0,2900.0,4847424.0,69885890.0,14417.1,2762940.0,4331135.0,1567.6,143289614.0,,,478359697.0,20552498.0,460983124.88,22429.5,24291081.0,115115364.0,4739.0,21798.75,,15860.1,
159,China,2010,553150.0,1951700.0,3528.3,92639.13,68871241.0,13403.0,30421.06,2269.7,7800.0,98927.27,123832.64,1563.78,5302720.0,0.0,142157301.0,2563295.0,476402500.0,23820080.0,9293.0,186.0,38925343.0,5676946.0,146.0,8781644.0,12184797.0,1388.0,144387276.0,1992372.44,14.0,677242926.0,51693862.01,76.0,127934717.0,2070702.23,16.0,178000.0,525000.0,2949.4,4888244.0,76592184.0,15668.6,2763441.0,3890693.0,1407.9,145352018.0,,,473952503.0,21196996.0,476960772.4,22501.3,24257900.0,115186178.0,4748.4,17448.24,,16035.72,
159,China,2011,533030.0,1903700.0,3571.5,94819.25,65825758.0,12672.0,36180.88,2855.1,7950.0,87737.7,126616.5,1711.47,4710988.0,0.0,141079934.0,2581398.0,484633444.0,24231630.0,9387.0,188.0,37866161.0,5511545.0,146.0,9048216.0,12582062.0,1391.0,141413744.0,1952626.94,14.0,674059173.0,51593351.01,77.0,125309156.0,2029596.23,16.0,170000.0,740000.0,4352.9,5013723.0,81636345.0,16282.6,2768431.0,4610298.0,1665.3,145767319.0,,,477109052.0,21796811.0,497909711.25,22843.2,24272245.0,117414034.0,4837.4,16843.87,,16400.97,
159,China,2012,499410.0,1684600.0,3373.2,97158.08,64103135.0,13177.0,39689.91,3012.1,8250.0,69308.22,130419.41,1629.3,4916571.0,0.0,139514110.0,2656831.0,493183933.0,24659155.0,9281.0,186.0,38031144.0,5547100.0,146.0,9597521.0,13336726.0,1390.0,143728933.0,1984478.44,14.0,708596895.0,54435720.0,77.0,127367897.0,2062950.23,16.0,200000.0,632500.0,3162.5,5032657.0,84403933.0,16771.2,2545204.0,4305098.0,1691.5,145804620.0,,,486742946.0,22007461.0,507933791.0,23080.1,24270311.0,121030059.0,4986.8,15761.13,,16862.92,
159,China,2013,440790.0,1535200.0,3482.8,91888.87,63045029.0,18928.0,38091.47,2012.4,8400.0,69565.24,123915.66,1453.61,4835178.0,0.0,136742983.0,2686888.0,495740740.0,24786994.0,9225.0,185.0,37769700.0,5532760.0,146.0,9444887.0,13127568.0,1390.0,146296233.0,2010537.94,14.0,726039838.0,55917319.0,77.0,129657972.0,2090490.23,16.0,175000.0,600000.0,3428.6,5027831.0,85930827.0,17091.0,2438843.0,4014058.0,1645.9,152777240.0,,,485112117.0,22066696.0,520424596.11,23584.2,24119335.0,121930527.0,5055.3,15286.29,,16131.19,
159,China,2014,381370.0,1461400.0,3832.0,95811.86,63046907.0,17387.0,44494.0,2559.1,9000.0,70288.47,115368.56,2065.43,4632640.0,0.0,136736730.0,2737789.0,459063440.0,24972550.34,9121.0,168.0,37864089.0,5556252.17,147.0,9188499.0,12830527.49,1396.0,151837895.0,2097488.35,14.0,744917877.0,57661871.6,77.0,135661004.0,2180913.23,16.0,160000.0,500000.0,3125.0,4912707.0,84211784.0,17141.6,2384844.0,4112669.0,1724.5,152770240.0,,,484914637.0,22481830.0,533459392.29,23728.5,24071629.0,126215211.0,5243.3,9823.5,,16581.14,
159,China,2015,374510.0,1411400.0,3768.7,82209.97,63195900.0,18299.0,44905.99,2454.0,6812.45,66462.91,101448.69,1062.56,4794817.0,0.0,141831929.0,2883429.0,465424032.0,26271386.94,9111.0,161.0,37960615.0,5566157.5,147.0,9571588.0,13343845.01,1394.0,156288160.0,2157785.81,14.0,734077183.0,57415739.63,78.0,138522013.0,2243643.24,16.0,147752.0,490863.77,3322.2,4788098.0,82893206.97,17312.3,2397589.0,4176765.0,1742.1,162237927.0,,,477232843.0,23496933.0,564181099.23,24010.8,24599116.0,132646335.0,5392.3,14055.85,,14858.78,
159,China,2016,360900.0,1192400.0,3304.0,79355.85,63539173.0,18479.0,42499.3,2299.9,6914.83,67747.82,98560.79,1028.71,4973842.0,0.0,145221781.0,2991467.0,465801682.0,27244227.18,9107.0,156.0,38440869.0,5565957.12,145.0,9884968.0,13808618.36,1397.0,162760349.0,2257238.34,14.0,710504716.0,55206919.81,78.0,144265013.0,2347275.24,16.0,160917.0,530287.92,3295.4,4805124.0,84986523.0,17686.6,2613134.0,4526697.0,1732.3,166668036.0,,,463613064.0,22864236.0,559740270.35,24481.0,24698345.0,133274638.0,5396.1,13915.86,,14539.11,
159,China,2017,329990.0,1085200.0,3288.6,78752.27,61986997.0,17864.0,42408.06,2374.0,6716.79,67040.56,97931.48,1359.11,5132558.0,0.0,138383109.0,2929819.0,538822047.0,26954499.46,9200.0,184.0,39121748.0,5725595.82,146.0,10279761.0,13861131.72,1348.0,147044377.0,2310137.64,16.0,711540558.0,55455394.3,78.0,161007812.0,2402457.25,15.0,155231.0,530176.98,3415.4,4862361.0,88536429.0,18208.5,2707787.0,5016822.0,1852.7,164079094.0,,,447135791.0,23162907.0,569421823.43,24583.3,24480542.0,134246679.0,5483.8,13828.56,,14507.74,
159,China,2018,262480.0,956500.0,3644.1,79666.15,63417916.0,18022.0,43212.72,2397.8,6645.46,66300.07,100305.3,1374.67,5229823.0,0.0,135889087.0,2963139.0,544304735.0,27229822.66,9190.0,184.0,39636801.0,5810391.02,147.0,10995448.0,14583728.12,1326.0,148125640.0,2329586.02,16.0,703464101.0,54991734.7,78.0,162048728.0,2422857.25,15.0,154638.0,527723.92,3412.6,4760724.0,90321442.0,18972.2,2759651.0,5026628.0,1821.5,161388406.0,,,433709796.0,23343131.0,578458232.71,24780.7,24268721.0,131446596.0,5416.3,13967.05,,14921.25,
159,China,2019,253288.0,976361.24,3854.7,83270.95,64118278.0,18380.0,44141.6,2401.6,6703.47,66845.19,106766.18,1436.95,5281774.0,,137367233.0,3136986.0,576785535.0,28853632.47,9198.0,184.0,40865886.0,6019955.34,147.0,11232538.0,14457109.69,1287.0,151483010.0,2390533.76,16.0,553730020.0,43497805.77,79.0,165574531.0,2486400.25,15.0,154841.0,540960.63,3493.6,4038885.0,89562447.0,22175.0,2677451.0,4835563.3,1806.0,163489814.0,,,316030373.0,23564835.0,588747704.67,24984.2,23732560.0,133601131.0,5629.4,14556.91,,15789.39,
159,China,2020,281919.0,1006020.41,3568.5,89551.77,67087504.0,18680.0,44931.04,2405.3,6605.57,69500.67,116537.75,1545.41,5308184.0,,133583799.0,3288235.0,604680583.0,30234004.17,9195.0,184.0,41150901.0,6066399.94,147.0,11467222.0,15283852.06,1333.0,151426330.0,2413977.14,16.0,536782373.0,42102155.62,78.0,176449906.0,2510800.26,14.0,154904.0,532953.84,3440.6,4675654.0,92852722.05,19858.8,2656533.0,4803399.43,1808.1,173095481.0,,,412135713.0,23795335.0,588030621.86,24712.0,23383000.0,134256000.0,5741.6,15573.87,,17146.3,
159,China,2021,265896.0,979627.22,3684.3,96198.0,68881445.0,18361.0,44091.55,2401.3,6607.1,73064.27,123258.34,1660.26,5318104.0,,133443156.0,3233113.0,594653784.0,29732668.32,9196.0,184.0,42429528.0,6292087.57,148.0,11685469.0,15409370.26,1319.0,157877976.0,2520547.2,16.0,680668965.0,53892871.22,79.0,194336545.0,2621800.27,13.0,154794.0,533879.47,3449.0,4635238.0,94412175.0,20368.4,2653898.0,4874685.61,1836.8,186376983.0,,,454805938.0,23682510.0,601375607.09,25393.2,23570400.0,136949000.0,5810.2,16412.78,,18068.99,
159,China,2022,267035.0,987336.29,3697.4,103125.44,71670759.0,18475.0,44385.73,2402.5,6586.62,75030.65,129583.01,1759.67,5300229.0,,132359679.0,3278519.0,602751260.0,30137537.35,9192.0,184.0,43624556.0,6479414.82,149.0,11815440.0,15006948.58,1270.0,155627869.0,2571687.82,17.0,709313162.0,56346006.08,79.0,204918995.0,2675103.26,13.0,154846.0,535931.31,3461.1,4537542.0,92360428.0,20354.7,2641020.0,4892648.93,1852.6,194030283.0,,,457997129.0,23770313.0,599968069.08,25240.2,23522000.0,137726000.0,5855.2,17095.71,,18950.77,
159,China,2023,271617.0,990994.64,3648.5,109579.2,73718088.0,18508.0,44470.34,2402.7,6507.05,74811.1,136144.43,1869.91,5326091.0,,129449976.0,3376246.0,620848404.0,31042398.89,9194.0,184.0,45277313.0,6789201.45,150.0,12030027.0,15483430.82,1287.0,153980331.0,2604559.45,17.0,735504796.0,58840335.5,80.0,207165199.0,2709426.27,13.0,154848.0,534254.87,3450.2,4574952.0,93492106.0,20435.6,2635705.0,4920610.03,1866.9,192983881.0,,,439480436.0,23765494.0,603056608.05,25375.3,23629200.0,136594100.0,5780.7,17631.08,,19866.5,
191,Croatia,2000,55511.0,179652.0,3236.3,2171.0,426570.0,1695.0,4529.81,2672.5,,952.16,,21153.0,7046.0,,79393.0,5709.0,774500.0,46470.0,8140.0,136.0,147537.0,27854.0,189.0,26000.0,24700.0,950.0,12500.0,225.0,18.0,880000.0,63700.0,72.0,180112.0,2028.0,11.0,26042.0,61604.0,2365.6,65232.0,553712.0,8488.3,8993.0,14017.35,1558.6,528675.0,95.0,,1233000.0,27768.0,459540.3,16549.2,182333.0,865260.0,4745.5,,2161.2,420.0,2292.0
191,Croatia,2001,61267.0,192067.0,3134.9,2626.0,438423.0,1741.0,4638.97,2664.8,,898.7,,22674.0,7481.0,,92943.0,5775.0,786820.0,47209.0,8175.0,136.0,130661.0,25570.0,196.0,27000.0,25600.0,948.0,12500.0,225.0,18.0,889000.0,63900.0,72.0,171191.0,1993.0,12.0,26103.0,71632.0,2744.2,65641.0,670233.0,10210.6,8810.0,21302.0,2417.8,539498.0,95.0,,1234000.0,27490.0,549236.9,19979.5,184274.0,811674.0,4404.7,,2302.29,300.0,1732.0
191,Croatia,2002,61165.0,206478.0,3375.8,2530.0,417113.0,1787.0,4748.76,2657.2,,1032.35,,22395.0,7060.0,,96534.0,5610.0,761620.0,45697.0,8146.0,136.0,148630.0,26602.0,179.0,36400.0,34539.0,949.0,12500.0,225.0,18.0,827000.0,65100.0,79.0,208110.0,2363.0,11.0,24484.0,74187.0,3030.0,64640.0,736198.0,11389.2,8867.0,24193.89,2728.4,580016.0,0.0,,1286000.0,26454.0,577280.81,21821.9,179153.0,822650.0,4591.9,,2288.78,300.0,1493.0
191,Croatia,2003,65001.0,160203.0,2464.6,2184.0,444320.0,1834.0,4858.55,2649.6,,811.03,,21798.0,6852.0,,86087.0,6447.0,873000.0,52380.0,8125.0,135.0,142800.0,28150.0,197.0,43600.0,41380.0,949.0,11000.0,198.0,18.0,807000.0,61750.0,77.0,185000.0,3000.0,16.0,25300.0,53025.0,2095.8,63097.0,375050.0,5944.0,8612.0,16534.78,1919.9,586641.0,0.0,,1346663.0,28959.0,472807.06,16326.8,157175.0,506212.0,3220.7,,2210.97,600.0,423.0
191,Croatia,2004,67538.0,237603.0,3518.1,2346.0,465935.0,1881.0,4968.35,2641.1,,901.67,,20448.0,7492.0,,126060.0,6056.0,800830.0,48053.0,7935.0,132.0,157000.0,31507.0,201.0,42000.0,38500.0,917.0,12000.0,216.0,18.0,1050000.0,80000.0,76.0,181000.0,2213.0,12.0,23457.0,73462.0,3131.8,16043.0,247057.0,15399.7,7849.0,9126.92,1162.8,721578.0,0.0,,1489335.0,28339.0,662572.24,23380.1,162634.0,801424.0,4927.8,,2088.82,780.0,450.0
191,Croatia,2005,50341.0,162530.0,3228.6,2400.0,471025.0,,,,,734.03,,21000.0,7267.0,,134483.0,5862.0,823000.0,49380.0,8424.0,140.0,158800.0,32800.0,207.0,32600.0,31000.0,951.0,19307.0,347.52,18.0,1470000.0,112200.0,76.0,257817.0,2750.0,11.0,21185.0,49470.0,2335.1,18903.0,273409.0,14463.8,7935.0,10102.61,1273.2,796480.0,0.0,,1204960.0,27751.0,730899.5,26338.2,146253.0,601748.0,4114.4,,2120.5,300.0,450.0
191,Croatia,2006,59159.0,215262.0,3638.7,2267.0,482905.0,,,,,762.08,,22000.0,7017.0,,102877.0,5758.0,845600.0,50736.0,8811.0,147.0,172000.0,36230.0,211.0,31000.0,29500.0,952.0,18898.0,340.17,18.0,1470000.0,112300.0,76.0,229142.0,2524.0,11.0,24914.0,66630.0,2674.4,16759.0,274529.0,16381.0,7643.0,7713.0,1009.2,679839.0,0.0,,1488488.0,30161.0,872560.97,28930.4,175551.0,804601.0,4583.3,,2234.25,300.0,450.0
191,Croatia,2007,59000.0,225265.0,3818.1,3562.0,467077.0,,,,,720.61,,29331.0,6816.0,,91902.0,5530.0,803765.0,48225.0,8721.0,145.0,158650.0,33400.0,211.0,32900.0,31200.0,948.0,21026.0,378.46,18.0,1680000.0,127900.0,76.0,227689.0,2540.0,11.0,27967.0,56150.0,2007.7,17355.0,296302.0,17073.0,5689.0,5973.0,1049.9,645992.0,0.0,,1348343.0,35880.0,879753.0,24519.3,175045.0,812347.0,4640.8,,2943.47,300.0,450.0
191,Croatia,2008,65536.0,279106.0,4258.8,4261.0,453555.0,,,,,858.0,,31418.0,6727.0,,83877.0,5486.0,787305.0,47238.0,8611.0,144.0,177000.0,35700.0,202.0,32700.0,31100.0,951.0,35918.0,646.52,18.0,1590000.0,121000.0,76.0,278592.0,2415.0,9.0,19873.0,65328.0,3287.3,15000.0,255554.0,17036.9,3582.0,7394.38,2064.0,643384.0,0.0,,1103882.0,41568.0,1283683.0,30881.5,156536.0,858333.0,5483.3,,3166.96,300.0,450.0
191,Croatia,2009,59584.0,243609.0,4088.5,4923.0,447000.0,,,,,792.0,,28000.0,6707.0,,76119.0,5700.0,805166.0,48300.0,8474.0,141.0,220000.0,36800.0,167.0,30500.0,29000.0,951.0,39054.0,702.98,18.0,1720000.0,131000.0,76.0,272220.0,2300.0,8.0,20901.0,62297.0,2980.6,14000.0,270251.0,19303.6,3674.0,6957.0,1893.5,619000.0,0.0,,1249874.0,39608.0,1203650.0,30389.1,180376.0,936076.0,5189.6,,2826.5,300.0,450.0
191,Croatia,2010,52524.0,172359.0,3281.5,4810.0,444000.0,2177.0,5627.09,2585.2,0.0,0.0,,28690.0,5041.0,26440.0,75215.0,5040.0,704119.0,42300.0,8393.0,140.0,280000.0,37500.0,134.0,23500.0,47600.0,2026.0,57228.0,1030.1,18.0,1592000.0,121000.0,76.0,322633.0,2200.0,7.0,19280.0,48190.0,2499.5,10950.0,178611.0,16311.5,2790.0,5305.22,1901.5,630000.0,0.0,,1230574.0,37758.0,1097726.0,29072.6,168507.0,681017.0,4041.5,0.0,2888.08,0.0,450.0
191,Croatia,2011,48318.0,193961.0,4014.3,5470.0,446555.0,2227.0,5736.88,2575.9,0.0,0.0,,29800.0,4222.0,26050.0,70030.0,4221.0,691600.0,41500.0,9832.0,164.0,262800.0,36200.0,138.0,29500.0,48500.0,1644.0,56444.0,1015.99,18.0,1580300.0,120100.0,76.0,363743.0,5000.0,14.0,25344.0,77223.0,3047.0,10881.0,167524.0,15396.0,2854.0,5476.0,1918.7,638608.0,0.0,,1233406.0,42091.0,1121685.0,26649.0,149797.0,782499.0,5223.7,0.0,3046.46,0.0,450.0
191,Croatia,2012,56905.0,235778.0,4143.4,5260.0,452000.0,2278.0,5846.67,2566.6,0.0,630.52,,31360.0,4415.0,26800.0,71978.0,4415.0,584957.0,35100.0,7950.0,132.0,220400.0,47100.0,214.0,28600.0,50000.0,1748.0,61045.0,1098.8,18.0,1684000.0,126900.0,75.0,441500.0,5400.0,12.0,28514.0,94542.0,3315.6,10232.0,151278.0,14784.8,1736.0,2761.0,1590.4,679313.0,0.0,,1182347.0,35681.0,867457.0,24311.5,186949.0,999681.0,5347.3,0.0,3167.83,0.0,300.0
191,Croatia,2013,53796.0,201339.0,3742.6,4870.0,442000.0,2290.0,5952.11,2598.8,,1015.19,,32300.0,4125.0,26800.0,68948.0,4000.0,605600.0,36400.0,9100.0,151.0,206900.0,47400.0,229.0,40214.0,48800.0,1214.0,63300.0,900.0,14.0,1477000.0,106500.0,72.0,489400.0,5600.0,11.0,21656.0,60178.0,2778.8,10234.0,162501.0,15878.5,2016.0,3127.0,1551.1,619852.0,0.0,,1110650.0,37391.0,1195947.0,31984.9,204506.0,998940.0,4884.6,0.0,3270.82,0.0,300.0
191,Croatia,2014,46160.0,175592.0,3804.0,3997.0,441000.0,2293.0,5902.94,2574.6,,671.0,,31950.0,9803.0,26350.0,60697.0,3700.0,572000.0,34200.0,9243.0,155.0,194600.0,44300.0,228.0,40191.0,49800.0,1239.0,56200.0,800.0,14.0,1362800.0,95700.0,70.0,457800.0,5300.0,12.0,21146.0,56555.0,2674.5,10310.0,160847.0,15601.1,2409.0,3404.0,1413.0,604866.0,0.0,,1156220.0,34156.0,1139936.0,33374.4,156139.0,648917.0,4156.0,0.0,3003.15,0.0,351.17
191,Croatia,2015,43700.0,193451.0,4426.8,3840.0,440092.0,1730.0,4479.0,2589.0,60.0,60.0,,33590.0,9599.0,27340.0,62000.0,3000.0,564305.0,33300.0,11100.0,188.0,183038.0,42000.0,229.0,42858.0,52300.0,1220.0,41333.0,600.0,15.0,1400113.0,94000.0,67.0,374073.0,5000.0,13.0,23462.0,71743.0,3057.8,10047.0,171179.0,17037.8,2196.0,2756.28,1254.9,607711.0,0.0,,1166888.0,42216.0,1346111.0,31886.3,140986.0,758638.0,5380.9,,3308.9,244.21,305.26
191,Croatia,2016,56483.0,263165.0,4659.2,3940.0,444613.0,3427.0,9170.0,2675.8,60.0,70.0,,35690.0,9220.0,29410.0,75530.0,3497.0,662500.0,39800.0,11381.0,189.0,190423.0,44709.0,235.0,47157.0,52000.0,1103.0,42856.0,500.0,12.0,1458334.0,98018.0,67.0,426989.0,4971.0,12.0,26572.0,80414.0,3026.3,9866.0,193962.0,19659.6,3213.0,5741.86,1787.1,618896.0,0.0,,1163027.0,40389.0,1465859.0,36293.5,171400.0,969050.0,5653.7,460.0,3511.28,256.01,320.01
191,Croatia,2017,53950.0,260426.0,4827.2,4580.0,450757.0,2225.0,5273.0,2369.9,80.0,90.0,,34500.0,9840.0,30510.0,76771.0,3587.0,653901.0,39234.0,10937.0,182.0,182462.0,42562.0,233.0,46326.0,52400.0,1131.0,51799.0,600.0,12.0,1466887.0,104505.0,71.0,404953.0,4704.0,12.0,23139.0,68333.0,2953.2,9833.0,156089.0,15874.0,2570.0,3875.4,1507.8,636808.0,0.0,,1121032.0,37370.0,1038722.0,27795.6,118380.0,687595.0,5808.4,,3399.65,257.17,321.46
191,Croatia,2018,50990.0,230170.0,4514.0,3720.0,414000.0,700.0,780.0,1114.3,90.0,90.0,,30820.0,10881.0,32040.0,80000.0,2796.0,589073.0,,,211.0,180400.0,43780.0,243.0,35892.0,52600.0,1466.0,41700.0,500.0,12.0,1567200.0,113500.0,72.0,454300.0,5270.0,12.0,15890.0,45350.0,2854.0,9270.0,182260.0,19661.3,2540.0,4500.0,1771.7,636000.0,0.0,,1049000.0,33094.0,1183665.0,35766.8,138460.0,753060.0,5438.8,,3036.1,240.1,302.86
191,Croatia,2019,53660.0,278600.0,5191.9,4440.0,420000.0,630.0,1000.0,1587.3,140.0,190.0,,33440.0,12162.0,35410.0,82000.0,2786.0,602246.0,,,216.0,183200.0,45430.0,248.0,36908.0,53940.0,1461.0,47900.0,500.0,10.0,1604800.0,120800.0,75.0,464200.0,5340.0,12.0,18500.0,58250.0,3148.6,9390.0,173150.0,18439.8,2510.0,4910.0,1956.2,658000.0,1830.0,,1022000.0,32510.0,1125040.0,34606.0,143150.0,803270.0,5611.4,,2782.35,221.95,278.29
191,Croatia,2020,66330.0,325520.0,4907.6,3550.0,423000.0,1040.0,1900.0,1826.9,150.0,250.0,,31370.0,12508.0,33030.0,86000.0,2865.0,668926.0,,,233.0,169650.0,43370.0,256.0,38248.0,56650.0,1481.0,52400.0,600.0,11.0,1496800.0,110300.0,74.0,429400.0,4960.0,12.0,19400.0,66100.0,3407.2,9330.0,174280.0,18679.5,1890.0,3460.0,1830.7,662000.0,576.61,,1033000.0,37200.0,1427380.0,38370.4,147840.0,867530.0,5868.0,,2561.09,203.7,255.41
191,Croatia,2021,56480.0,309770.0,5484.6,5200.0,428000.0,970.0,1710.0,1762.9,142.0,245.0,,32360.0,11629.0,32100.0,86000.0,3258.0,736217.0,,,226.0,170900.0,43180.0,253.0,39351.0,58610.0,1489.0,47200.0,500.0,11.0,1701500.0,122500.0,72.0,484700.0,5610.0,12.0,17060.0,59520.0,3488.9,8790.0,127830.0,14542.7,2220.0,4070.0,1833.3,654000.0,864.41,,972000.0,31950.0,1005260.0,31463.5,147390.0,986930.0,6696.0,0.0,2360.95,0.0,272.12
191,Croatia,2022,63070.0,321900.0,5103.9,4820.0,422000.0,1030.0,1000.0,970.9,140.0,220.0,,33240.0,10436.0,32460.0,82000.0,2682.0,682285.0,,,254.0,162500.0,41230.0,254.0,39410.0,58960.0,1496.0,47000.0,500.0,11.0,1558500.0,112220.0,72.0,512200.0,5970.0,12.0,15930.0,48530.0,3046.5,7370.0,103400.0,14029.9,3080.0,4710.0,1529.2,643000.0,1113.49,,945000.0,34900.0,890620.0,25519.2,161830.0,971470.0,6003.0,0.0,2424.68,0.0,271.52
191,Croatia,2023,72630.0,293410.0,4039.8,3900.0,415000.0,940.0,770.0,819.1,210.0,200.0,,32570.0,10080.0,32110.0,73000.0,2852.0,654765.0,,,230.0,158800.0,41180.0,259.0,39274.0,60220.0,1533.0,44900.0,500.0,11.0,1524600.0,110870.0,73.0,536900.0,6570.0,12.0,13150.0,34110.0,2593.9,7230.0,126280.0,17466.1,3990.0,6640.0,1664.2,552000.0,792.87,,853000.0,,1081090.0,,172850.0,834230.0,4826.3,0.0,2374.56,0.0,261.4
196,Cyprus,2000,45000.0,37600.0,835.6,,53979.0,,,,1460.0,2870.0,,820.0,3600.0,,378600.0,915.0,192400.0,10584.0,11567.0,210.0,18400.0,4450.0,242.0,17600.0,30913.0,1756.0,243000.0,6300.0,26.0,644000.0,52250.0,81.0,163000.0,4220.0,26.0,330.0,350.0,1060.6,6500.0,117000.0,18000.0,786.0,856.0,1089.1,246000.0,,,408409.0,3220.0,103154.56,32034.1,6150.0,10000.0,1626.0,,,,
196,Cyprus,2001,50200.0,116500.0,2320.7,,53434.0,,,,1800.0,3450.0,,990.0,3400.0,,427100.0,920.0,203500.0,11190.0,12163.0,221.0,15500.0,3900.0,252.0,17748.0,32370.0,1824.0,261200.0,6750.0,26.0,644300.0,50700.0,79.0,164000.0,4240.0,26.0,370.0,380.0,1027.0,5715.0,121000.0,21172.4,795.0,891.0,1120.8,296600.0,,,451274.0,3208.0,105402.33,32858.9,5400.0,10500.0,1944.4,,,,
196,Cyprus,2002,52900.0,128400.0,2427.2,,58156.0,,,,1850.0,3520.0,,1005.0,3590.0,,459500.0,900.0,224000.0,12320.0,13689.0,249.0,15561.0,3800.0,244.0,17697.0,33382.0,1886.0,292000.0,7770.0,27.0,651000.0,51800.0,80.0,190500.0,4810.0,25.0,400.0,450.0,1125.0,5715.0,148500.0,25984.3,810.0,896.0,1106.2,294000.0,,,491374.0,3187.0,104160.72,32683.0,5900.0,12900.0,2186.4,,,,
196,Cyprus,2003,65007.0,150000.0,2307.4,,58335.0,,,,1950.0,3543.0,,1014.0,3473.0,,407917.0,850.0,248300.0,13655.0,16065.0,292.0,17726.0,4003.0,226.0,17292.0,31990.0,1850.0,191900.0,4932.0,26.0,668808.0,54313.0,81.0,131214.0,3129.0,24.0,513.0,410.0,799.2,5511.0,127500.0,23135.5,943.0,894.0,948.0,264552.0,,,489558.0,3196.0,97474.65,30494.3,7225.0,14280.0,1976.5,,,,
196,Cyprus,2004,58448.0,100990.0,1727.9,,60311.0,,,,2050.0,2705.0,,773.0,3068.0,,377977.0,700.0,199300.0,10962.0,15660.0,285.0,16611.0,3804.0,229.0,15697.0,31427.0,2002.0,174000.0,4337.0,25.0,678200.0,55215.0,81.0,111500.0,2653.0,24.0,499.0,490.0,982.0,5380.0,131650.0,24470.3,1017.0,917.0,901.7,278984.0,,,470504.0,2970.0,98855.57,33284.7,7450.0,9930.0,1332.9,,,,
196,Cyprus,2005,52517.0,60286.0,1147.9,,57579.0,,,,1480.0,2827.0,,808.0,2822.0,,329297.0,570.0,172000.0,9457.0,16591.0,302.0,18687.0,4182.0,224.0,16224.0,32523.0,2005.0,177053.0,4278.0,24.0,672747.0,54684.0,81.0,119241.0,2667.0,22.0,437.0,650.0,1487.4,6190.0,152500.0,24636.5,1017.0,944.0,928.2,268574.0,,,429719.0,2902.0,99064.04,34133.2,5264.0,9249.0,1757.0,,,,
196,Cyprus,2006,48914.0,58372.0,1193.4,,56109.0,,,,1180.0,2462.0,,746.0,2763.0,,344929.0,550.0,165000.0,9087.0,16522.0,300.0,18506.0,4003.0,216.0,13142.0,26320.0,2003.0,157874.0,4186.0,27.0,647586.0,52512.0,81.0,129944.0,2989.0,23.0,492.0,943.0,1916.7,4290.0,127500.0,29720.3,1036.0,924.0,891.9,272192.0,,,452643.0,3216.0,97258.11,30246.4,5389.0,7518.0,1395.1,,,,
196,Cyprus,2007,34019.0,52007.0,1528.8,,55920.0,,,,1180.0,2300.0,,650.0,2800.0,,339000.0,517.0,156000.0,8577.0,16590.0,302.0,17348.0,3920.0,226.0,14157.0,28342.0,2002.0,166210.0,4012.0,24.0,678797.0,54978.0,81.0,132875.0,3094.0,23.0,500.0,814.0,1628.0,6290.0,155500.0,24721.8,978.0,874.0,893.7,259400.0,,,450296.0,2922.0,92643.25,31703.3,5287.0,10712.0,2026.1,,,,
196,Cyprus,2008,30680.0,3496.0,114.0,,55684.0,,,,1250.0,2434.0,,695.0,2904.0,,318401.0,521.0,181450.0,9980.0,19155.0,348.0,18662.0,4248.0,228.0,14166.0,28727.0,2028.0,168350.0,3874.0,23.0,725260.0,59173.0,82.0,151997.0,3337.0,22.0,303.0,373.0,1231.0,5110.0,115000.0,22504.9,1004.0,994.0,990.0,267308.0,,,464932.0,2441.0,81860.32,33531.8,4990.0,2472.0,495.4,,,,
196,Cyprus,2009,22444.0,40092.0,1786.3,,54097.0,,,,1120.0,2198.0,,2320.0,2960.0,,280836.0,545.0,179450.0,9787.0,17958.0,329.0,17318.0,4505.0,260.0,13426.0,27176.0,2024.0,126608.0,2739.0,22.0,722159.0,58102.0,80.0,136705.0,2747.0,20.0,2950.0,2038.0,690.8,4970.0,112500.0,22635.8,857.0,1044.0,1218.2,300200.0,,,463263.0,2188.0,74919.75,34236.7,5761.0,14690.0,2549.9,,,,
196,Cyprus,2010,24150.0,46062.0,1907.3,10.0,54715.0,,,,240.0,910.0,,1350.0,2981.0,4370.0,307428.0,618.0,156600.0,8613.0,13937.0,253.0,16441.0,4479.0,272.0,13809.0,27616.0,2000.0,120877.0,2317.0,19.0,734064.0,57058.0,78.0,135796.0,2526.0,19.0,909.0,781.0,859.2,4255.0,82000.0,19271.4,760.0,881.0,1159.2,328864.0,0.0,,463729.0,2015.0,74467.94,36949.0,7833.0,18889.0,2411.5,0.0,0.0,0.0,0.0
196,Cyprus,2011,24955.0,45716.0,1831.9,10.0,56915.0,,,,420.0,790.0,,1310.0,2890.0,4080.0,290334.0,569.0,172450.0,9472.0,16647.0,303.0,15998.0,4827.0,302.0,13475.0,26950.0,2000.0,121647.0,2352.0,19.0,710675.0,55213.0,78.0,140623.0,2573.0,18.0,369.0,739.0,2002.7,5065.0,126080.0,24892.4,946.0,994.0,1050.7,355944.0,0.0,,439236.0,2049.0,73467.75,35846.8,10592.0,23740.0,2241.3,0.0,0.0,0.0,0.0
196,Cyprus,2012,28853.0,67028.0,2323.1,20.0,56918.0,,,,390.0,780.0,,800.0,3090.0,4080.0,271175.0,606.0,174320.0,9610.0,15858.0,288.0,16716.0,5313.0,318.0,12574.0,25147.0,2000.0,121208.0,2682.0,22.0,651094.0,51722.0,79.0,159674.0,3050.0,19.0,419.0,796.0,1899.8,4550.0,82200.0,18065.9,919.0,1038.0,1129.5,346836.0,0.0,,394706.0,2134.0,70137.98,32873.7,8550.0,22923.0,2681.1,0.0,0.0,0.0,0.0
196,Cyprus,2013,23534.0,36006.0,1530.0,10.0,57582.0,,,,350.0,710.0,,1040.0,3245.0,3760.0,243125.0,660.0,192618.0,10594.0,16052.0,292.0,15197.0,4562.0,300.0,10935.0,21819.0,1995.0,107483.0,2278.0,21.0,608624.0,48664.0,80.0,160521.0,3016.0,19.0,305.0,736.0,2413.1,4638.0,98480.0,21233.3,886.0,1179.0,1330.7,313458.0,0.0,,357895.0,2215.0,64884.59,29298.6,6921.0,15181.0,2193.5,0.0,0.0,0.0,0.0
196,Cyprus,2014,18939.0,2720.0,143.6,20.0,60874.0,,,,300.0,520.0,,2070.0,3200.0,3560.0,240000.0,660.0,191927.0,10556.0,15994.0,291.0,14710.0,4573.0,311.0,11099.0,21488.0,1936.0,95814.0,2079.0,22.0,563693.0,42618.0,76.0,152042.0,3126.0,21.0,229.0,197.0,860.3,4912.0,114997.0,23411.4,836.0,972.0,1162.7,322400.0,,,342065.0,2120.0,72227.07,34063.8,6135.0,4445.0,724.5,0.0,,0.0,0.0
196,Cyprus,2015,20560.0,52175.0,2537.7,30.0,58559.0,,,,180.0,590.0,,2050.0,3206.0,3260.0,236920.0,576.0,167700.0,9222.0,16010.0,291.0,14937.0,4953.0,332.0,11792.0,23734.0,2013.0,95048.0,2061.0,22.0,579374.0,43774.0,76.0,158360.0,3388.0,21.0,317.0,596.0,1880.1,4735.0,95921.0,20257.9,885.0,1003.0,1133.3,296857.0,0.0,,358058.0,2229.0,68795.5,30862.0,11969.0,35356.0,2954.0,0.0,0.0,0.0,0.0
196,Cyprus,2016,14536.0,2907.0,200.0,30.0,63147.0,,,,180.0,750.0,,2440.0,3050.0,3460.0,246624.0,436.0,153283.0,9657.0,22168.0,352.0,16378.0,4953.7,302.0,11927.0,23854.67,2000.0,88737.0,1915.4,22.0,578303.0,43898.9,76.0,144130.0,3037.5,21.0,367.0,352.0,959.1,5041.0,122803.0,24360.8,834.0,997.0,1195.4,304187.0,0.0,,352769.0,2258.0,64677.09,28640.1,8386.0,6902.0,823.0,,,0.0,0.0
196,Cyprus,2017,10953.0,18754.0,1712.2,30.0,66862.0,,,,220.0,820.0,,2670.0,3428.0,3620.0,257637.0,450.0,152932.0,9635.0,21411.0,340.0,16578.0,5101.1,308.0,12550.0,25099.74,2000.0,98832.0,2115.5,21.0,574158.0,43143.4,75.0,155125.0,3141.4,20.0,248.0,490.0,1975.8,4219.0,109923.0,26054.3,558.0,837.0,1500.0,321488.0,0.0,,350147.0,2163.0,59529.48,27516.6,8678.0,16592.0,1912.0,,,0.0,0.0
196,Cyprus,2018,12800.0,7920.0,618.8,70.0,70820.0,,,,270.0,680.0,,2780.0,,3520.0,250412.0,,148730.0,9369.0,,,16860.0,5280.0,313.0,12742.0,25250.0,1982.0,110810.0,2310.0,21.0,560230.0,41800.0,75.0,171430.0,3310.0,19.0,220.0,400.0,1818.2,4540.0,105330.0,23200.4,310.0,530.0,1709.7,310988.0,0.0,,362100.0,1660.0,53210.0,32054.2,10200.0,15330.0,1502.9,,,0.0,0.0
196,Cyprus,2019,11580.0,30400.0,2625.2,40.0,73970.0,,,,240.0,790.0,,3010.0,,3640.0,249820.0,,166923.0,10503.0,,,17250.0,5610.0,325.0,13326.0,26650.0,2000.0,115860.0,2330.0,20.0,583020.0,43350.0,74.0,175110.0,3100.0,18.0,220.0,220.0,1000.0,3880.0,82100.0,21159.8,280.0,470.0,1678.6,323240.0,0.0,,351760.0,1550.0,51490.0,33219.4,10590.0,29470.0,2782.8,0.0,0.0,0.0,0.0
196,Cyprus,2020,12520.0,26710.0,2133.4,40.0,83030.0,,,,240.0,850.0,,2440.0,4655.0,3260.0,261110.0,760.0,150752.0,,,198.0,15320.0,4640.0,303.0,13264.0,26530.0,2000.0,106870.0,2130.0,20.0,567940.0,42390.0,75.0,159070.0,2520.0,16.0,330.0,360.0,1090.9,3800.0,91880.0,24178.9,300.0,470.0,1566.7,326330.0,0.0,,359060.0,1650.0,49210.0,29824.2,12970.0,34650.0,2671.5,0.0,0.0,0.0,0.0
196,Cyprus,2021,12830.0,26100.0,2034.3,40.0,84610.0,,,,250.0,940.0,,2920.0,,3460.0,257120.0,,,,,,19820.0,5900.0,298.0,13322.0,26640.0,2000.0,131470.0,2530.0,19.0,589380.0,43710.0,74.0,167650.0,2620.0,16.0,300.0,390.0,1300.0,3990.0,98980.0,24807.0,270.0,480.0,1777.8,350550.0,0.0,,360590.0,1600.0,51740.0,32337.5,12320.0,25930.0,2104.7,0.0,0.0,0.0,0.0
196,Cyprus,2022,10680.0,24450.0,2289.3,40.0,81440.0,,,,240.0,950.0,,2330.0,,3570.0,254180.0,,,,,,20840.0,5490.0,263.0,13556.0,27110.0,2000.0,129730.0,2660.0,21.0,553470.0,40320.0,73.0,190190.0,2950.0,16.0,250.0,430.0,1720.0,3790.0,85160.0,22469.7,290.0,460.0,1586.2,343630.0,0.0,,330870.0,1670.0,48150.0,28832.3,13310.0,31100.0,2336.6,0.0,0.0,0.0,0.0
196,Cyprus,2023,9490.0,19790.0,2085.4,50.0,82270.0,,,,290.0,1640.0,,2400.0,4655.0,3630.0,233920.0,854.0,,,,,18940.0,5060.0,267.0,13842.0,27680.0,2000.0,106820.0,2120.0,20.0,516390.0,37310.0,72.0,175000.0,2640.0,15.0,340.0,500.0,1470.6,3320.0,80150.0,24141.6,290.0,450.0,1551.7,353530.0,0.0,,309760.0,1630.0,47170.0,28938.7,14130.0,28250.0,1999.3,0.0,0.0,0.0,0.0
203,Czechia,2000,494737.0,1629372.0,3293.4,63882.0,1573530.0,4200.0,12000.0,2857.1,1091.55,90.0,24002.0,116407.0,29538.0,18000.0,31988.0,13000.0,3064000.0,187973.0,14459.0,236.0,374463.0,108161.0,289.0,155200.0,198625.0,1280.0,34000.0,300.0,9.0,4363198.0,416600.0,95.0,44833.0,800.0,18.0,50117.0,135858.0,2710.8,69198.0,1475992.0,21330.0,40031.0,84987.0,2123.0,84108.0,59985.0,,3687967.0,31423.0,459813.0,14633.2,970435.0,4084107.0,4208.5,15600.0,8760.0,12900.0,20000.0
203,Czechia,2001,495128.0,1965611.0,3969.9,64524.0,1582027.0,4100.0,11000.0,2682.9,967.5,90.0,25214.0,112793.0,30742.0,20000.0,28477.0,13000.0,3190000.0,192168.0,14782.0,245.0,355437.0,106045.0,298.0,171400.0,219363.0,1280.0,34000.0,300.0,9.0,4286446.0,414643.0,97.0,53831.0,848.0,16.0,47802.0,136363.0,2852.7,54137.0,1130477.0,20881.8,38207.0,91453.54,2393.6,90241.0,59985.0,,3593717.0,27514.0,420179.0,15271.4,923236.0,4476080.0,4848.3,6000.0,13596.0,12900.0,20000.0
203,Czechia,2002,488070.0,1792557.0,3672.7,66312.0,1520136.0,4000.0,10000.0,2500.0,768.0,90.0,21269.0,115332.0,28753.0,18000.0,13574.0,6601.0,1829420.0,105139.07,15928.0,277.0,374864.0,109494.0,292.0,161700.0,206570.0,1277.0,17500.0,151.0,9.0,4406787.0,415634.0,94.0,61072.0,962.0,16.0,61026.0,167708.0,2748.1,38314.0,900843.0,23512.1,34193.0,65124.71,1904.6,96246.0,55800.0,,3440925.0,15899.0,247259.63,15552.1,848830.0,3866473.0,4555.1,0.0,19698.0,13000.0,20000.0
203,Czechia,2003,549954.0,2068693.0,3761.6,58108.0,1473828.0,4500.0,13000.0,2888.9,768.75,90.0,19918.0,114311.0,25638.0,14000.0,12799.0,6755.0,1858727.0,106823.38,15814.0,275.0,372974.0,108126.0,290.0,155000.0,198346.0,1280.0,16500.0,141.0,9.0,4414429.0,411194.0,93.0,77809.0,1218.0,16.0,77370.0,233560.0,3018.7,35982.0,682511.0,18968.1,31009.0,62145.15,2004.1,103129.0,61380.0,,3362801.0,13439.0,227290.86,16913.4,648390.0,2637891.0,4068.4,0.0,19680.0,12950.0,22000.0
203,Czechia,2004,468995.0,2330582.0,4969.3,59352.0,1428329.0,4700.0,15000.0,3191.5,490.05,90.0,19913.0,114280.0,24366.0,28000.0,11912.0,6345.0,1708660.0,98198.84,15477.0,269.0,335812.0,96660.0,288.0,162800.0,201121.0,1235.0,13298.0,109.0,8.0,4617924.0,425502.0,92.0,52424.0,766.0,15.0,58572.0,227017.0,3875.9,35974.0,861798.0,23956.1,29056.0,88262.46,3037.7,115852.0,61380.0,,3126539.0,14897.0,276293.26,18546.4,863161.0,5042523.0,5841.9,12000.0,19680.0,12950.0,18000.0
203,Czechia,2005,521527.0,2195376.0,4209.5,52233.0,1397308.0,4600.0,13000.0,2826.1,461.93,55.0,19600.0,111000.0,24104.0,54000.0,12623.0,5539.0,1556697.0,89465.34,16151.0,281.0,281044.0,81031.0,288.0,173500.0,213481.0,1230.0,12993.0,114.0,9.0,4277564.0,380290.0,89.0,80502.0,1339.0,17.0,51666.0,151054.0,2923.7,36071.0,1013000.0,28083.5,39277.0,95956.0,2443.1,140197.0,61380.0,,2876834.0,11761.0,226033.0,19219.7,820439.0,4145039.0,5052.2,10000.0,19800.0,12600.0,16000.0
203,Czechia,2006,528142.0,1897703.0,3593.2,51983.0,1373645.0,4500.0,12000.0,2666.7,444.45,22.0,19200.0,108800.0,24768.0,42000.0,14402.0,5824.0,1508144.0,86674.92,14882.0,259.0,273586.0,79187.0,289.0,159300.0,207130.0,1300.0,13501.0,105.0,8.0,4039347.0,358505.0,89.0,89463.0,1518.0,17.0,57697.0,154906.0,2684.8,30026.0,692174.0,23052.5,39184.0,87633.14,2236.5,148412.0,48825.0,,2840375.0,11200.0,201908.19,18027.1,781520.0,3506252.0,4486.5,20000.0,22800.0,12600.0,16000.0
203,Czechia,2007,498691.0,1893408.0,3796.8,52516.0,1391393.0,8484.0,12421.0,1464.0,499.43,45.0,18000.0,101900.0,23599.0,43000.0,16222.0,6308.0,1618061.0,92992.0,14742.0,257.0,269657.0,79328.0,294.0,160000.0,201015.0,1256.0,13548.0,104.0,8.0,4066095.0,360318.0,89.0,99438.0,1542.0,16.0,59016.0,159408.0,2701.1,31908.0,820515.0,25715.0,30786.0,65382.0,2123.8,168910.0,48825.0,,2830415.0,11398.0,198479.09,17413.3,810987.0,3938924.0,4857.0,18400.0,36400.0,12600.0,14000.0
203,Czechia,2008,482395.0,2243865.0,4651.5,43615.0,1401607.0,6342.0,8605.0,1356.8,548.17,50.0,18000.0,106000.0,26105.0,46000.0,16627.0,6351.0,1721572.0,98941.0,15579.0,271.0,273669.0,80020.0,292.0,150000.0,195317.0,1302.0,15537.0,119.0,8.0,4050000.0,336485.0,83.0,111713.0,1749.0,16.0,49049.0,155868.0,3177.8,29788.0,769561.0,25834.6,22432.0,48013.99,2140.4,183618.0,48825.0,,2432984.0,10717.0,198833.48,18553.5,802325.0,4631502.0,5772.6,23000.0,33950.0,11000.0,14000.0
203,Czechia,2009,454820.0,2003032.0,4404.0,41719.0,1363213.0,6336.0,11272.0,1779.0,648.9,52.0,19000.0,103000.0,25487.0,50000.0,16674.0,6216.0,1667385.0,95827.0,15416.0,268.0,269354.0,77026.0,286.0,137584.0,188431.0,1370.0,17300.0,134.0,8.0,3386806.0,300136.0,89.0,121409.0,1886.0,16.0,50021.0,165993.0,3318.5,28734.0,752539.0,26189.8,31135.0,64774.08,2080.4,183084.0,48825.0,,1971417.0,9797.0,192203.66,19619.0,831300.0,4358073.0,5242.5,18400.0,28800.0,11000.0,12000.0
203,Czechia,2010,388925.0,1584456.0,4073.9,28580.0,1349286.0,6088.0,7694.0,1263.8,663.45,50.0,22000.0,115160.0,24042.0,46620.0,21709.0,3998.0,1236826.0,71082.0,17779.0,309.0,255475.0,74259.0,291.0,134211.0,184947.0,1378.0,17453.0,134.0,8.0,3271768.0,291469.0,89.0,134808.0,2091.0,16.0,52278.0,138244.0,2644.4,27079.0,665176.0,24564.3,33528.0,60836.39,1814.5,196913.0,14830.0,,1909232.0,9574.0,164386.03,17170.5,833577.0,4161553.0,4992.4,68000.0,33240.0,15300.0,10000.0
203,Czechia,2011,372780.0,1813679.0,4865.3,26860.0,1343686.0,5516.0,8091.0,1466.8,652.35,52.0,19000.0,113120.0,20577.0,46620.0,23263.0,4142.0,1271931.0,73099.0,17648.0,307.0,248389.0,72125.0,290.0,122465.0,168714.0,1378.0,17357.0,133.0,8.0,3133761.0,274617.0,88.0,144363.0,2237.0,15.0,45236.0,164298.0,3632.0,26450.0,805331.0,30447.3,24110.0,65848.68,2731.1,209052.0,14540.0,,1749092.0,10321.0,218890.28,21208.3,863132.0,4913048.0,5692.1,37500.0,28920.0,13310.0,13290.0
203,Czechia,2012,382330.0,1616467.0,4227.9,27300.0,1353685.0,7403.0,13042.0,1761.7,0.0,0.0,20000.0,111550.0,20107.0,47350.0,23620.0,3733.0,1149508.0,66064.0,17697.0,308.0,228768.0,66060.0,289.0,107979.0,151291.0,1401.0,26481.0,230.0,9.0,2842446.0,249869.0,88.0,131374.0,2777.0,21.0,50770.0,171976.0,3387.4,23652.0,661795.0,27980.5,21846.0,41265.36,1889.0,221014.0,17620.0,,1578827.0,9079.0,180917.32,19927.7,815381.0,3518896.0,4315.6,21100.0,50000.0,15210.0,11800.0
203,Czechia,2013,348992.0,1593760.0,4566.8,29490.0,1352822.0,5543.0,7917.0,1428.3,0.0,0.0,20000.0,117790.0,22534.0,46500.0,24042.0,4003.0,1233466.0,70899.0,17711.0,308.0,223022.0,65322.0,293.0,104342.0,146308.0,1402.0,26449.0,224.0,8.0,2766691.0,242833.0,88.0,144319.0,3096.0,21.0,43559.0,139120.0,3193.8,23205.0,536450.0,23117.9,19673.0,40579.51,2062.7,220521.0,17470.0,,1586627.0,9259.0,188371.83,20344.6,829393.0,4700696.0,5667.6,41310.0,33640.0,11260.0,12180.0
203,Czechia,2014,350518.0,1967049.0,5611.8,26980.0,1373560.0,4248.0,5453.0,1283.7,634.4,0.0,17191.57,116640.0,20656.0,53930.0,24348.0,4324.0,1294452.0,74393.79,17205.0,299.0,225092.0,66151.0,294.0,104323.0,146272.0,1402.0,27386.0,238.0,9.0,2759128.0,245610.0,89.0,144391.0,3255.0,23.0,42289.0,152232.0,3599.8,23993.0,697539.0,29072.6,21722.0,55848.5,2571.0,225397.0,25380.0,,1617061.0,9956.0,233589.55,23461.1,835941.0,5442349.0,6510.4,94580.0,33250.0,10190.0,12380.0
203,Czechia,2015,365946.0,1991415.0,5441.8,29430.0,1407132.0,4003.0,6993.0,1746.9,682.15,0.0,19168.74,123000.0,21483.0,61430.0,26765.0,4138.0,1245744.0,71594.0,17302.0,301.0,233692.0,69014.0,295.0,111962.0,146703.0,1310.0,28385.0,246.0,9.0,2619972.0,237438.0,91.0,145595.0,3299.0,23.0,42395.0,154576.0,3646.1,22681.0,504955.0,22263.3,34597.0,97838.69,2827.9,231694.0,23560.0,,1559648.0,9943.0,195842.86,19696.4,829820.0,5274272.0,6355.9,83010.0,31420.0,9300.0,12070.0
203,Czechia,2016,325725.0,1845254.0,5665.1,28130.0,1415658.0,5227.0,7744.0,1481.5,737.78,51.35,19539.81,141680.0,20422.0,57390.0,26548.0,4900.0,1313555.0,75492.0,15407.0,268.0,244671.0,72794.0,298.0,114406.0,151693.0,1326.0,28464.0,246.0,9.0,2527517.0,229089.0,91.0,158804.0,3628.0,23.0,37566.0,132220.0,3519.7,23414.0,699605.0,29879.8,37034.0,86473.1,2335.0,218493.0,23770.0,,1609945.0,10955.0,240330.56,21937.3,839710.0,5454663.0,6495.9,88860.0,30370.0,11620.0,14060.0
203,Czechia,2017,327707.0,1712278.59,5225.0,26050.0,1421242.0,4689.0,7487.25,1596.7,740.69,0.0,17884.24,145030.0,20587.0,59610.0,28174.0,5500.0,1468936.0,84422.0,15349.0,267.0,230772.0,67714.0,293.0,115645.0,151981.0,1314.0,30548.0,263.0,9.0,2444790.0,220267.0,90.0,162276.0,3709.0,23.0,44065.0,142441.38,3232.5,23418.0,688969.98,29420.2,44189.0,102175.8,2312.2,217141.0,19040.0,,1490775.0,10910.0,252023.99,23101.2,832062.0,4718205.16,5670.5,86810.0,32040.0,12680.0,14140.0
203,Czechia,2018,324720.0,1606030.0,4945.9,24610.0,1365240.0,4500.0,8080.0,1795.6,858.46,0.0,16982.6,130760.0,22428.0,56840.0,30316.0,,1473304.0,84654.0,,,241180.0,72940.0,302.0,115873.0,152730.0,1318.0,30790.0,260.0,8.0,2413690.0,219900.0,91.0,164150.0,3750.0,23.0,42820.0,152660.0,3565.2,22890.0,583560.0,25494.1,35160.0,79520.0,2261.7,218915.0,17940.0,,1507580.0,8520.0,169660.0,19913.1,819690.0,4417840.0,5389.6,90440.0,30310.0,8630.0,11850.0
203,Czechia,2019,319580.0,1718060.0,5376.0,27420.0,1367050.0,4510.0,6530.0,1447.9,831.97,0.0,36664.29,134310.0,21844.0,59560.0,29210.0,,1538552.0,88405.0,,,244100.0,74450.0,305.0,119335.0,158550.0,1329.0,34180.0,290.0,8.0,2402590.0,218610.0,91.0,163810.0,3730.0,23.0,42530.0,134410.0,3160.4,22890.0,622600.0,27199.7,33770.0,74150.0,2195.7,213070.0,17110.0,,1508910.0,8180.0,187410.0,22910.8,839450.0,4812160.0,5732.5,120010.0,33850.0,8410.0,10380.0
203,Czechia,2020,331910.0,1816180.0,5471.9,27980.0,1340040.0,5500.0,10490.0,1907.3,825.87,0.0,50171.69,151100.0,21018.0,65690.0,28919.0,7597.0,1574149.0,,,207.0,240530.0,74300.0,309.0,121178.0,161170.0,1330.0,30630.0,260.0,8.0,2377810.0,220610.0,93.0,148720.0,3410.0,23.0,46740.0,183360.0,3923.0,23880.0,696220.0,29154.9,37310.0,91870.0,2462.3,203612.0,19220.0,,1546020.0,8800.0,207600.0,23590.9,798580.0,4902410.0,6138.9,94860.0,33390.0,10140.0,9070.0
203,Czechia,2021,326740.0,1749130.0,5353.3,27960.0,1359420.0,6850.0,10510.0,1534.3,747.8,0.0,62606.19,156920.0,,63070.0,25409.0,,1702318.0,,,,241850.0,74520.0,308.0,124630.0,167980.0,1348.0,29460.0,260.0,9.0,2441620.0,225880.0,93.0,138180.0,3170.0,23.0,57720.0,194750.0,3374.0,22820.0,671860.0,29441.7,43090.0,111880.0,2596.4,183145.0,18010.0,,1493440.0,9350.0,222530.0,23800.0,784780.0,4960930.0,6321.4,109610.0,56814.14,10260.0,11070.0
203,Czechia,2022,334500.0,1877360.0,5612.4,26360.0,1390490.0,5590.0,7850.0,1404.3,74.95,7.54,55673.23,175010.0,22955.0,63630.0,24610.0,,1810221.0,,,,229800.0,70690.0,308.0,118316.0,161020.0,1361.0,25990.0,230.0,9.0,2331040.0,216750.0,93.0,117920.0,2720.0,23.0,45150.0,168000.0,3720.9,21680.0,655260.0,30224.2,45640.0,123950.0,2715.8,174200.0,17260.0,,1328820.0,8560.0,200840.0,23462.6,854430.0,5188690.0,6072.7,42450.0,43093.18,9690.0,10020.0
203,Czechia,2023,321130.0,1764210.0,5493.8,25780.0,1369590.0,4230.0,8660.0,2047.3,,0.0,53963.68,164440.0,21794.0,60750.0,28757.0,8013.0,1761348.0,,,220.0,235320.0,72410.0,308.0,115119.0,159100.0,1382.0,23310.0,210.0,9.0,2226690.0,205550.0,92.0,122300.0,2820.0,23.0,43000.0,118590.0,2757.9,20950.0,573770.0,27387.6,51920.0,111670.0,2150.8,179158.0,16730.0,,1362280.0,9110.0,246300.0,27036.2,817760.0,5262360.0,6435.1,51450.0,52229.55,7840.0,9400.0
208,Denmark,2000,741048.0,3979794.0,5370.5,45800.0,1867937.0,,,,,,,305800.0,20982.0,58000.0,,3681.0,1238000.0,74300.0,20185.0,336.0,622300.0,153900.0,247.0,137000.0,187475.0,1368.0,,,,20958700.0,1624500.0,78.0,67896.0,1453.0,21.0,44531.0,232946.0,5231.1,38724.0,1645240.0,42486.3,36183.0,138300.0,3822.2,145000.0,38000.0,,11921573.0,10305.0,230141.1,22333.5,627486.0,4693422.0,7479.7,,37300.0,,97400.0
208,Denmark,2001,743833.0,3966181.0,5332.1,46600.0,1906911.0,,,,,,,317700.0,20347.0,59000.0,,3732.0,1344800.0,80687.0,21620.0,360.0,615500.0,153400.0,249.0,140779.0,198697.0,1411.0,,,,21874200.0,1716000.0,78.0,75116.0,1587.0,21.0,60136.0,291657.0,4850.0,38210.0,1543028.0,40382.8,32642.0,113200.0,3467.9,151855.0,40000.0,,12607545.0,9533.0,234354.55,24583.4,634040.0,4663938.0,7355.9,,40300.0,,87900.0
208,Denmark,2002,824508.0,4120861.0,4998.0,49200.0,1796118.0,,,,,,,320400.0,19734.0,62000.0,,3653.0,1360000.0,81600.0,22338.0,372.0,626100.0,153500.0,245.0,143068.0,200739.0,1403.0,,,,22369000.0,1759000.0,79.0,71834.0,1495.0,21.0,55230.0,275556.0,4989.2,37693.0,1504200.0,39906.6,40400.0,149500.0,3700.5,131063.0,42400.0,,12732035.0,8718.0,226912.0,26029.0,576625.0,4056240.0,7034.5,,38800.0,,80600.0
208,Denmark,2003,709874.0,3775593.0,5318.7,53000.0,1724409.0,,,,,,,326400.0,17152.0,65000.0,,3701.0,1350000.0,81000.0,21886.0,365.0,593520.0,146500.0,247.0,135000.0,188000.0,1393.0,,,,22499000.0,1762000.0,78.0,70500.0,1500.0,21.0,49499.0,259633.0,5245.2,36100.0,1412200.0,39119.1,31400.0,125100.0,3984.1,143699.0,43800.0,,12948944.0,9840.0,260206.57,26442.7,664341.0,4701382.0,7076.8,,39300.0,,82100.0
208,Denmark,2004,697100.0,3589100.0,5148.6,46700.0,1645764.0,,,,,,,335500.0,16136.0,62500.0,,3684.0,1383300.0,83000.0,22530.0,375.0,606910.0,150000.0,247.0,135000.0,187000.0,1385.0,,,,22902300.0,1809500.0,79.0,82700.0,1690.0,20.0,62000.0,309900.0,4998.4,41000.0,1629400.0,39741.5,26700.0,96000.0,3595.5,140950.0,17500.0,,13233235.0,9432.0,255176.17,27053.1,666400.0,4758500.0,7140.6,,35600.0,,87100.0
208,Denmark,2005,705100.0,3797200.0,5385.3,44400.0,1570085.0,,,,,,,355100.0,17074.0,62700.0,,3192.0,1330000.0,79800.0,25000.0,417.0,531766.0,135921.0,256.0,122232.0,182800.0,1496.0,,,,22109188.0,1792829.0,81.0,84872.0,1693.0,20.0,69200.0,315000.0,4552.0,40000.0,1576400.0,39410.0,16300.0,53000.0,3251.5,173203.0,14800.0,,13534436.0,9158.0,254701.0,27811.9,675700.0,4887200.0,7232.8,,37400.0,,93500.0
208,Denmark,2006,679100.0,3270300.0,4815.6,37600.0,1534763.0,,,,,,,335100.0,16826.0,56200.0,,2759.0,1283000.0,77000.0,27909.0,465.0,492899.0,128650.0,261.0,107697.0,166400.0,1545.0,,,,21418844.0,1748576.0,82.0,84270.0,1743.0,21.0,69400.0,274100.0,3949.6,38600.0,1361200.0,35264.2,10500.0,32200.0,3066.7,170013.0,27000.0,,13361099.0,9331.0,252862.0,27099.1,686300.0,4801600.0,6996.4,,36100.0,,91300.0
208,Denmark,2007,631500.0,3104200.0,4915.6,36100.0,1566218.0,,,,,,,345900.0,15967.0,68300.0,,3174.0,1300000.0,78000.0,24575.0,410.0,498025.0,129986.0,261.0,104136.0,172300.0,1655.0,,,,21384600.0,1802195.0,84.0,87554.0,1783.0,20.0,65500.0,311600.0,4757.3,42152.0,1625580.0,38564.7,5800.0,19400.0,3344.8,156503.0,19100.0,,13723467.0,9067.0,253361.0,27943.4,688800.0,4519200.0,6561.0,,32400.0,,92600.0
208,Denmark,2008,717300.0,3396000.0,4734.4,37900.0,1564393.0,,,,,,,331600.0,14710.0,57000.0,,3521.0,1350000.0,81000.0,23005.0,383.0,495100.0,128800.0,260.0,101204.0,176100.0,1740.0,,,,20788900.0,1707200.0,82.0,89520.0,1756.0,20.0,83700.0,322100.0,3848.3,40664.0,1693000.0,41633.9,4400.0,14000.0,3181.8,136049.0,17700.0,,12737648.0,9775.0,266865.34,27301.5,638200.0,5018700.0,7863.8,,36800.0,,95000.0
208,Denmark,2009,593000.0,3393800.0,5723.1,37000.0,1540340.0,,,,,,,320900.0,19224.0,60900.0,,3280.0,1232360.0,73942.0,22543.0,376.0,486900.0,127900.0,263.0,101032.0,168600.0,1669.0,,,,19331500.0,1585000.0,82.0,89584.0,1827.0,20.0,66900.0,315200.0,4711.5,38900.0,1617700.0,41586.1,6800.0,22500.0,3308.8,103977.0,20100.0,,12369145.0,11508.0,291166.94,25301.3,739100.0,5940400.0,8037.3,,35400.0,,111000.0
208,Denmark,2010,575200.0,2981300.0,5183.1,34200.0,1571050.0,,,,,,,292300.0,18084.0,66100.0,,3900.0,1279300.0,76376.0,19584.0,328.0,500842.0,132500.0,265.0,108500.0,186400.0,1718.0,,,,20137800.0,1668200.0,83.0,85500.0,1726.0,20.0,57000.0,274400.0,4814.0,38500.0,1357800.0,35267.5,10400.0,33700.0,3240.4,159626.0,27100.0,,13173060.0,10503.0,282635.85,26910.6,763600.0,5059900.0,6626.4,0.0,27300.0,,106000.0
208,Denmark,2011,602800.0,3249800.0,5391.2,37200.0,1567971.0,,,,,,,276000.0,18207.0,66700.0,,3815.0,1309400.0,78584.0,20599.0,343.0,519000.0,134200.0,259.0,107168.0,188746.0,1761.0,,,,20898500.0,1720200.0,82.0,80200.0,1634.0,20.0,46800.0,224800.0,4803.4,41600.0,1620000.0,38942.3,7800.0,27100.0,3474.4,143890.0,35600.0,,12931678.0,11265.0,314341.74,27903.1,747000.0,4831000.0,6467.2,0.0,28800.0,,96900.0
208,Denmark,2012,723400.0,4058700.0,5610.6,38500.0,1606826.0,,,,,,,300000.0,18174.0,64700.0,,3958.0,1336300.0,80179.0,20257.0,338.0,496000.0,126700.0,255.0,102061.0,187895.0,1841.0,,,,19485000.0,1669000.0,86.0,80128.0,1348.0,17.0,58400.0,302500.0,5179.8,39500.0,1664200.0,42131.6,6800.0,26500.0,3897.1,153691.0,39800.0,,12330879.0,9743.0,271482.36,27863.7,614100.0,4525100.0,7368.7,0.0,32100.0,,83100.0
208,Denmark,2013,689300.0,3949900.0,5730.3,42800.0,1614644.0,,,,,,,324900.0,18981.0,56200.0,,4646.0,1367150.0,82029.0,17656.0,294.0,495000.0,128000.0,259.0,108073.0,168268.0,1557.0,,,,19102000.0,1589400.0,83.0,75100.0,1535.0,20.0,64400.0,313200.0,4863.4,39600.0,1646300.0,41573.2,7227.0,24611.0,3405.4,151300.0,46100.0,,12075750.0,9920.0,279101.75,28136.3,567900.0,4145200.0,7299.2,0.0,34600.0,,65400.0
208,Denmark,2014,604400.0,3547600.0,5869.6,42900.0,1563535.0,,,,0.0,0.0,,368900.0,17902.0,61400.0,,4742.0,1367600.0,82056.0,17304.0,288.0,485218.0,125759.0,259.0,102946.0,159539.0,1550.0,,,,18857500.0,1593900.0,85.0,80200.0,1662.0,21.0,44200.0,216900.0,4907.2,40200.0,1733400.0,43119.4,8400.0,33200.0,3952.4,153482.0,40200.0,,12331707.0,9690.0,296304.54,30579.0,662100.0,5153300.0,7783.3,0.0,32900.0,0.0,58300.0
208,Denmark,2015,631300.0,3856000.0,6108.0,44200.0,1551948.0,,,,0.0,0.0,,391300.0,16887.0,70200.0,,4670.0,1401700.0,84102.0,18009.0,300.0,460542.0,120491.0,262.0,95681.0,145139.0,1517.0,,,,18716700.0,1600591.0,86.0,80800.0,1749.0,22.0,43900.0,231400.0,5271.1,42800.0,1772466.0,41412.8,11900.0,51400.0,4319.3,144418.0,34200.0,,12537763.0,10164.0,286205.04,28157.4,632400.0,5029300.0,7952.7,0.0,31600.0,0.0,63200.0
208,Denmark,2016,706900.0,3949600.0,5587.2,56300.0,1568288.0,,,,0.0,0.0,,428000.0,17898.0,72100.0,,4644.0,1390505.0,86211.0,18564.0,299.0,495843.0,129340.0,261.0,101595.0,154109.0,1517.0,,,,18356533.0,1579405.0,86.0,77793.0,1594.0,20.0,59500.0,301900.0,5073.9,46000.0,1954016.0,42478.6,15700.0,55500.0,3535.0,147209.0,43800.0,,12383000.0,10628.0,315056.0,29642.8,583000.0,4201500.0,7206.7,0.0,29000.0,0.0,58300.0
208,Denmark,2017,665400.0,3992300.0,5999.8,57000.0,1545417.0,,,,0.0,0.0,,450500.0,20733.0,77100.0,,6148.0,1417731.0,87899.0,14297.0,231.0,471785.0,124148.0,263.0,101371.0,151712.0,1497.0,,,,17465583.0,1532387.0,88.0,76519.0,1585.0,21.0,65100.0,350200.0,5379.4,49700.0,2171000.0,43682.1,20577.0,89149.0,4332.5,154129.0,48100.0,,12307667.0,11321.0,335021.0,29592.9,586600.0,4834100.0,8240.9,0.0,37000.0,0.0,50000.0
208,Denmark,2018,795300.0,3445170.0,4331.9,74000.0,1530000.0,,,,0.0,0.0,,452000.0,19351.0,67000.0,,,1233800.0,77000.0,,,493200.0,130200.0,264.0,103720.0,146400.0,1411.0,0.0,0.0,,18109700.0,1583100.0,87.0,76100.0,1600.0,21.0,82890.0,286560.0,3457.1,52000.0,1806800.0,34746.2,32000.0,88260.0,2758.1,143797.0,60000.0,,12642000.0,10320.0,257010.0,24904.1,425800.0,2623930.0,6162.4,0.0,39000.0,0.0,46000.0
208,Denmark,2019,583200.0,3624560.0,6215.0,74700.0,1500000.0,,,,0.0,0.0,,457000.0,22463.0,60600.0,18800.0,,1322488.0,82000.0,,,466900.0,125600.0,269.0,104182.0,156900.0,1506.0,0.0,0.0,,16862700.0,1500400.0,89.0,70900.0,1600.0,23.0,49290.0,247280.0,5016.8,56700.0,2408700.0,42481.5,22200.0,84800.0,3819.8,138010.0,54700.0,,12728000.0,10930.0,260630.0,23845.4,573400.0,4642090.0,8095.7,0.0,65000.0,0.0,50600.0
208,Denmark,2020,653200.0,4156500.0,6363.3,72700.0,1500000.0,,,,0.0,0.0,,467700.0,21250.0,65900.0,,7300.0,1436187.0,89000.0,12192.0,197.0,451600.0,122110.0,270.0,103343.0,165100.0,1598.0,0.0,0.0,,17281900.0,1595630.0,92.0,70500.0,1300.0,18.0,74750.0,425660.0,5694.4,62800.0,2762900.0,43995.2,26600.0,110400.0,4150.4,135339.0,50700.0,,13391000.0,10590.0,253830.0,23968.8,502600.0,4070410.0,8098.7,0.0,80500.0,0.0,46600.0
208,Denmark,2021,621600.0,3462170.0,5569.8,81500.0,1480000.0,,,,0.0,0.0,,454500.0,21454.0,69800.0,,,,93000.0,,,456200.0,123110.0,270.0,102215.0,163100.0,1596.0,0.0,0.0,,18532900.0,1723730.0,93.0,62800.0,1300.0,21.0,68080.0,331060.0,4862.8,56200.0,2374600.0,42252.7,32400.0,114550.0,3535.5,135487.0,41200.0,,13152000.0,11720.0,242500.0,20691.1,537700.0,4047090.0,7526.7,0.0,83800.0,0.0,53900.0
208,Denmark,2022,614500.0,4122600.0,6708.9,85100.0,1466000.0,,,,0.0,0.0,,466500.0,22412.0,62700.0,18280.0,,1608069.0,88000.0,,,450570.0,119910.0,266.0,97802.0,151730.0,1551.0,0.0,0.0,,17792380.0,1609480.0,90.0,64810.0,1220.0,19.0,61840.0,352100.0,5693.7,59200.0,2617600.0,44216.2,38900.0,166340.0,4276.1,132510.0,38500.0,,11541000.0,10630.0,227410.0,21393.2,497300.0,4165400.0,8376.0,0.0,83600.0,0.0,42500.0
208,Denmark,2023,561000.0,2541600.0,4530.5,95800.0,1434870.0,,,,0.0,0.0,,496700.0,21844.0,59900.0,,,1519812.0,84000.0,,,443850.0,118640.0,267.0,102739.0,159030.0,1548.0,0.0,0.0,,14466770.0,1288590.0,89.0,65430.0,1210.0,18.0,55230.0,208100.0,3767.9,61100.0,2757200.0,45126.0,42400.0,129480.0,3053.8,152572.0,31300.0,,11368000.0,8870.0,223470.0,25193.9,489000.0,3556260.0,7272.5,0.0,82800.0,0.0,33100.0
233,Estonia,2000,165072.0,347482.0,2105.0,8715.0,267300.0,,,,,,0.0,15998.0,2414.0,2000.0,2700.0,832.0,254700.0,15791.0,18980.0,306.0,107000.0,15383.0,144.0,4756.0,7313.0,1538.0,1665.0,28.35,17.0,419200.0,30286.0,72.0,14900.0,296.0,20.0,53345.0,117117.0,2195.5,30900.0,471700.0,15265.4,3892.0,6640.0,1706.1,28200.0,11100.0,,285700.0,3882.0,53318.0,13734.7,68969.0,146800.0,2128.5,,490.0,515.66,4000.0
233,Estonia,2001,134300.0,270035.0,2010.7,6696.0,252800.0,,,,,,0.0,17103.0,2318.0,2000.0,3200.0,1107.0,277900.0,17293.0,15621.0,251.0,85500.0,14159.0,166.0,5865.0,9172.0,1564.0,1900.0,31.92,17.0,454900.0,33632.0,74.0,13800.0,267.0,19.0,48111.0,91374.0,1899.2,22100.0,343100.0,15524.9,3648.0,6492.0,1779.6,29000.0,7100.0,,300200.0,3645.0,54023.0,14821.1,59638.0,133003.0,2230.2,,490.0,328.7,11200.0
233,Estonia,2002,129965.0,249400.0,1919.0,7269.0,260500.0,,,,,,0.0,26400.0,2249.0,2400.0,3600.0,952.0,252800.0,15647.0,16436.0,266.0,92700.0,16508.0,178.0,7540.0,11503.0,1526.0,2049.0,35.24,17.0,545400.0,39940.0,73.0,17300.0,327.0,19.0,35200.0,61741.0,1754.0,16023.0,210861.0,13159.9,2371.0,5015.0,2115.1,28800.0,14000.0,,345000.0,3253.0,39280.0,12075.0,64459.0,148420.0,2302.5,,910.0,380.0,9000.0
233,Estonia,2003,131431.0,253607.0,1929.6,9400.0,253900.0,,,,,,0.0,25200.0,2071.0,1000.0,3900.0,863.0,235000.0,14537.0,16845.0,272.0,76800.0,13149.0,171.0,8941.0,14382.0,1609.0,2253.0,38.43,17.0,543100.0,39540.0,73.0,20300.0,407.0,20.0,36460.0,63351.0,1737.5,16979.0,244383.0,14393.3,4449.0,5032.0,1131.0,29900.0,11100.0,,340800.0,3556.0,57541.0,16181.4,67156.0,144885.0,2157.4,,910.0,380.0,5600.0
233,Estonia,2004,127236.0,293477.0,2306.6,10700.0,257200.0,,,,,,0.0,12800.0,1930.0,2600.0,3500.0,792.0,230894.0,14315.0,18074.0,292.0,84454.0,15242.0,180.0,9498.0,14816.0,1560.0,2085.0,33.0,16.0,503500.0,40853.0,81.0,15046.0,293.0,19.0,35356.0,72710.0,2056.5,16102.0,166521.0,10341.6,4345.0,3287.0,756.5,30800.0,13800.0,,344600.0,3792.0,53603.0,14136.6,78393.0,196634.0,2508.3,,910.0,380.0,7700.0
233,Estonia,2005,144165.0,366717.0,2543.7,8100.0,249800.0,,,,,,0.0,15600.0,2162.0,5000.0,2900.0,804.0,209010.0,13063.0,16248.0,260.0,71800.0,13431.0,187.0,8478.0,13778.0,1625.0,1233.0,24.0,19.0,483200.0,39521.0,82.0,14868.0,324.0,22.0,33724.0,84168.0,2495.8,13959.0,209772.0,15027.7,4440.0,5690.0,1281.5,38800.0,16700.0,,340100.0,3260.0,62660.0,19220.9,85473.0,263408.0,3081.8,,3150.0,380.0,9700.0
233,Estonia,2006,142057.0,302699.0,2130.8,7300.0,249500.0,,,,,,,20500.0,1854.0,5000.0,2800.0,713.0,182624.0,11414.0,16008.0,256.0,75631.0,14829.0,196.0,8114.0,12535.0,1545.0,1547.0,23.0,15.0,538128.0,41593.0,77.0,23241.0,509.0,22.0,32596.0,63648.0,1952.6,11510.0,152632.0,13260.8,4620.0,5542.0,1199.6,49600.0,12200.0,,346500.0,3066.0,61343.0,20007.5,90842.0,219590.0,2417.3,125.0,4900.0,380.0,5600.0
233,Estonia,2007,136100.0,362769.0,2665.5,7700.0,244800.0,,,,,,,17300.0,1617.0,7000.0,3300.0,571.0,157561.0,9848.0,17247.0,276.0,74200.0,15422.0,208.0,7677.0,11520.0,1501.0,1842.0,29.0,16.0,554200.0,42863.0,77.0,28500.0,551.0,19.0,31450.0,85209.0,2709.3,11150.0,191754.0,17197.7,5692.0,9504.0,1669.7,62700.0,16800.0,,345800.0,3036.0,71573.0,23574.8,99500.0,345726.0,3474.6,125.0,3850.0,380.0,3700.0
233,Estonia,2008,136500.0,349100.0,2557.5,6700.0,240500.0,,,,,,,19800.0,1458.0,7000.0,4000.0,550.0,146483.0,9155.0,16645.0,266.0,67700.0,14277.0,211.0,8563.0,13180.0,1539.0,1209.0,24.0,20.0,500100.0,46200.0,92.0,40879.0,840.0,21.0,34200.0,77100.0,2254.4,8800.0,125200.0,14227.3,4790.0,3309.0,690.8,72400.0,15800.0,,379000.0,2673.0,64499.0,24129.8,107600.0,342500.0,3183.1,125.0,5460.0,380.0,3100.0
233,Estonia,2009,140676.0,376945.0,2679.5,8000.0,237900.0,,,,,,,22100.0,1734.0,7000.0,3600.0,645.0,173264.0,10829.0,16789.0,269.0,65800.0,14172.0,215.0,8832.0,14882.0,1685.0,1079.0,17.0,16.0,597300.0,46118.0,77.0,39685.0,761.0,19.0,36134.0,86504.0,2394.0,9103.0,139050.0,15275.2,4913.0,7600.0,1546.9,78200.0,14700.0,,364900.0,3003.0,70624.0,23517.8,113619.0,342520.0,3014.6,225.0,5460.0,380.0,4100.0
233,Estonia,2010,104800.0,254822.0,2431.5,6000.0,234700.0,,,,,,,38400.0,1769.0,32600.0,3900.0,578.0,176163.0,11366.0,19664.0,305.0,58279.0,12926.0,222.0,9755.0,15997.0,1640.0,1380.0,18.0,13.0,604112.0,45783.0,76.0,34574.0,648.0,19.0,30431.0,54500.0,1790.9,9359.0,163373.0,17456.2,7326.0,12553.0,1713.5,76500.0,4100.0,,365100.0,3024.0,73889.0,24434.2,119389.0,327600.0,2744.0,17300.0,5600.0,100.0,1300.0
233,Estonia,2011,118300.0,295000.0,2493.7,6530.0,236300.0,,,,,,,40630.0,2006.0,27490.0,4100.0,569.0,176877.0,11411.0,20054.0,311.0,57080.0,12187.0,214.0,10492.0,17532.0,1671.0,1174.0,19.0,16.0,658042.0,50226.0,76.0,31916.0,601.0,19.0,28400.0,62800.0,2211.3,9235.0,164716.0,17836.1,8550.0,15482.0,1810.8,78600.0,4490.0,,371700.0,3204.0,88125.0,27504.7,128417.0,360400.0,2806.5,1760.0,7000.0,1520.0,1090.0
233,Estonia,2012,109000.0,341300.0,3131.2,4040.0,238300.0,,,,0.0,0.0,,42630.0,1973.0,26900.0,4300.0,694.0,171955.0,10750.0,15490.0,248.0,50000.0,12275.0,246.0,10225.0,16530.0,1617.0,1100.0,16.0,15.0,494700.0,48800.0,99.0,30700.0,557.0,18.0,31800.0,78400.0,2465.4,7623.0,138872.0,18217.5,10955.0,12921.0,1179.5,83900.0,5600.0,,365700.0,3141.0,66064.0,21032.8,124300.0,484700.0,3899.4,990.0,6160.0,0.0,200.0
233,Estonia,2013,133100.0,441000.0,3313.3,3510.0,246000.0,,,,0.0,0.0,,43830.0,2097.0,31730.0,4600.0,717.0,182416.0,11400.0,15900.0,254.0,42500.0,11481.0,270.0,11114.0,18118.0,1630.0,1200.0,17.0,14.0,477800.0,49500.0,104.0,26400.0,497.0,19.0,34800.0,85300.0,2451.1,6600.0,127748.0,19355.8,13570.0,31433.0,2316.4,76800.0,2230.0,,375100.0,3031.0,78860.0,26017.8,124200.0,406800.0,3275.4,16750.0,4060.0,0.0,100.0
233,Estonia,2014,125800.0,458100.0,3641.5,4540.0,261400.0,,,,,0.0,,40530.0,2048.0,26700.0,5000.0,591.0,192479.0,12030.0,20355.0,326.0,41900.0,9800.0,234.0,11051.0,19449.0,1760.0,1800.0,26.0,14.0,526500.0,41400.0,79.0,26800.0,483.0,18.0,27300.0,65000.0,2381.0,6400.0,117300.0,18328.1,19120.0,39483.0,2065.0,81800.0,5540.0,,358700.0,3112.0,66369.0,21326.8,154400.0,615500.0,3986.4,16800.0,9717.17,0.0,192.96
233,Estonia,2015,131400.0,556600.0,4235.9,5100.0,264700.0,,,,0.0,0.0,,43100.0,2285.0,23600.0,4600.0,627.0,199100.0,12444.0,19847.0,318.0,44000.0,12600.0,286.0,11263.0,19730.0,1752.0,1200.0,16.0,13.0,547000.0,50100.0,92.0,29600.0,500.0,17.0,24400.0,67800.0,2778.7,5800.0,117200.0,20206.9,31316.0,86219.0,2753.2,85200.0,3500.0,,357900.0,3394.0,85955.0,25325.6,169700.0,812600.0,4788.5,22467.96,9052.8,0.0,208.67
233,Estonia,2016,135342.0,357387.0,2640.6,5140.0,248236.0,,,,0.0,0.0,,43290.0,2054.0,25650.0,5100.0,728.0,193683.0,12105.0,16637.0,266.0,42900.0,14800.0,345.0,11529.0,19700.0,1709.0,1400.0,15.0,11.0,513800.0,42700.0,83.0,23100.0,700.0,30.0,29309.0,64511.0,2201.1,5643.0,89842.0,15921.0,55423.0,109452.0,1974.8,85520.0,1750.0,,265900.0,3324.0,63150.0,18998.2,164544.0,455543.0,2768.5,22852.41,8675.54,0.0,0.0
233,Estonia,2017,102487.0,425683.0,4153.5,4340.0,250900.0,,,,,0.0,,44390.0,2195.0,27320.0,5100.0,819.0,202162.0,12635.06,15420.0,247.0,40271.0,11900.0,295.0,11763.0,20400.0,1734.0,1228.0,15.0,12.0,519805.0,38400.0,74.0,21026.0,600.0,29.0,33649.0,89393.0,2656.6,5388.0,91182.0,16923.2,65562.0,75362.49,1149.5,80800.0,2910.0,,289100.0,3651.0,59339.48,16254.4,169753.0,713263.0,4201.8,21523.24,9543.95,0.0,204.79
233,Estonia,2018,138490.0,347500.0,2509.2,4890.0,251900.0,2910.0,1440.0,494.8,0.0,0.0,,44830.0,2059.0,27530.0,5200.0,608.0,191300.0,12591.0,20702.0,315.0,39950.0,9760.0,244.0,11427.0,19300.0,1689.0,820.0,10.0,12.0,537890.0,43440.0,81.0,20610.0,380.0,18.0,39650.0,78380.0,1976.8,3270.0,58030.0,17746.2,46810.0,70970.0,1516.1,73100.0,8440.0,,290400.0,1290.0,31370.0,24317.8,154580.0,450270.0,2912.9,22907.27,9337.92,0.0,211.77
233,Estonia,2019,123380.0,523140.0,4240.1,5120.0,254000.0,1650.0,1760.0,1066.7,,,,47280.0,2080.0,29570.0,5200.0,562.0,150995.0,9437.0,16792.0,269.0,36970.0,9250.0,250.0,,20288.0,,1090.0,20.0,18.0,558580.0,45290.0,81.0,25250.0,490.0,19.0,37260.0,97290.0,2611.1,3400.0,80130.0,23567.6,42960.0,111240.0,2589.4,73100.0,10756.25,,301600.0,960.0,25410.0,26468.8,166980.0,846580.0,5069.9,21311.55,0.0,0.0,228.7
233,Estonia,2020,130730.0,561120.0,4292.2,5270.0,253300.0,3290.0,2890.0,878.4,0.0,0.0,,46180.0,2055.0,29310.0,4500.0,653.0,144200.0,10000.0,15314.0,221.0,38630.0,9580.0,248.0,,22300.0,,1020.0,10.0,10.0,559310.0,45040.0,81.0,17190.0,370.0,22.0,41030.0,117950.0,2874.7,3380.0,88390.0,26150.9,49530.0,120470.0,2432.3,68100.0,11100.08,,316600.0,940.0,26810.0,28521.3,168040.0,840520.0,5001.9,23180.0,9735.6,0.0,0.0
233,Estonia,2021,121520.0,396370.0,3261.8,4090.0,250800.0,5960.0,4010.0,672.8,0.0,0.0,,47360.0,2032.0,30430.0,4300.0,536.0,168080.0,10500.0,19590.0,314.0,38890.0,9950.0,256.0,,23300.0,,570.0,10.0,18.0,548660.0,44150.0,80.0,16060.0,340.0,21.0,40010.0,77500.0,1937.0,3110.0,66270.0,21308.7,48980.0,79190.0,1616.8,65600.0,10912.11,,308000.0,740.0,23540.0,31810.8,180000.0,736270.0,4090.4,23975.0,10069.5,0.0,0.0
233,Estonia,2022,116390.0,488820.0,4199.8,4830.0,249620.0,8860.0,9090.0,1026.0,0.0,0.0,,48450.0,2092.0,28390.0,4000.0,556.0,167959.0,10500.0,18902.0,302.0,34430.0,8770.0,255.0,,23100.0,,510.0,10.0,20.0,506240.0,43230.0,85.0,14160.0,270.0,19.0,36870.0,100430.0,2723.9,3120.0,72620.0,23275.6,48830.0,123280.0,2524.7,63100.0,10497.56,,269380.0,730.0,18240.0,24986.3,180970.0,854120.0,4719.7,23270.0,9773.4,0.0,0.0
233,Estonia,2023,112330.0,331690.0,2952.8,4600.0,241360.0,6800.0,7110.0,1045.6,0.0,0.0,,51570.0,2132.0,28690.0,3700.0,550.0,178716.0,11200.0,20352.0,325.0,31750.0,7950.0,250.0,,22900.0,,500.0,10.0,20.0,486050.0,39470.0,81.0,13030.0,270.0,21.0,35720.0,80690.0,2259.0,3200.0,79300.0,24781.3,53340.0,118560.0,2222.7,55100.0,10561.79,,274960.0,560.0,16330.0,29160.7,173570.0,694120.0,3999.1,25690.24,10789.9,0.0,0.0
246,Finland,2000,559000.0,1984800.0,3550.6,62411.0,1056700.0,3000.0,7800.0,2600.0,,,,93182.0,11391.0,33700.0,8564.0,3110.0,928600.0,58500.0,18810.0,299.0,368000.0,91430.0,248.0,46135.0,64380.0,1395.0,,,,2051600.0,172790.0,84.0,41000.0,750.0,18.0,399900.0,1412800.0,3532.9,32200.0,785200.0,24385.1,5200.0,11700.0,2250.0,99646.0,23809.0,,1295800.0,10101.0,243938.0,24149.9,149500.0,538300.0,3600.7,,32000.0,,2023.0
246,Finland,2001,547200.0,1786000.0,3263.9,61026.0,1037400.0,500.0,1000.0,2000.0,,,,97846.0,9008.0,34700.0,7445.0,3202.0,897000.0,56520.0,17651.0,280.0,350300.0,89770.0,256.0,52760.0,75650.0,1434.0,,,,2040300.0,173700.0,85.0,35600.0,670.0,19.0,422700.0,1287100.0,3044.9,30000.0,732800.0,24426.7,5400.0,11500.0,2129.6,96003.0,19704.0,,1260760.0,9484.0,231198.0,24377.7,144600.0,488900.0,3381.1,,32000.0,,1968.0
246,Finland,2002,522600.0,1738700.0,3327.0,60603.0,1025400.0,600.0,1600.0,2666.7,,,,98568.0,9342.0,34600.0,6600.0,3213.0,868250.0,54700.0,17025.0,270.0,339100.0,90730.0,268.0,54923.0,82600.0,1504.0,,,,2146700.0,184240.0,86.0,33600.0,640.0,19.0,451100.0,1507800.0,3342.5,29800.0,780100.0,26177.9,5100.0,11100.0,2176.5,95900.0,20149.0,,1315000.0,9536.0,237320.0,24886.7,174500.0,568600.0,3258.5,,32000.0,,1681.0
246,Finland,2003,529500.0,1697400.0,3205.7,58042.0,1000200.0,1300.0,3500.0,2692.3,,,,97486.0,9412.0,37600.0,6800.0,3016.0,892000.0,56200.0,18634.0,296.0,345800.0,95820.0,277.0,53012.0,83730.0,1579.0,,,,2292000.0,193220.0,84.0,31400.0,590.0,19.0,424500.0,1294500.0,3049.5,28700.0,617400.0,21512.2,4100.0,10200.0,2487.8,98400.0,18047.0,,1374900.0,9634.0,234786.0,24370.6,191300.0,679000.0,3549.4,,38400.0,,1990.0
246,Finland,2004,531800.0,1724700.0,3243.1,58386.0,969000.0,1200.0,2700.0,2250.0,,,,92072.0,8930.0,40300.0,7300.0,3069.0,919000.0,57900.0,18866.0,299.0,327650.0,93290.0,285.0,54795.0,86970.0,1587.0,,,,2356050.0,198490.0,84.0,35370.0,650.0,18.0,325800.0,1002400.0,3076.7,27300.0,619400.0,22688.6,2700.0,5600.0,2074.1,109000.0,20829.0,,1364600.0,9564.0,236395.0,24717.2,225200.0,782300.0,3473.8,,34000.0,,1936.0
246,Finland,2005,594000.0,2102900.0,3540.2,57166.0,958925.0,1100.0,1200.0,1090.9,,,,91348.0,9057.0,38900.0,6944.0,3128.0,923809.0,58200.0,18606.0,295.0,306250.0,86710.0,283.0,55100.0,86990.0,1579.0,,,,2402560.0,203610.0,85.0,33900.0,620.0,18.0,345400.0,1073300.0,3107.4,28900.0,742700.0,25699.0,3700.0,8100.0,2189.2,89737.0,20982.0,,1401071.0,9019.0,259900.0,28816.9,214800.0,801300.0,3730.4,,37500.0,,2444.0
246,Finland,2006,563500.0,1972100.0,3499.7,57120.0,949291.0,1400.0,2600.0,1857.1,,,,94555.0,8874.0,38300.0,6670.0,3103.0,900000.0,56700.0,18273.0,290.0,304020.0,87150.0,287.0,55371.0,87960.0,1589.0,,,,2405680.0,208270.0,87.0,35380.0,650.0,18.0,352700.0,1028800.0,2916.9,28000.0,575700.0,20560.7,4200.0,8800.0,2095.2,116653.0,17333.0,,1436470.0,8942.0,234434.0,26217.2,192300.0,684100.0,3557.5,,38400.0,,2352.0
246,Finland,2007,533300.0,1984400.0,3721.0,54789.0,926694.0,1300.0,3500.0,2692.3,,,,94157.0,8559.0,38300.0,6181.0,3134.0,904800.0,57000.0,18188.0,289.0,301010.0,88570.0,294.0,55414.0,95370.0,1721.0,,,,2446330.0,213320.0,87.0,38470.0,740.0,19.0,347400.0,1220000.0,3511.8,27300.0,701600.0,25699.6,4400.0,10700.0,2431.8,119252.0,15157.0,,1448041.0,9041.0,245941.0,27202.9,202600.0,796800.0,3932.9,,30500.0,,2882.0
246,Finland,2008,585500.0,2128600.0,3635.5,53489.0,915345.0,1100.0,1600.0,1454.5,,,,99367.0,9204.0,38000.0,5918.0,3190.0,925400.0,58300.0,18276.0,290.0,275060.0,81900.0,298.0,56289.0,100860.0,1792.0,,,,2458540.0,217070.0,88.0,41720.0,770.0,18.0,354500.0,1213400.0,3422.8,26200.0,684400.0,26122.1,3300.0,7200.0,2181.8,122218.0,8106.0,,1482762.0,8949.0,235955.97,26365.7,216300.0,787500.0,3640.8,,40000.0,,3204.0
246,Finland,2009,561800.0,2171000.0,3864.4,55386.0,918268.0,1700.0,1200.0,705.9,,,,97393.0,8173.0,39700.0,5924.0,2926.0,855550.0,53900.0,18421.0,292.0,272600.0,82050.0,301.0,52391.0,94870.0,1811.0,,,,2344800.0,205810.0,88.0,41400.0,760.0,18.0,322000.0,1114700.0,3461.8,26400.0,755300.0,28609.8,4200.0,11200.0,2666.7,117673.0,17228.0,,1381207.0,9111.0,260989.0,28646.2,216200.0,887000.0,4102.7,,41000.0,,3089.0
246,Finland,2010,417400.0,1340200.0,3210.8,54330.0,925808.0,2700.0,2447.97,906.7,80.0,,,108500.0,8443.0,55810.0,4890.0,3394.0,976200.0,61500.0,18120.0,288.0,270000.0,83040.0,308.0,53887.0,87680.0,1627.0,,,,2249500.0,203210.0,90.0,41400.0,790.0,19.0,278300.0,809700.0,2909.5,25200.0,659100.0,26154.8,6100.0,12000.0,1967.2,125673.0,16990.0,,1366932.0,9186.0,252326.57,27469.9,211200.0,724400.0,3429.9,0.0,40220.0,,4240.0
246,Finland,2011,432000.0,1514300.0,3505.3,51070.0,914053.0,2500.0,3599.37,1439.7,80.0,,,108900.0,9146.0,59740.0,4902.0,3304.0,996800.0,62800.0,19007.0,302.0,273300.0,83500.0,306.0,56573.0,93580.0,1654.0,,,,2269100.0,201880.0,89.0,48800.0,950.0,19.0,308200.0,1043100.0,3384.5,24400.0,673300.0,27594.3,4800.0,12000.0,2500.0,129091.0,15470.0,,1335114.0,9458.0,274405.67,29011.7,253400.0,974800.0,3846.9,0.0,39750.0,,3610.0
246,Finland,2012,451200.0,1581000.0,3504.0,51510.0,912768.0,2400.0,3420.46,1425.2,80.0,0.0,,102230.0,9682.0,63940.0,4886.0,3172.0,987300.0,62200.0,19609.0,311.0,269400.0,81180.0,301.0,60007.0,99320.0,1655.0,,,,2143700.0,192940.0,90.0,48500.0,950.0,20.0,313800.0,1073100.0,3419.7,20700.0,489600.0,23652.2,4000.0,9400.0,2350.0,130005.0,20340.0,,1290363.0,9365.0,243200.37,25968.8,227300.0,887100.0,3902.8,0.0,36280.0,0.0,3860.0
246,Finland,2013,494400.0,1904200.0,3851.5,53140.0,911847.0,2200.0,2978.95,1354.1,70.0,,,102310.0,10813.0,65230.0,4509.0,3432.0,1061900.0,66900.0,19493.0,309.0,271300.0,81190.0,299.0,62363.0,103730.0,1663.0,,,,2146000.0,194600.0,91.0,50400.0,980.0,19.0,344300.0,1196800.0,3476.0,22100.0,621700.0,28131.2,4100.0,10500.0,2561.0,135546.0,22000.0,,1307930.0,9430.0,268397.11,28462.8,227500.0,869400.0,3821.5,0.0,34440.0,,4000.0
246,Finland,2014,496900.0,1854800.0,3732.7,57450.0,914439.0,2400.0,2825.78,1177.4,,0.0,,99130.0,11355.0,63460.0,4364.0,3645.0,1065079.0,67100.0,18409.0,292.0,274600.0,83069.0,303.0,63682.0,106060.0,1665.0,,,,2055400.0,186130.0,91.0,55000.0,1090.0,20.0,304700.0,1039000.0,3409.9,22000.0,600300.0,27286.4,5600.0,14200.0,2535.7,137865.0,49498.11,,1244816.0,8858.0,263766.0,29777.2,267400.0,1088200.0,4069.6,0.0,36712.49,0.0,12441.95
246,Finland,2015,451600.0,1569000.0,3474.3,63220.0,914717.0,2500.0,2694.18,1077.7,,0.0,,88360.0,11970.0,58390.0,4546.0,3594.0,1134126.0,71450.0,19880.0,316.0,283080.0,86490.0,306.0,65580.0,109848.0,1675.0,,,,2080490.0,191990.0,92.0,62320.0,1250.0,20.0,281100.0,979600.0,3484.9,21900.0,532100.0,24296.8,11900.0,25300.0,2126.1,155238.0,68440.43,,1242633.0,9256.0,247785.0,26770.2,241800.0,992100.0,4103.0,0.0,29057.24,0.0,16311.32
246,Finland,2016,435900.0,1580700.0,3626.3,64160.0,909021.0,2600.0,2670.36,1027.1,,0.0,,83770.0,12394.0,60670.0,4799.0,3599.0,1151905.0,72570.0,20164.0,320.0,284850.0,86720.0,304.0,68266.0,117412.0,1720.0,,,,2082560.0,190160.0,91.0,66460.0,1330.0,20.0,304900.0,1035100.0,3394.9,21700.0,587600.0,27078.3,10200.0,25100.0,2460.8,156496.0,66865.24,,1234860.0,9661.0,256878.0,26589.2,215100.0,823900.0,3830.3,0.0,27306.15,0.0,15977.09
246,Finland,2017,358300.0,1460100.0,4075.1,61780.0,893178.0,3400.0,3242.54,953.7,,0.0,,85990.0,12266.0,63550.0,5278.0,3746.0,1167460.0,73550.0,19634.0,312.0,278200.0,86080.0,309.0,71302.0,120800.0,1694.0,,,,1985340.0,181580.0,91.0,66970.0,1350.0,20.0,269500.0,1013900.0,3762.2,21200.0,611900.0,28863.2,4200.0,9100.0,2166.7,155926.0,64591.65,,1135598.0,11063.0,250202.0,22616.1,194300.0,802000.0,4127.6,0.0,28616.46,0.0,15686.89
246,Finland,2018,405100.0,1353190.0,3340.4,59910.0,859380.0,3400.0,,,,0.0,,87190.0,13190.0,64040.0,5437.0,4409.0,1248118.0,74880.0,16983.0,283.0,277860.0,87060.0,313.0,76427.0,127160.0,1664.0,460.0,10.0,22.0,1811190.0,167410.0,92.0,73850.0,1510.0,20.0,288700.0,831520.0,2880.2,21400.0,600300.0,28051.4,24700.0,44310.0,1793.9,154999.0,78441.36,,1041200.0,10560.0,237460.0,22486.7,177800.0,501600.0,2821.1,0.0,26051.74,0.0,18829.34
246,Finland,2019,397900.0,1701960.0,4277.4,60990.0,840740.0,1500.0,1020.0,680.0,,,,83600.0,13407.0,65640.0,5930.0,4295.0,1260116.0,75600.0,17602.0,293.0,272380.0,87760.0,322.0,78325.0,130720.0,1669.0,770.0,10.0,13.0,1816400.0,168950.0,93.0,71750.0,1490.0,21.0,297500.0,1187480.0,3991.5,21400.0,618900.0,28920.6,27100.0,64370.0,2375.3,144880.0,64119.94,,1062200.0,10520.0,263270.0,25025.7,197600.0,914180.0,4626.4,0.0,26156.14,0.0,15428.26
246,Finland,2020,392100.0,1397970.0,3565.3,62680.0,835380.0,1200.0,920.0,766.7,,,,85690.0,12715.0,64220.0,6000.0,4208.0,1264125.0,75840.0,18024.0,300.0,264800.0,87110.0,329.0,79767.0,136890.0,1716.0,1410.0,20.0,14.0,1906360.0,175070.0,92.0,69820.0,1440.0,21.0,324500.0,1212660.0,3737.0,20700.0,624400.0,30164.3,34400.0,77760.0,2260.5,140200.0,65426.88,,1103900.0,10840.0,270240.0,24929.9,198800.0,686620.0,3453.8,0.0,22761.44,0.0,15742.73
246,Finland,2021,387950.0,1045500.0,2694.9,58760.0,829980.0,900.0,720.0,800.0,,0.0,,83610.0,12707.0,65870.0,5900.0,4208.0,1292464.0,77540.0,18427.0,307.0,261630.0,86250.0,330.0,80949.0,138600.0,1712.0,0.0,0.0,,1929530.0,176080.0,91.0,64060.0,1320.0,21.0,314240.0,803060.0,2555.6,20330.0,558790.0,27486.0,28830.0,54720.0,1898.0,131100.0,64608.59,,1093700.0,10500.0,253700.0,24161.9,212400.0,687160.0,3235.2,0.0,22777.2,0.0,15545.84
246,Finland,2022,368970.0,1426300.0,3865.6,57030.0,821970.0,1510.0,1120.0,741.7,,0.0,,82370.0,13364.0,67320.0,6300.0,4463.0,1400660.0,76330.0,17103.0,314.0,259590.0,84580.0,326.0,81278.0,138280.0,1701.0,0.0,0.0,,1861920.0,170480.0,92.0,63810.0,1320.0,21.0,320500.0,1192210.0,3719.8,19060.0,533290.0,27979.5,40560.0,110610.0,2727.1,132080.0,63289.57,,997670.0,9640.0,254950.0,26447.1,219640.0,844240.0,3843.7,0.0,23416.56,0.0,15228.46
246,Finland,2023,340700.0,1078700.0,3166.1,57880.0,798640.0,1450.0,1280.0,882.8,,0.0,,84720.0,13380.0,68150.0,5800.0,4056.0,1381188.0,76500.0,18861.0,341.0,262250.0,85390.0,326.0,78752.0,134770.0,1711.0,,,,1724430.0,158470.0,92.0,54200.0,1110.0,20.0,291300.0,1019720.0,3500.6,16500.0,498100.0,30187.9,41300.0,98500.0,2385.0,122100.0,64008.28,,984340.0,8970.0,241580.0,26932.0,229160.0,749030.0,3268.6,,21810.56,0.0,15401.4
250,France,2000,1533848.0,9709332.0,6330.0,448457.0,21256247.0,15037.0,36902.0,2454.1,59930.0,51372.0,150.0,1606000.0,214187.0,300977.0,1210517.0,49054.0,13171800.0,987885.0,20139.0,269.0,5476000.0,1527600.0,279.0,888761.0,1142755.0,1286.0,1099426.0,9698.0,9.0,26903000.0,2312000.0,86.0,8104517.0,147092.0,18.0,103129.0,456088.5,4422.5,162644.0,6440483.1,39598.7,480358.0,2101421.8,4374.7,9577612.0,277884.0,,14927425.0,263849.0,5967317.29,22616.4,5248436.0,37355956.9,7117.5,5100.0,536000.0,20000.0,257792.0
250,France,2001,1704742.0,9797468.3,5747.2,448842.0,21137970.0,22371.0,58872.4,2631.6,63992.0,51816.0,150.0,1652000.0,216177.0,318494.0,1230001.0,50407.0,13520422.0,1028200.0,20398.0,268.0,5810719.0,1561442.0,269.0,917157.0,1164714.0,1270.0,1131323.0,10249.0,9.0,26473000.0,2315200.0,87.0,8022247.0,146071.0,18.0,117591.0,482442.9,4102.7,161589.0,6049645.9,37438.5,483783.0,1874483.36,3874.6,9437367.0,246150.0,,15377426.0,265489.0,5939610.16,22372.4,4767362.0,31545319.3,6616.9,1500.0,652475.0,19493.0,240642.0
250,France,2002,1641074.0,10974839.6,6687.6,449783.0,20461291.0,27553.0,80919.5,2936.9,67944.0,52385.0,450.0,1659000.0,210748.0,330468.0,1231557.0,53040.0,14087635.0,996200.0,18782.0,266.0,6004190.0,1646277.0,274.0,836470.0,1088581.0,1301.0,1143495.0,10458.0,9.0,26608000.0,2346000.0,88.0,7823626.0,143318.0,18.0,149705.0,751706.1,5021.2,162207.0,6874391.0,42380.4,438918.0,2033031.0,4631.9,9335856.0,307000.0,,15345488.0,270312.0,6093989.2,22544.3,5229556.0,38936514.8,7445.5,1500.0,610510.0,24739.0,243902.0
250,France,2003,1758772.0,9848186.4,5599.5,434628.0,19772441.0,37452.0,103956.3,2775.7,70276.0,53773.0,450.0,1654000.0,205732.0,325995.0,1224779.0,53547.0,14154019.0,995900.0,18599.0,264.0,5903641.0,1632047.0,276.0,819081.0,1051540.0,1284.0,1123711.0,10381.0,9.0,26541000.0,2339000.0,88.0,7767046.0,141331.0,18.0,136538.0,553521.5,4054.0,157458.0,6355131.2,40360.8,469376.0,1941858.0,4137.1,9287212.0,273503.0,,15160276.0,267812.0,5824855.8,21749.8,4876697.0,30479361.5,6250.0,5700.0,599232.0,16929.0,216259.0
250,France,2004,1630781.0,11033331.4,6765.7,415091.0,19516224.0,41471.0,145501.3,3508.5,76300.0,55700.0,450.0,1698000.0,197361.0,342000.0,1212570.0,58782.0,15773382.0,1021000.0,17369.0,268.0,5620084.0,1577971.0,281.0,781280.0,1017662.0,1303.0,1125831.0,10477.0,9.0,25341000.0,2292572.0,90.0,7669600.0,140193.0,18.0,126120.0,595615.8,4722.6,159753.0,7255378.0,45416.2,459663.0,2090720.66,4548.4,9178090.0,230200.0,,15022173.0,253060.0,5957910.37,23543.5,5237005.0,39690179.5,7578.8,7800.0,623000.0,11663.0,198000.0
250,France,2005,1602434.0,10313589.3,6436.2,427000.0,19421068.0,36652.0,124536.5,3397.8,80500.0,50178.0,150.0,1672000.0,191732.0,339000.0,1224759.0,59331.0,15934661.0,930100.0,15676.0,269.0,5417319.0,1546741.0,286.0,815816.0,1054394.0,1292.0,1112585.0,10393.0,9.0,25114500.0,2274000.0,91.0,7636728.0,140451.0,18.0,111057.0,497259.6,4477.5,156423.0,6604600.0,42222.7,439823.0,1753321.26,3986.4,9094005.0,275000.0,,14948695.0,239666.0,5598354.6,23359.0,5277999.0,36886102.6,6988.7,2400.0,618000.0,13443.0,193000.0
250,France,2006,1667310.0,10400575.8,6237.9,404000.0,19534688.0,37572.0,120419.2,3205.0,88000.0,50200.0,150.0,1689000.0,182578.0,351000.0,1232639.0,48998.0,15138300.0,908300.0,18537.0,309.0,5211662.0,1486675.0,285.0,711460.0,928877.0,1306.0,1114230.0,10585.0,9.0,24962772.0,2010769.0,81.0,7493112.0,139605.0,19.0,107024.0,464554.8,4340.7,158315.0,6362823.0,40190.9,341418.0,1353806.0,3965.2,8905186.0,266000.0,,14837023.0,226142.0,5325604.7,23549.8,5245735.0,35363563.4,6741.4,300.0,620000.0,13500.0,158160.0
250,France,2007,1698687.0,9473583.8,5577.0,411000.0,19885156.0,32066.0,85043.0,2652.1,91000.0,50200.0,150.0,1727410.0,191724.0,359160.0,1280520.0,49050.0,14640000.0,878400.0,17908.0,298.0,5143873.0,1502561.1,292.0,774657.0,1027391.0,1326.0,1138825.0,11335.2,10.0,25248600.0,2031200.0,80.0,7293859.0,135546.6,19.0,106663.0,409110.0,3835.5,158578.0,7189093.3,45334.7,235849.0,877417.0,3720.2,8475573.0,252000.0,,14909601.0,239589.0,5266154.9,21980.0,5238602.0,32763445.9,6254.2,1500.0,642000.0,13500.0,145050.0
250,France,2008,1799215.0,12170628.7,6764.4,441000.0,20046940.0,34381.0,98639.5,2869.0,89800.0,53000.0,150.0,1718800.0,192735.0,354000.0,1283124.0,50609.0,13354713.0,873973.0,17269.0,264.0,5112430.0,1502901.1,294.0,795644.0,1049150.0,1319.0,1138082.0,11432.0,10.0,25759700.0,2274107.8,88.0,7006484.0,129880.9,19.0,100303.0,471798.0,4703.7,156657.0,6817621.9,43519.4,175122.0,795419.1,4542.1,8189215.0,250000.0,,14947371.0,239018.0,5300403.06,22175.7,5492443.0,39006372.0,7101.8,1500.0,630000.0,13500.0,150000.0
250,France,2009,1883901.0,12879003.9,6836.3,419900.0,19805378.0,36937.0,114544.8,3101.1,93700.0,57500.0,150.0,1692210.0,196608.0,351500.0,1329160.0,54622.0,14600912.0,901700.0,16508.0,267.0,5158298.0,1515808.0,294.0,789642.0,1035308.0,1311.0,1171177.0,11874.0,10.0,25497210.0,2261592.5,89.0,6757025.0,125596.6,19.0,116835.0,572976.0,4904.1,162593.0,7119238.7,43785.6,216931.0,1021391.7,4708.4,8093182.0,250000.0,,14718918.0,247373.0,5184203.7,20957.0,5147394.0,38336864.7,7447.8,3000.0,617900.0,13500.0,200000.0
250,France,2010,1582022.0,10101597.1,6385.2,411020.0,19555173.0,39706.0,135968.4,3424.4,92740.0,24250.0,305875.03,1759470.0,231527.0,361060.0,1436109.0,56473.0,15093962.0,946500.0,16760.0,267.0,5162943.0,1530257.8,296.0,810199.0,1064308.0,1314.0,1178745.0,12072.2,10.0,25348236.0,2254687.8,89.0,6513656.0,118709.8,18.0,98375.0,448233.2,4556.4,157082.0,6622043.0,42156.6,425504.0,1611542.2,3787.4,7962418.0,230260.0,,14287055.0,235105.0,5046763.97,21466.0,5426820.0,38207431.0,7040.5,3043.15,637620.0,40890.0,108200.0
250,France,2011,1544665.0,8775155.4,5680.9,431330.0,19085561.0,30458.0,89275.0,2931.1,96190.0,25010.0,313407.46,1765090.0,232910.0,386670.0,1381209.0,53040.0,14087635.0,865900.0,16325.0,266.0,5186574.0,1566805.6,302.0,833100.0,1086838.0,1305.0,1168374.0,11967.0,10.0,25005000.0,2217368.0,89.0,6285902.0,115016.0,18.0,77374.0,318542.0,4116.9,158643.0,7440219.0,46899.1,300968.0,1059100.2,3519.0,7658771.0,268030.0,,13975454.0,242543.0,5253568.09,21660.4,5407328.0,35992794.3,6656.3,9388.6,635340.0,48540.0,96730.0
250,France,2012,1683014.0,11341188.8,6738.6,417200.0,19005649.0,30860.0,105039.0,3403.7,96570.0,28920.0,315455.54,1768190.0,241133.0,411080.0,1307753.0,53554.0,14155132.0,845300.0,15784.0,264.0,4950496.0,1493864.7,302.0,833062.0,1094076.0,1313.0,1204813.0,12669.0,11.0,24388000.0,2161653.0,89.0,6242632.0,113401.0,18.0,82794.0,400801.9,4841.0,154097.0,6376057.6,41376.9,222927.0,875947.9,3929.3,7461934.0,262430.0,,13759913.0,232309.0,4990813.6,21483.5,5297826.0,37885741.8,7151.2,0.0,600970.0,57750.0,92110.0
250,France,2013,1635299.0,10315284.9,6307.9,400980.0,19095797.0,44438.0,154732.0,3482.0,94490.0,33140.0,309773.27,1789100.0,251581.0,410800.0,1290623.0,58752.0,15765882.0,945952.0,16101.0,268.0,4656782.0,1400331.0,301.0,845750.0,1119868.0,1324.0,1176299.0,12338.0,10.0,24387873.0,2130578.0,87.0,6097721.0,111100.0,18.0,93016.0,429388.0,4616.3,161206.0,6957008.0,43156.0,216659.0,788281.0,3638.3,7239057.0,249260.0,,13485406.0,220032.0,4850875.88,22046.3,5319778.0,38651472.0,7265.6,0.0,629900.0,52410.0,92470.0
250,France,2014,1764346.0,11728556.0,6647.5,444130.0,19248627.0,30100.0,111249.0,3696.0,96230.0,51980.0,356400.0,1785430.0,243219.0,417800.0,1284667.0,59331.0,15934661.0,956379.0,16119.0,269.0,4640827.0,1410854.0,304.0,844591.0,1141610.0,1352.0,1155055.0,12077.0,10.0,23332517.0,2120315.0,91.0,6022276.0,110193.0,18.0,99134.0,665013.0,6708.2,168519.0,8085184.0,47977.9,247647.0,868207.0,3505.8,7181130.0,355330.0,,13335192.0,227745.0,4988316.87,21903.1,5297210.0,38950202.0,7353.0,0.0,562460.0,46520.0,101580.0
250,France,2015,1838689.0,13098233.9,7123.7,444010.0,19386522.0,55350.0,206387.1,3728.8,100310.0,59140.0,388654.62,1782120.0,247298.0,450600.0,1261684.0,60025.0,16318803.0,970000.0,16160.0,272.0,4688790.0,1447906.0,309.0,898444.0,1160040.0,1291.0,1164378.0,12171.5,10.0,23312352.0,2148452.4,92.0,5881030.0,108280.0,18.0,85889.0,597083.0,6951.8,167505.0,7119837.0,42505.2,298178.0,979729.2,3285.7,7064541.0,370540.0,,13162391.0,223693.0,4932845.58,22051.8,5480208.0,42750027.4,7800.8,0.0,552760.0,47940.0,88850.0
250,France,2016,1917549.0,10439229.0,5444.0,434230.0,19373382.0,56617.0,166358.2,2938.3,104030.0,63300.0,410621.21,1743550.0,243526.0,459750.0,1258204.0,59783.0,13604950.0,816297.0,13654.0,228.0,4727540.0,1466098.9,310.0,846216.0,1147333.0,1356.0,1118306.0,11715.3,10.0,23965189.0,2170418.0,91.0,5670234.0,104625.2,18.0,85327.0,563443.0,6603.3,179129.0,6954983.0,38826.7,330436.0,813427.14,2461.7,7045970.0,345540.0,,12626616.0,230699.0,5389130.31,23360.0,5542247.0,29316331.0,5289.6,0.0,540460.0,42390.0,91350.0
250,France,2017,1904872.0,12086796.0,6345.2,412720.0,18953568.0,55517.0,164209.54,2957.8,103830.0,63440.0,396766.6,1744500.0,244774.0,477080.0,1270737.0,61414.0,14630949.0,877856.0,14294.0,238.0,4662352.0,1432779.9,307.0,846270.0,1161745.0,1373.0,1075905.0,11043.5,10.0,23453731.0,2147550.1,92.0,5462227.0,101122.0,19.0,113290.0,537340.0,4743.0,194055.0,8547354.0,44046.0,349591.0,1060443.4,3033.4,6901456.0,326730.0,,12930857.0,237807.0,5511953.9,23178.3,5332084.0,38677896.0,7253.8,0.0,565850.0,56260.0,93510.0
250,France,2018,1767970.0,11042820.0,6246.0,417410.0,18613040.0,57370.0,185910.0,3240.5,108020.0,62850.0,397438.86,1728030.0,239290.0,483240.0,1252000.0,59113.0,15351217.0,,,260.0,4625960.0,1460000.0,316.0,794215.0,1131000.0,1424.0,690770.0,6170.0,9.0,23491470.0,2181530.0,93.0,4219270.0,81420.0,19.0,91830.0,423250.0,4609.1,199560.0,7860380.0,39388.6,292860.0,835170.0,2851.8,7166000.0,306530.0,,13713000.0,216278.0,4949486.0,22884.8,5234090.0,35424140.0,6768.0,0.0,544300.0,64590.0,90050.0
250,France,2019,1944190.0,13565420.0,6977.4,419220.0,18172970.0,64470.0,226750.0,3517.1,100490.0,65150.0,386868.57,1729690.0,237864.0,492130.0,1242000.0,57019.0,14251191.0,,,250.0,4545970.0,1428460.0,314.0,772443.0,1121000.0,1451.0,681670.0,6260.0,9.0,23538780.0,2200350.0,93.0,4182430.0,80940.0,19.0,87470.0,402420.0,4600.7,207160.0,8560410.0,41322.7,312810.0,996810.0,3186.6,7105000.0,335200.0,,13510000.0,216587.0,4874549.0,22506.2,5244250.0,40604960.0,7742.8,0.0,527960.0,56510.0,79750.0
250,France,2020,1974160.0,10277230.0,5205.9,417540.0,17815670.0,100700.0,309580.0,3074.3,89380.0,66920.0,355510.81,1683420.0,242015.0,447450.0,1413980.0,62368.0,15121211.0,,,242.0,4486480.0,1434590.0,320.0,770478.0,1130000.0,1467.0,668540.0,6130.0,9.0,23291020.0,2201110.0,95.0,4140630.0,80280.0,19.0,98410.0,387020.0,3932.7,216420.0,8822180.0,40764.2,389250.0,927480.0,2382.7,6998710.0,330780.0,,13393000.0,257437.0,5721813.0,22226.1,4519780.0,30181140.0,6677.6,0.0,412460.0,49740.0,92490.0
250,France,2021,1730370.0,11321320.0,6542.7,410180.0,17330080.0,66540.0,235910.0,3545.4,89590.0,68690.0,352020.05,1698270.0,239840.0,474390.0,1387770.0,64677.0,15609168.0,,,241.0,4458200.0,1424320.0,319.0,761550.0,1143000.0,1501.0,650960.0,6210.0,10.0,23312760.0,2203830.0,95.0,4200090.0,81790.0,19.0,107160.0,479910.0,4478.4,211590.0,8987220.0,42474.7,391970.0,1000320.0,2552.0,6994630.0,319080.0,,12941000.0,267809.0,6166782.0,23026.8,5276730.0,36559450.0,6928.4,0.0,480420.0,46110.0,87580.0
250,France,2022,1866520.0,11285440.0,6046.2,412730.0,16986190.0,72610.0,244490.0,3367.2,89870.0,64580.0,310313.7,1735080.0,231096.0,454990.0,1353000.0,63433.0,16457328.0,,,259.0,4260340.0,1361310.0,320.0,734321.0,1114430.0,1518.0,649390.0,6270.0,10.0,22975000.0,2152260.0,94.0,4055280.0,79200.0,20.0,96800.0,379000.0,3915.3,211670.0,8067380.0,38113.0,308720.0,797580.0,2583.5,6746000.0,302240.0,,12182590.0,231579.0,5154977.0,22260.1,4949840.0,34632380.0,6996.7,0.0,477400.0,162890.0,83020.0
250,France,2023,1815490.0,12143490.0,6688.8,403970.0,16806900.0,79210.0,270210.0,3411.3,89440.0,61090.0,308693.45,1731360.0,211370.0,470060.0,1340000.0,63611.0,16374478.0,,,257.0,4038060.0,1301420.0,322.0,726779.0,1128280.0,1552.0,627430.0,5870.0,9.0,21840100.0,2062460.0,94.0,3730620.0,72830.0,20.0,78900.0,337340.0,4275.5,204010.0,8606490.0,42186.6,353690.0,1001290.0,2831.0,6802000.0,293670.0,,11794050.0,242940.0,5356530.0,22048.8,4998280.0,35995570.0,7201.6,0.0,420720.0,103640.0,73590.0
276,Germany,2000,2067590.0,12105820.0,5855.0,425827.0,14657901.0,,,,1500.0,,759299.0,895236.0,107659.0,671400.0,135000.0,50300.0,14400000.0,901000.0,17913.0,286.0,4285724.0,1303500.0,304.0,400000.0,461500.0,1154.0,16721.0,306.0,18.0,43244080.0,3981900.0,92.0,2157523.0,47800.0,22.0,237020.0,1087222.0,4587.0,304380.0,13192951.0,43343.7,167253.0,503386.96,3009.7,2743000.0,322000.0,,25633360.0,88993.0,2765913.75,31080.2,2968940.0,21621548.0,7282.6,25000.0,227700.0,17061.0,84300.0
276,Germany,2001,2111822.0,13494587.0,6390.0,421179.0,14567737.0,,,,1500.0,,764100.0,969600.0,108000.0,691900.0,140000.0,49900.0,14167000.0,887000.0,17776.0,284.0,4356958.0,1361500.0,312.0,412000.0,476000.0,1155.0,20416.0,366.0,18.0,44032040.0,4074324.0,93.0,2203973.0,46056.0,21.0,233324.0,1151033.0,4933.2,282100.0,11502844.0,40775.8,191548.0,669916.02,3497.4,2700000.0,289900.0,,25783930.0,88506.0,2703886.84,30550.4,2897202.0,22837837.0,7882.7,38600.0,235700.0,13712.0,82500.0
276,Germany,2002,1970335.0,10927970.0,5546.2,435400.0,14226600.0,,,,1950.0,,767300.0,966800.0,109993.0,660000.0,160000.0,48600.0,14262000.0,868000.0,17860.0,293.0,4272156.0,1316375.0,308.0,412000.0,476500.0,1157.0,18428.0,327.0,18.0,44292900.0,4110155.0,93.0,2052647.0,43781.0,21.0,233148.0,1015851.0,4357.1,284078.0,11113856.0,39122.6,173357.0,504122.3,2908.0,2771000.0,306100.0,,26103040.0,92906.0,2687549.09,28927.6,3014620.0,20817740.0,6905.6,32000.0,249100.0,14151.0,72600.0
276,Germany,2003,2074622.0,10595573.0,5107.2,451789.0,13643703.0,,,,2400.0,,777312.0,1009600.0,109793.0,660400.0,160000.0,45500.0,12588360.0,825000.0,18132.0,277.0,3968912.0,1226235.0,309.0,470000.0,548500.0,1167.0,19865.0,358.0,18.0,45372900.0,4239310.0,93.0,2111865.0,45644.0,22.0,261927.0,1201647.0,4587.7,287264.0,9915679.0,34517.7,206908.0,534710.01,2584.3,2722000.0,301980.0,,26334320.0,98336.0,2766789.4,28136.1,2963731.0,19259811.0,6498.5,39060.0,275700.0,15453.0,73000.0
276,Germany,2004,1979472.0,12992870.0,6563.8,443907.0,13195800.0,,,,2520.0,,781212.0,1053700.0,110000.0,545700.0,165000.0,44300.0,12353075.0,813000.0,18352.0,279.0,4141100.0,1258000.0,304.0,510000.0,609400.0,1195.0,21578.0,388.0,18.0,46904100.0,4323400.0,92.0,2212775.0,48406.0,22.0,227829.0,1185792.0,5204.7,295266.0,13043559.0,44175.6,177529.0,594098.65,3346.5,2696980.0,219626.0,,25659300.0,103629.0,3172329.76,30612.3,3111651.0,25427210.0,8171.6,40000.0,294000.0,15000.0,75778.0
276,Germany,2005,1946800.0,11613800.0,5965.6,450000.0,13034500.0,,,,2430.0,,773200.0,1126500.0,107267.0,549800.0,170000.0,43300.0,12028253.0,795000.0,18360.0,278.0,3772807.0,1166900.0,309.0,515000.0,605117.0,1175.0,21124.0,380.0,18.0,48251552.0,4499991.0,93.0,2241325.0,49202.0,22.0,209900.0,963600.0,4590.8,276900.0,11624200.0,41979.8,168800.0,473866.67,2807.3,2642400.0,231900.0,,26857800.0,102227.0,3078270.4,30112.0,3173800.0,23692700.0,7465.1,25000.0,355600.0,15400.0,73200.0
276,Germany,2006,2025300.0,11966600.0,5908.6,436960.0,12747900.0,,,,2400.0,,781700.0,1184600.0,107000.0,558400.0,170000.0,42390.0,12136900.0,796500.0,18790.0,286.0,3806192.0,1193180.0,313.0,518000.0,608418.0,1175.0,23933.0,431.0,18.0,50115940.0,4662498.0,93.0,2187785.0,43423.0,20.0,183700.0,829900.0,4517.7,274300.0,10030600.0,36568.0,143800.0,395717.48,2751.9,2560300.0,191200.0,,26521300.0,107721.0,3150176.23,29243.9,3114700.0,22427900.0,7200.7,25000.0,344500.0,16600.0,71500.0
276,Germany,2007,1916871.0,10384218.0,5417.3,444893.0,12686644.0,,,,2340.0,,772700.0,1217600.0,114625.0,561100.0,180000.0,41420.0,11973800.0,785600.0,18967.0,289.0,3715064.0,1185724.0,319.0,585000.0,687696.0,1176.0,25387.0,457.0,18.0,53308252.0,4985177.0,94.0,2063909.0,43908.0,21.0,177831.0,727926.0,4093.4,274961.0,11643769.0,42347.0,109007.0,269684.48,2474.0,2537791.0,231800.0,,27125300.0,109539.0,3384856.0,30900.9,2992075.0,20828077.0,6961.1,26000.0,357700.0,16600.0,86200.0
276,Germany,2008,1961682.0,11967114.0,6100.4,464501.0,12969674.0,,,,2430.0,,754300.0,1244600.0,114500.0,553600.0,190000.0,41323.0,12103080.0,789600.0,19108.0,293.0,3817624.0,1199431.0,314.0,647000.0,746942.0,1154.0,26192.0,471.0,18.0,54955648.0,5121607.0,93.0,1953800.0,38537.0,20.0,179485.0,793188.0,4419.2,259800.0,11369000.0,43760.6,84331.0,227551.82,2698.3,2437000.0,226700.0,,26686800.0,114416.0,3476701.0,30386.5,3213485.0,25988564.0,8087.3,26000.0,361600.0,30600.0,90400.0
276,Germany,2009,1877894.0,12288100.0,6543.6,409596.0,12944903.0,,,,3150.0,,762800.0,1299100.0,114500.0,568100.0,190000.0,36700.0,10753850.0,699000.0,19046.0,293.0,3792119.0,1189615.0,314.0,662000.0,785869.0,1187.0,27987.0,504.0,18.0,56315240.0,5264505.0,93.0,1843266.0,38500.0,21.0,162593.0,825575.0,5077.6,263700.0,11683100.0,44304.5,83005.0,253285.16,3051.4,2350400.0,285500.0,,26948300.0,112654.0,3657022.0,32462.4,3226036.0,25192350.0,7809.1,26000.0,340500.0,30000.0,79900.0
276,Germany,2010,1641322.0,10326918.0,6291.8,449230.0,12809492.0,,,,1800.0,,786700.0,1353600.0,114113.0,555570.0,150000.0,33400.0,10190800.0,662400.0,19832.0,305.0,3803813.0,1205002.0,317.0,617582.0,837134.0,1356.0,28658.0,516.0,18.0,58625628.0,5488369.0,94.0,1877934.0,38340.0,20.0,141433.0,598049.0,4228.5,254367.0,10143090.0,39875.8,100830.0,267588.68,2653.9,2088541.0,258510.0,,26509000.0,107536.0,3344553.0,31101.7,3297699.0,23782955.0,7212.0,1705420.0,370280.0,420420.0,59530.0
276,Germany,2011,1598100.0,8733800.0,5465.1,475690.0,12562600.0,,,,2040.0,,811800.0,1357400.0,118640.0,546860.0,160000.0,39200.0,12035000.0,782300.0,19957.0,307.0,3719013.0,1170376.0,315.0,641829.0,895880.0,1396.0,29931.0,539.0,18.0,59735680.0,5616074.0,94.0,1956514.0,39892.0,20.0,143400.0,627400.0,4375.2,258700.0,11837200.0,45756.5,98050.0,259601.28,2647.6,2088500.0,300230.0,,26758100.0,106860.0,3566124.0,33371.9,3248200.0,22782700.0,7013.9,1379230.0,371480.0,412310.0,93900.0
276,Germany,2012,1677800.0,10391300.0,6193.4,489620.0,12477389.0,,,,610.0,,824600.0,2160530.0,121040.0,542220.0,162000.0,41400.0,12246000.0,759300.0,18341.0,296.0,3653786.0,1146255.0,314.0,627943.0,903293.0,1438.0,28881.0,520.0,18.0,58365864.0,5474021.0,94.0,1813530.0,36544.0,20.0,145400.0,756500.0,5202.9,238300.0,10665600.0,44757.0,82111.0,248564.7,3027.2,1657800.0,314110.0,,28131700.0,111462.0,3816618.0,34241.4,3056700.0,22409300.0,7331.2,1377760.0,371730.0,444080.0,88200.0
276,Germany,2013,1570400.0,10343600.0,6586.6,473100.0,12587020.0,,,,1680.0,1700.0,845500.0,2223010.0,160774.0,550200.0,130200.0,43200.0,12593000.0,780800.0,18074.0,292.0,3521272.0,1116507.0,317.0,644839.0,950940.0,1475.0,25063.0,451.0,18.0,58622058.0,5506772.0,94.0,1653139.0,33142.0,20.0,131500.0,627700.0,4773.4,242800.0,9669700.0,39825.8,75346.0,237172.96,3147.8,1893300.0,314900.0,,27690100.0,109063.0,3412142.0,31286.0,3128200.0,25019100.0,7997.9,664780.0,348540.0,400290.0,113800.0
276,Germany,2014,1573700.0,11562800.0,7347.5,482420.0,12742190.0,,,,1773.44,,847800.0,2274350.0,121000.0,566640.0,117000.0,44200.0,12685000.0,786500.0,17794.0,287.0,3606557.0,1142603.0,317.0,667130.0,1027100.0,1540.0,24306.0,438.0,18.0,58934837.0,5527769.0,94.0,1523398.0,30507.0,20.0,123800.0,627100.0,5065.4,244800.0,11607300.0,47415.4,86819.0,299221.25,3446.5,1600776.0,357400.0,,28338990.0,111261.0,3762542.0,33817.3,3219700.0,27784700.0,8629.6,637300.0,387510.0,413500.0,116300.0
276,Germany,2015,1621800.0,11629900.0,7171.0,509490.0,12635456.0,,,,1620.0,0.0,844100.0,2236470.0,140037.0,566390.0,110000.0,40165.0,11806537.0,801100.0,19945.0,294.0,3581953.0,1132340.0,316.0,659092.0,1027400.0,1559.0,23580.0,440.0,19.0,59435349.0,5570490.0,94.0,1062223.0,32140.0,30.0,125700.0,566300.0,4505.2,236700.0,10370200.0,43811.6,149116.0,462067.79,3098.7,1579789.0,415110.0,,27652416.0,110551.0,3454321.39,31246.4,3282700.0,26549500.0,8087.7,656710.0,400460.0,411470.0,125700.0
276,Germany,2016,1605000.0,10730500.0,6685.7,506930.0,12466586.0,,,,2016.54,,815300.0,2232590.0,158649.0,587480.0,138810.0,40398.0,11978685.0,818300.0,20256.0,297.0,3640070.0,1155483.0,317.0,632847.0,999070.0,1579.0,23108.0,416.0,18.0,59480468.0,5589639.0,94.0,1094251.0,31587.0,29.0,115500.0,535900.0,4639.8,242600.0,10772100.0,44402.7,157673.0,507575.6,3219.2,1574300.0,429220.0,,27376100.0,117111.0,3744802.0,31976.5,3201700.0,24463800.0,7640.9,654970.0,359700.0,351440.0,128000.0
276,Germany,2017,1566100.0,10853400.0,6930.2,488110.0,12281195.0,,,,2039.77,,791400.0,2215270.0,160000.0,577980.0,140000.0,40569.0,12086893.0,826200.0,20365.0,298.0,3549432.0,1137008.0,320.0,631000.0,1009565.0,1600.0,23258.0,418.0,18.0,58408370.0,5505572.0,94.0,1070270.0,31152.0,29.0,128100.0,576500.0,4500.4,250500.0,11720000.0,46786.4,163533.0,552841.35,3380.6,1579800.0,430410.0,,27577600.0,124363.0,4025884.0,32372.0,3202600.0,24481600.0,7644.3,638560.0,345170.0,372650.0,134800.0
276,Germany,2018,1662000.0,9583600.0,5766.3,474880.0,11949090.0,,,,1166.91,,797200.0,2244710.0,,552210.0,146000.0,46800.0,12325862.0,846000.0,18077.0,263.0,3438000.0,1109000.0,323.0,623100.0,1021000.0,1639.0,,0.0,,56679000.0,5350000.0,94.0,1648000.0,34000.0,21.0,140400.0,577600.0,4114.0,252200.0,8920800.0,35371.9,167600.0,471200.0,2811.5,1569900.0,402670.0,,26445400.0,103349.0,3030342.5,29321.5,3036300.0,20263500.0,6673.7,463720.0,315740.0,332800.0,96683.92
276,Germany,2019,1708800.0,11591500.0,6783.4,490650.0,11639530.0,,,,1143.97,,823900.0,2296220.0,,554400.0,141000.0,48000.0,12511861.0,938100.0,19544.0,261.0,3403000.0,1107000.0,325.0,620568.0,1036000.0,1669.0,,0.0,,55196000.0,5232000.0,95.0,1614000.0,35000.0,22.0,126300.0,519300.0,4111.6,271600.0,10602200.0,39036.1,166800.0,523300.0,3137.3,1556500.0,392790.0,,26053400.0,103560.0,3440400.0,33221.3,3118100.0,23062600.0,7396.4,656140.0,310170.0,325040.0,109836.71
276,Germany,2020,1667300.0,10769200.0,6459.1,497300.0,11301860.0,,,,1173.05,,815816.88,2353510.0,159118.0,530410.0,161000.0,49200.0,12936829.0,966700.0,19648.0,263.0,3281250.0,1092030.0,333.0,623161.0,1066000.0,1711.0,,0.0,,53378000.0,5118000.0,96.0,1669000.0,40000.0,24.0,157100.0,721900.0,4595.2,273500.0,11715100.0,42834.0,190100.0,697400.0,3668.6,1483700.0,416510.0,,26069900.0,103080.0,3437190.0,33344.9,2835500.0,22172100.0,7819.5,786240.0,317200.0,323290.0,110619.4
276,Germany,2021,1539500.0,10411100.0,6762.7,461680.0,11039660.0,,,,1152.54,,691028.3,2359430.0,,544370.0,164000.0,49800.0,13043826.0,981200.0,19703.0,262.0,3268030.0,1080430.0,331.0,625816.0,1080000.0,1726.0,25260.0,450.0,18.0,51874640.0,4971150.0,96.0,1631000.0,33360.0,20.0,177300.0,766500.0,4323.2,258300.0,11312100.0,43794.4,210400.0,718400.0,3414.4,1508100.0,352800.0,,23762300.0,108110.0,3783170.0,34993.7,2939000.0,21459200.0,7301.5,789720.0,369730.0,305170.0,73980.02
276,Germany,2022,1582600.0,11207100.0,7081.4,459180.0,10996960.0,,,,1152.44,,688521.17,2332930.0,,525300.0,159000.0,50400.0,14037289.0,977100.0,19387.0,279.0,3022510.0,994910.0,329.0,631051.0,1076000.0,1705.0,25020.0,450.0,18.0,47169090.0,4491710.0,95.0,1549000.0,31750.0,20.0,160100.0,754700.0,4713.9,266400.0,10683400.0,40102.9,236800.0,755100.0,3188.8,1516900.0,351520.0,,21366300.0,104010.0,3362080.0,32324.6,2980900.0,22587300.0,7577.3,667540.0,370630.0,294380.0,110122.1
276,Germany,2023,1612200.0,10999900.0,6822.9,468880.0,10836200.0,,,,1152.62,,681195.64,2359510.0,156301.0,521450.0,162600.0,68209.0,13941294.0,967400.0,14183.0,204.0,3025880.0,1004600.0,332.0,631516.0,1086000.0,1720.0,24290.0,440.0,18.0,44130820.0,4209580.0,95.0,1498050.0,30360.0,20.0,139500.0,452000.0,3240.1,264700.0,11607300.0,43850.8,231600.0,617577.41,2666.6,1559700.0,347780.0,,21223700.0,101440.0,3513770.0,34638.9,2897800.0,21535900.0,7431.8,674530.0,384460.0,298010.0,111397.4
300,Greece,2000,119315.0,288349.47,2416.7,3550.0,601933.0,,,,48000.0,122934.0,12300.0,39194.0,30289.0,4000.0,5614453.0,14805.0,2294715.0,116643.0,7879.0,155.0,339449.0,70062.36,206.0,68700.0,110000.0,1601.0,5562470.0,55471.94,10.0,2235695.0,126985.15,57.0,8588906.0,93421.69,11.0,43149.0,84363.28,1955.2,48816.0,1011601.36,20722.8,25410.0,46637.84,1835.4,8950971.0,,,972976.0,124526.0,3711315.49,29803.5,857770.0,2287322.23,2666.6,,,,
300,Greece,2001,115364.0,276062.87,2393.0,3650.0,613060.0,,,,48000.0,127452.0,12700.0,35006.0,29961.0,4000.0,5638620.0,15220.0,2204158.0,110208.0,7241.0,145.0,349039.0,74873.76,215.0,70620.0,113548.0,1608.0,5611218.0,56495.61,10.0,2101008.0,115286.21,55.0,8567319.0,93450.57,11.0,42696.0,83461.24,1954.8,46840.0,958461.28,20462.6,24447.0,44526.2,1821.3,8991274.0,,,933784.0,116694.0,3422212.87,29326.4,875308.0,2196642.94,2509.6,,,,
300,Greece,2002,112951.0,281958.23,2496.3,4154.0,621358.0,,,,48000.0,133407.0,12593.0,36659.0,28516.0,5000.0,5666550.0,14722.0,2106428.0,107073.0,7273.0,143.0,355009.0,73072.09,206.0,78818.0,125740.0,1595.0,5726379.0,59199.19,10.0,1984199.0,109604.0,55.0,8666969.0,96183.21,11.0,43510.0,86074.1,1978.3,46463.0,900846.58,19388.5,23946.0,43041.37,1797.4,9127187.0,,,940145.0,116492.0,3309127.19,28406.5,870001.0,2038581.72,2343.2,,,,
300,Greece,2003,103998.0,225516.73,2168.5,3747.0,625854.0,,,,48000.0,127232.0,13071.0,36270.0,29888.0,4100.0,5669198.0,14225.0,1916889.0,105576.0,7422.0,135.0,355235.0,74348.75,209.0,102958.0,160000.0,1554.0,5731933.0,59881.14,10.0,2051095.0,111086.73,54.0,8642005.0,96984.96,11.0,42575.0,83181.97,1953.8,46163.0,953998.35,20666.1,23361.0,42674.13,1826.7,9058117.0,,,937034.0,117424.0,3363895.7,28647.4,847746.0,1701946.52,2007.6,,,,
300,Greece,2004,93982.0,233882.0,2488.6,3877.0,620686.0,,,,48000.0,122449.0,13000.0,47136.0,28939.0,4000.0,5620778.0,14224.0,2010094.0,110555.0,7772.0,141.0,366328.0,77030.0,210.0,94000.0,147000.0,1564.0,5689998.0,57759.0,10.0,2023220.0,107521.0,53.0,8673390.0,93538.0,11.0,40744.0,82786.0,2031.9,45646.0,924960.59,20263.8,22864.0,41675.66,1822.8,9002010.0,,,940309.0,117116.0,3540819.11,30233.4,845062.0,2092097.0,2475.7,,,,
300,Greece,2005,89534.0,227464.06,2540.5,3077.0,603993.0,,,,48000.0,125947.0,11000.0,45222.0,30391.0,3600.0,5509233.0,13823.0,2001836.0,110100.0,7965.0,145.0,349591.0,72429.0,207.0,101497.0,158700.0,1564.0,5602106.0,56537.0,10.0,1994379.0,109409.0,55.0,8612229.0,92487.0,11.0,39694.0,80866.72,2037.3,44455.0,892119.68,20068.0,23757.0,42663.84,1795.9,8827078.0,,,948715.0,112874.0,3275788.72,29021.7,839009.0,2018523.55,2405.8,,,,
300,Greece,2006,101724.0,245471.0,2413.1,3101.0,617695.0,1722.0,3977.0,2309.5,48000.0,120036.0,11300.0,37825.0,31372.0,3600.0,5422240.0,12779.0,1989595.0,99480.0,7785.0,156.0,348604.0,72874.0,209.0,75758.0,117574.0,1552.0,5522229.0,57762.0,10.0,1995860.0,108470.0,54.0,8569916.0,94340.0,11.0,41762.0,84126.0,2014.4,45446.0,901705.0,19841.2,26507.0,46852.32,1767.6,8791757.0,,,902302.0,112027.0,3144186.52,28066.4,777901.0,1778170.0,2285.9,,,,
300,Greece,2007,119103.0,274373.0,2303.7,2812.0,628885.0,1018.0,3762.0,3695.5,48000.0,120077.0,12200.0,40260.0,31424.0,3600.0,5401865.0,13021.0,1945373.0,97268.0,7470.0,149.0,366090.0,75772.69,207.0,73000.0,116059.0,1590.0,5469891.0,56109.0,10.0,1901878.0,101856.84,54.0,8541350.0,92597.07,11.0,42698.0,83196.95,1948.5,46049.0,950395.96,20638.8,27685.0,42739.14,1543.8,8831042.0,,,891772.0,111169.0,3016603.14,27135.2,728791.0,1629072.0,2235.3,,,,
300,Greece,2008,128874.0,353496.55,2743.0,3000.0,623643.0,1105.0,4820.0,4362.0,48000.0,121000.0,12300.0,38000.0,31765.0,3900.0,5345737.0,12416.0,1881378.0,101762.0,8196.0,152.0,350817.0,72371.57,206.0,75000.0,121850.0,1625.0,5338123.0,54616.28,10.0,1901631.0,103653.06,55.0,8614228.0,93519.11,11.0,43498.0,86333.8,1984.8,45383.0,912862.33,20114.8,25855.0,43909.27,1698.3,8896587.0,,,881691.0,111464.0,3060070.01,27453.6,747093.0,2074607.57,2776.9,,,,
300,Greece,2009,127768.0,341083.83,2669.6,2000.0,626301.0,1143.0,4609.0,4032.4,40000.0,122000.0,10400.0,35000.0,28960.0,3900.0,5180391.0,11984.0,1763526.0,108800.0,9079.0,147.0,356725.0,73937.0,207.0,76000.0,123550.0,1626.0,5299259.0,53735.6,10.0,1866892.0,98658.46,53.0,8672710.0,94123.36,11.0,43406.0,88265.37,2033.5,45454.0,940931.7,20700.7,26367.0,44942.4,1704.5,8888895.0,,,861696.0,114358.0,3264054.07,28542.4,779813.0,2139472.15,2743.6,,,,
300,Greece,2010,120760.0,311066.98,2575.9,1000.0,627192.0,983.0,3869.0,3935.9,40000.0,123000.0,9100.0,27700.0,27841.0,17400.0,5274759.0,11152.0,1757118.0,99800.0,8949.0,158.0,343719.0,71955.76,209.0,76500.0,126000.0,1647.0,5186006.0,53569.32,10.0,1791052.0,95226.22,53.0,8714485.0,94783.31,11.0,44613.0,88728.15,1988.8,44623.0,922957.25,20683.5,28326.0,47444.93,1674.9,8931392.0,,,839630.0,114459.0,3238432.48,28293.4,737483.0,1920669.75,2604.4,,,21300.0,
300,Greece,2011,121168.0,319002.76,2632.7,1000.0,627132.0,931.0,4415.0,4742.2,40000.0,125000.0,8450.0,24700.0,29000.0,13200.0,5123833.0,10000.0,1691209.0,93000.0,9300.0,169.0,338436.0,69816.95,206.0,75000.0,109100.0,1455.0,5129863.0,53089.49,10.0,1793907.0,95857.28,53.0,8638769.0,92726.28,11.0,45054.0,92519.41,2053.5,44642.0,902491.79,20216.0,27867.0,49186.95,1765.1,8903667.0,,,819954.0,110132.0,3002449.07,27262.3,687822.0,1857428.8,2700.4,,,20500.0,
300,Greece,2012,127974.0,336461.28,2629.1,1300.0,622715.0,958.0,4069.0,4247.4,0.0,0.0,9100.0,23900.0,28083.0,14300.0,5009904.0,10700.0,1693579.0,96300.0,9000.0,158.0,330412.0,69462.99,210.0,76000.0,115800.0,1524.0,5012750.0,51963.04,10.0,1718918.0,93590.3,54.0,8469027.0,91986.26,11.0,45571.0,93650.0,2055.0,43979.0,875908.01,19916.5,27938.0,46874.85,1677.8,8913929.0,0.0,,792611.0,108401.0,2931236.63,27040.7,688891.0,1835900.96,2665.0,0.0,0.0,11500.0,0.0
300,Greece,2013,137088.0,381071.18,2779.8,1994.0,608964.0,990.0,4320.0,4363.6,40000.0,125000.0,9100.0,22700.0,30324.0,16900.0,4895244.0,10350.0,1792063.0,116883.0,11293.0,173.0,335054.0,68746.09,205.0,110704.0,177731.0,1605.0,4866736.0,50049.09,10.0,1671313.0,91193.39,55.0,8448929.0,89859.32,11.0,44949.0,92238.18,2052.1,43225.0,893833.14,20678.7,30610.0,52144.43,1703.5,8778430.0,,,761074.0,106959.0,2931442.2,27407.1,659483.0,1831869.31,2777.7,,,8100.0,
300,Greece,2014,148601.0,420880.13,2832.3,1470.52,599875.0,1245.0,4268.0,3427.9,44778.89,138621.42,11620.1,45100.0,32062.0,16700.0,4782003.0,9552.0,1741539.0,107208.0,11224.0,182.0,220720.0,49216.24,223.0,114101.0,187871.0,1647.0,2898203.0,29884.56,10.0,1449807.0,82850.42,57.0,6042693.0,67344.76,11.0,42789.0,94023.44,2197.4,26100.0,615428.83,23579.6,28860.0,55599.11,1926.5,8611026.0,,,724150.0,79668.0,2276841.41,28579.2,571762.0,1570415.56,2746.6,,,8600.0,
300,Greece,2015,184289.0,512628.25,2781.7,1200.0,606705.0,19738.0,47035.04,2382.9,0.0,0.0,9396.12,26900.0,34477.0,12800.0,4128036.0,7951.0,1377092.0,105917.0,13321.0,173.0,173254.0,39199.0,226.0,133482.0,251893.0,1887.0,2441608.0,25854.0,11.0,1354835.0,78066.0,58.0,5260800.0,56732.0,11.0,103575.0,216336.33,2088.7,23429.0,580646.01,24783.1,36183.0,63834.29,1764.2,8746260.0,0.0,,713519.0,92467.0,2805172.62,30337.0,502141.0,1458705.46,2905.0,0.0,0.0,7600.0,0.0
300,Greece,2016,132542.0,381650.0,2879.5,1300.0,608857.0,21341.0,50227.0,2353.5,0.0,0.0,7927.47,20500.0,35545.0,12900.0,3975504.0,7670.0,1338977.0,87033.0,11347.0,175.0,169341.0,39171.6,231.0,135271.0,254896.0,1884.0,2378844.0,25207.75,11.0,1315790.0,76702.4,58.0,5264197.0,57492.37,11.0,44323.0,103196.0,2328.3,20755.0,491973.22,23704.1,33336.0,57008.87,1710.2,8680235.0,0.0,,697724.0,82926.0,2581282.32,31127.5,539538.0,1560776.99,2892.8,0.0,0.0,7200.0,0.0
300,Greece,2017,129320.0,376543.0,2911.7,1500.0,610690.0,19469.0,45654.0,2345.0,0.0,0.0,7895.49,24000.0,37262.0,12500.0,3998205.0,7783.0,1344514.0,87394.0,11229.0,173.0,184234.0,41766.0,227.0,145178.0,243730.0,1679.0,2059433.0,21934.0,11.0,1323843.0,77319.0,58.0,4914039.0,53918.0,11.0,49228.0,109735.0,2229.1,19793.0,499506.0,25236.5,99662.0,173955.24,1745.4,8827820.0,0.0,,716856.0,81851.0,2390945.36,29211.1,463311.0,1356772.0,2928.4,0.0,0.0,10100.0,0.0
300,Greece,2018,129190.0,344610.0,2667.5,2100.0,542000.0,260.0,880.0,3384.6,0.0,0.0,7770.11,20700.0,37300.0,11900.0,3625000.0,7858.0,1375996.0,,,175.0,166290.0,39640.0,238.0,134449.0,217410.0,1617.0,2480610.0,24760.0,10.0,1401030.0,87050.0,62.0,5847720.0,62400.0,11.0,80060.0,80720.0,1008.2,16830.0,465770.0,27675.0,134220.0,181520.0,1352.4,8430000.0,0.0,,721000.0,62230.0,1906220.0,30631.8,404490.0,1072940.0,2652.6,0.0,0.0,17500.0,0.0
300,Greece,2019,132570.0,366580.0,2765.2,2290.0,530000.0,370.0,1110.0,3000.0,0.0,0.0,17189.02,20780.0,39188.0,13290.0,3580000.0,8308.0,1497846.0,,,180.0,144450.0,33470.0,232.0,135550.0,227560.0,1679.0,2367770.0,26480.0,11.0,1272810.0,86200.0,68.0,5600070.0,63470.0,11.0,72440.0,79290.0,1094.6,15950.0,470210.0,29480.3,128890.0,175810.0,1364.0,8427000.0,0.0,,733000.0,54890.0,1757740.0,32023.0,350490.0,979220.0,2793.9,0.0,0.0,6060.0,0.0
300,Greece,2020,136970.0,398680.0,2910.7,2580.0,631500.0,270.0,810.0,3000.0,0.0,0.0,12277.09,23580.0,34033.0,14680.0,3149000.0,8783.0,1530037.0,,,174.0,144590.0,34740.0,240.0,141123.0,236520.0,1676.0,2273510.0,22250.0,10.0,1317590.0,80890.0,61.0,5387630.0,60620.0,11.0,67510.0,77550.0,1148.7,15730.0,450640.0,28648.4,130720.0,182270.0,1394.4,7721800.0,0.0,,743000.0,58200.0,1918930.0,32971.3,355880.0,1095150.0,3077.3,0.0,0.0,980.0,0.0
300,Greece,2021,112780.0,330220.0,2928.0,2700.0,614100.0,340.0,680.0,2000.0,0.0,0.0,10358.13,27890.0,36597.0,15280.0,3135100.0,9071.0,1495947.0,,,165.0,140400.0,33050.0,235.0,142189.0,235500.0,1656.0,2222790.0,22090.0,10.0,1273200.0,74820.0,59.0,5373950.0,63780.0,12.0,64250.0,83940.0,1306.5,12360.0,381740.0,30885.1,133000.0,201460.0,1514.7,7690900.0,0.0,,758900.0,60190.0,1876400.0,31174.6,411010.0,1159190.0,2820.3,0.0,0.0,840.0,0.0
300,Greece,2022,116800.0,323380.0,2768.7,2400.0,581600.0,300.0,730.0,2433.3,0.0,0.0,12174.15,28190.0,38649.0,15480.0,2960900.0,8950.0,1570186.0,,,175.0,147730.0,35540.0,241.0,147097.0,244850.0,1665.0,2082370.0,34160.0,16.0,1268910.0,79210.0,62.0,5150920.0,59380.0,12.0,62500.0,61180.0,978.9,13210.0,391940.0,29669.9,135790.0,192570.0,1418.1,7378400.0,0.0,,741600.0,45610.0,1580260.0,34647.2,412490.0,1203260.0,2917.1,0.0,0.0,2540.0,0.0
300,Greece,2023,130780.0,362520.0,2772.0,2160.0,638800.0,340.0,500.0,1470.6,0.0,0.0,11875.97,32130.0,38508.0,16030.0,2836100.0,6960.0,1576902.0,,,227.0,151960.0,35690.0,235.0,163091.0,271690.0,1666.0,1959630.0,18950.0,10.0,1207350.0,70900.0,59.0,4839290.0,53890.0,11.0,61650.0,69190.0,1122.3,10960.0,309140.0,28206.2,120880.0,158850.0,1314.1,7994200.0,0.0,,771500.0,41200.0,1448400.0,35155.3,448460.0,1309180.0,2919.3,0.0,0.0,560.0,0.0
348,Hungary,2000,324744.0,900510.0,2773.0,11954.0,857000.0,0.0,0.0,,1398.23,184.32,21331.0,72034.0,25890.0,87583.0,189000.0,15033.0,3206450.0,176355.0,11731.0,213.0,297406.0,66940.0,225.0,165100.0,280666.0,1700.0,25000.0,200.0,8.0,6328000.0,613420.0,97.0,270000.0,3570.0,13.0,58277.0,97450.0,1672.2,46743.0,863511.0,18473.6,32865.0,54501.0,1658.3,934000.0,13500.0,,5335000.0,81956.0,1456808.98,17775.5,1024430.0,3692470.0,3604.4,,10401.0,,7300.0
348,Hungary,2001,367467.0,1299140.0,3535.4,13605.0,805000.0,0.0,0.0,,1442.61,230.4,29825.0,76312.0,30716.0,68900.0,103000.0,14261.0,3286600.0,180762.0,12675.0,230.0,253843.0,51600.0,203.0,164000.0,278783.0,1700.0,19000.0,250.0,13.0,5635000.0,556100.0,99.0,200000.0,2638.0,13.0,60625.0,149694.0,2469.2,36262.0,908359.0,25049.9,32004.0,69757.0,2179.6,1129000.0,10000.0,,4834000.0,93050.0,1748964.0,18795.9,1205610.0,5196760.0,4310.5,,2100.0,,7725.0
348,Hungary,2002,370460.0,1045872.0,2823.2,14810.0,783000.0,0.0,0.0,,1304.45,184.32,32000.0,73156.0,34343.0,71800.0,90200.0,16606.0,3431700.0,188741.0,11366.0,207.0,260100.0,47620.0,183.0,179068.0,278038.0,1553.0,15000.0,200.0,13.0,6574000.0,580000.0,88.0,200000.0,2500.0,13.0,63812.0,137600.0,2156.3,34004.0,752244.0,22122.2,27330.0,54415.0,1991.0,1136000.0,11700.0,,4822000.0,105617.0,1671729.08,15828.2,1110471.0,3910244.0,3521.2,,2300.0,,7185.0
348,Hungary,2003,340786.0,810185.0,2377.4,12147.0,770000.0,943.0,1725.0,1829.3,649.77,152.47,31000.0,77930.0,32206.0,70000.0,86600.0,16849.0,3433065.0,190726.0,11320.0,204.0,148098.0,39173.0,265.0,173919.0,267081.0,1536.0,13215.0,173.0,13.0,5390948.0,510318.0,95.0,75622.0,949.0,13.0,68389.0,101782.0,1488.3,31331.0,582346.0,18586.9,25843.0,33449.0,1294.3,1103000.0,7700.0,,5082000.0,108661.0,1760628.0,16203.0,1113755.0,2941248.0,2640.8,,1012.5,,7185.0
348,Hungary,2004,331088.0,1413360.0,4268.8,9546.0,739000.0,732.0,886.0,1210.4,602.17,201.2,25000.0,80500.0,37502.0,65000.0,85200.0,15483.0,3264666.0,181370.0,11714.0,211.0,142053.0,37513.0,264.0,161704.0,253146.0,1565.0,17010.0,218.0,13.0,5194590.0,486541.0,94.0,89365.0,1161.0,13.0,69613.0,217376.0,3122.6,30950.0,783686.0,25321.0,23937.0,67544.0,2821.7,1296000.0,5000.0,,4913000.0,95585.0,1837619.0,19225.0,1173800.0,6006820.0,5117.4,,1012.5,,6750.0
348,Hungary,2005,316868.0,1190447.0,3756.9,9001.0,723000.0,871.0,752.0,863.4,587.21,209.49,20000.0,80000.0,32814.0,66000.0,74000.0,15445.0,2963602.0,164645.0,10660.0,192.0,122014.0,32241.0,264.0,144834.0,246217.0,1700.0,17813.0,240.0,13.0,4919565.0,453892.0,92.0,68171.0,863.0,13.0,62420.0,157354.0,2520.9,25378.0,656721.0,25877.6,22300.0,54339.0,2436.7,1397000.0,5000.0,,4059000.0,74348.0,1338113.0,17997.9,1130719.0,5088219.0,4500.0,,2025.0,,6000.0
348,Hungary,2006,292604.0,1075150.0,3674.4,6500.0,708000.0,1303.0,1488.0,1142.0,569.53,148.55,20000.0,70000.0,31902.0,66000.0,79000.0,15483.0,2955986.0,164221.0,10607.0,191.0,126000.0,33303.0,264.0,124567.0,211088.0,1695.0,18011.0,260.0,14.0,5259723.0,489127.0,93.0,64323.0,882.0,14.0,59255.0,150823.0,2545.3,22583.0,564443.0,24994.2,22159.0,53469.0,2413.0,1405000.0,5000.0,,3853000.0,83451.0,1600284.0,19176.3,1074735.0,4376235.0,4071.9,,3037.5,,6000.0
348,Hungary,2007,321472.0,1017827.0,3166.1,6600.0,702000.0,1192.0,1089.0,913.6,520.39,132.31,19500.0,72130.0,30303.0,67000.0,70000.0,14815.0,2843000.0,157933.0,10660.0,192.0,130304.0,34258.0,263.0,114885.0,195704.0,1703.0,14836.0,209.0,14.0,5381602.0,499437.0,93.0,45035.0,665.0,15.0,59991.0,125199.0,2087.0,25400.0,563100.0,22169.3,24082.0,53745.38,2231.8,1298000.0,1000.0,,3987000.0,80331.0,1570273.5,19547.5,1111269.0,3986708.0,3587.5,,3037.5,,6000.0
348,Hungary,2008,329552.0,1467055.0,4451.7,4423.0,705000.0,1496.0,1824.0,1219.3,412.28,112.84,19500.0,72921.0,29866.0,67515.0,67000.0,12644.0,2878627.0,159924.0,12648.0,228.0,125283.0,32121.0,256.0,124538.0,217225.0,1744.0,21461.0,305.0,14.0,5001578.0,461175.0,92.0,52433.0,913.0,17.0,61221.0,181792.0,2969.4,25424.0,683935.0,26901.2,22000.0,48613.0,2209.7,1231000.0,1000.0,,3871000.0,79751.0,1574442.73,19742.0,1125629.0,5630833.0,5002.4,,3000.0,,6000.0
348,Hungary,2009,320836.0,1063881.0,3316.0,4582.0,701000.0,1693.0,2722.0,1607.8,427.89,81.5,18200.0,75010.0,31165.0,70000.0,66000.0,13344.0,2806600.0,155922.0,11685.0,210.0,116426.0,30149.0,259.0,122375.0,213266.0,1743.0,17006.0,228.0,13.0,4868637.0,453484.0,93.0,43896.0,826.0,19.0,52230.0,111144.0,2128.0,22328.0,560615.0,25108.2,20129.0,34246.0,1701.3,1236000.0,1000.0,,3383000.0,75218.0,1376942.13,18306.0,1146456.0,4419163.0,3854.6,,3000.0,,5250.0
348,Hungary,2010,281100.0,943817.0,3357.6,10450.0,700000.0,1085.0,1326.0,1222.1,40.0,450.0,16900.0,71990.0,32128.0,5070.0,58000.0,13597.0,2730000.0,151804.0,11165.0,201.0,109188.0,27598.0,253.0,127020.0,221370.0,1743.0,16187.0,216.0,13.0,4918241.0,452073.0,92.0,43637.0,829.0,19.0,50799.0,117879.0,2320.5,20242.0,439897.0,21731.9,18685.0,37506.0,2007.3,1223000.0,1000.0,,3247000.0,60998.0,994954.0,16311.3,1011182.0,3745190.0,3703.8,,3000.0,,4500.0
348,Hungary,2011,261000.0,988000.0,3785.4,8790.0,682000.0,1180.0,1373.0,1163.6,40.0,340.0,18200.0,64960.0,31848.0,4230.0,75000.0,12571.0,2459550.0,136561.0,10863.0,196.0,102827.0,26432.0,257.0,130511.0,235660.0,1806.0,18177.0,232.0,13.0,4687213.0,434707.0,93.0,50457.0,968.0,19.0,53539.0,129140.0,2412.1,21000.0,600000.0,28571.4,19274.0,44328.9,2300.0,1181000.0,800.0,,3169000.0,68455.0,1263341.0,18455.1,978000.0,4107000.0,4199.4,17110.0,5380.0,,5250.0
348,Hungary,2012,275430.0,996110.0,3616.6,8790.0,697000.0,1930.0,3700.0,1917.1,50.0,350.0,18200.0,72220.0,32860.0,4880.0,79000.0,11748.0,2411031.0,133946.0,11402.0,205.0,98060.0,25394.0,259.0,139248.0,253843.0,1823.0,17095.0,217.0,13.0,4239317.0,393712.0,93.0,56672.0,1117.0,20.0,53000.0,137150.0,2587.7,25080.0,547710.0,21838.5,21047.0,43989.7,2090.1,1120000.0,800.0,,3044000.0,69733.0,1154253.0,16552.5,1070020.0,4010990.0,3748.5,20100.0,3000.0,,0.0
348,Hungary,2013,262000.0,1062000.0,4053.4,9410.0,760000.0,2270.0,4170.0,1837.0,50.0,340.0,18200.0,67600.0,30075.0,5350.0,89000.0,12074.0,2468616.0,137145.0,11359.0,204.0,91763.0,23457.0,256.0,133445.0,244240.0,1830.0,13146.0,170.0,13.0,4017421.0,368153.0,92.0,47417.0,858.0,18.0,51230.0,131600.0,2568.8,20950.0,487360.0,23263.0,21190.0,47147.36,2225.0,1185000.0,800.0,,2989000.0,68810.0,1228630.0,17855.4,1090480.0,5058300.0,4638.6,26620.0,3000.0,,0.0
348,Hungary,2014,288150.0,1274710.0,4423.8,9740.0,782000.0,2440.0,5640.0,2311.5,60.0,330.0,22160.7,74400.0,29474.0,6000.0,73000.0,12917.0,2419687.0,134427.0,10407.0,187.0,96536.0,24080.0,249.0,144164.0,271334.0,1882.0,15702.0,182.0,12.0,4446798.0,412292.0,93.0,65026.0,1186.0,18.0,50870.0,135620.0,2666.0,20980.0,567430.0,27046.2,21873.0,50370.38,2302.8,1214000.0,1107.27,,3004000.0,73170.0,1316363.0,17990.5,1112730.0,5261890.0,4728.8,79330.0,3069.81,,6392.51
348,Hungary,2015,296005.0,1408563.0,4758.6,5990.0,802000.0,1531.0,3034.0,1981.7,70.0,280.0,22023.98,80100.0,30521.0,5380.0,70000.0,11946.0,2554575.0,141921.0,11880.0,214.0,107891.0,27315.0,253.0,163284.0,313252.0,1918.0,15789.0,187.0,12.0,4842570.0,455088.0,94.0,70225.0,1230.0,18.0,45394.0,128672.0,2834.6,18735.0,452008.0,24126.4,25652.0,68172.87,2657.6,1185000.0,1027.12,,3136000.0,77662.0,1389157.0,17887.2,1029318.0,5331426.0,5179.6,65670.0,3489.84,,0.0
348,Hungary,2016,313091.0,1594233.0,5091.9,8240.0,821000.0,4332.0,12559.0,2899.1,50.0,300.0,24263.76,80110.0,32432.0,6340.0,72000.0,12389.0,2527193.0,140400.0,11333.0,204.0,112947.0,28939.0,256.0,171944.0,328414.0,1910.0,13851.0,157.0,11.0,4905868.0,457808.0,93.0,63723.0,1072.0,17.0,36310.0,103635.0,2854.2,16412.0,429435.0,26165.9,21249.0,50976.34,2399.0,1190000.0,1207.33,,3124000.0,86195.0,1421039.0,16486.3,1044314.0,5603184.0,5365.4,44420.0,3602.85,,6999.16
348,Hungary,2017,268081.0,1416376.0,5283.4,9000.0,852000.0,4663.0,13055.0,2799.7,60.0,300.0,26574.63,87020.0,32027.0,6330.0,81000.0,11440.0,2440757.0,135598.0,11853.0,213.0,110609.0,28162.0,255.0,174000.0,341107.0,1960.0,18737.0,231.0,12.0,5050984.0,469829.0,93.0,89027.0,1564.0,18.0,37254.0,94809.0,2544.9,16364.0,402853.0,24618.2,19894.0,50482.41,2537.5,1141000.0,1346.44,,2907000.0,87104.0,1442597.0,16561.8,966400.0,5246258.0,5428.7,66600.0,3904.43,,7665.76
348,Hungary,2018,244170.0,1145540.0,4691.6,9370.0,885000.0,9580.0,17850.0,1863.3,70.0,320.0,16096.09,83280.0,31844.0,6090.0,65000.0,11188.0,2539100.0,,,227.0,117410.0,30180.0,257.0,170539.0,326730.0,1916.0,19360.0,220.0,11.0,4972530.0,467100.0,94.0,89800.0,1580.0,18.0,22630.0,59310.0,2620.9,13510.0,327580.0,24247.2,17170.0,34340.0,2000.0,1109000.0,1621.65,,2872000.0,41100.0,722300.0,17574.2,1026150.0,5258430.0,5124.4,72210.0,3426.53,,7920.27
348,Hungary,2019,247370.0,1383260.0,5591.9,8630.0,909000.0,10270.0,22840.0,2224.0,388.55,91.16,9145.02,85750.0,30658.0,8310.0,63000.0,11161.0,2577600.0,,,231.0,117670.0,30820.0,262.0,174269.0,335570.0,1926.0,17630.0,230.0,13.0,4853580.0,462060.0,95.0,88100.0,1570.0,18.0,21770.0,70310.0,3229.7,13290.0,343540.0,25849.5,16990.0,41650.0,2451.4,1061000.0,921.35,,2634000.0,38450.0,724270.0,18836.7,1015640.0,5377710.0,5294.9,20000.0,6000.0,,9548.59
348,Hungary,2020,261380.0,1483950.0,5677.4,9190.0,932900.0,6880.0,9250.0,1344.5,395.0,92.89,9774.53,93680.0,30874.0,10020.0,47000.0,,2540600.0,,,,111460.0,29150.0,262.0,182493.0,354480.0,1942.0,7620.0,80.0,10.0,4768020.0,455720.0,96.0,57470.0,1040.0,18.0,25760.0,76970.0,2988.0,10270.0,270090.0,26298.9,12180.0,27250.0,2237.3,944000.0,984.77,,2850000.0,34410.0,666410.0,19366.8,936620.0,5121480.0,5468.0,39740.0,7750.0,,9922.27
348,Hungary,2021,268610.0,1711630.0,6372.2,9220.0,909900.0,6630.0,10790.0,1627.5,411.78,91.16,10074.72,95100.0,28888.0,10040.0,45600.0,,2532600.0,,,,115440.0,30080.0,261.0,188845.0,367610.0,1947.0,8630.0,100.0,12.0,4963490.0,473800.0,95.0,72890.0,1270.0,17.0,25040.0,76690.0,3062.7,8770.0,239840.0,27347.8,13390.0,31940.0,2385.4,887000.0,1015.01,,2725900.0,33800.0,705000.0,20858.0,892790.0,5290140.0,5925.4,51440.0,7920.0,,9996.96
348,Hungary,2022,330800.0,1590740.0,4808.8,9260.0,894000.0,6230.0,7880.0,1264.8,395.0,86.54,10464.89,92280.0,32114.0,10980.0,41000.0,,2429700.0,,,,103650.0,26900.0,260.0,177875.0,348840.0,1961.0,8980.0,100.0,11.0,4645990.0,441320.0,95.0,72020.0,1230.0,17.0,16900.0,38390.0,2271.6,8190.0,199210.0,24323.6,11630.0,25160.0,2163.4,871700.0,1054.32,,2558100.0,32570.0,639580.0,19637.1,979010.0,4354710.0,4448.1,51490.0,16000.0,,9896.32
348,Hungary,2023,412920.0,2219720.0,5375.7,8440.0,869700.0,7900.0,12370.0,1565.8,378.22,92.89,10269.56,84790.0,27081.0,12270.0,31300.0,7425.0,2327900.0,,,314.0,93500.0,24180.0,259.0,190573.0,378980.0,1989.0,5880.0,70.0,12.0,4548930.0,427030.0,94.0,71840.0,1300.0,18.0,22050.0,60580.0,2747.4,7570.0,209950.0,27734.5,13200.0,28460.0,2156.1,907100.0,1034.64,,2607700.0,33730.0,714000.0,21168.1,1053120.0,5941990.0,5642.3,42720.0,7010.0,,9358.4
356,India,2000,724500.0,1447000.0,1997.2,,191924000.0,,,,,,,,374000.0,150.0,123533000.0,174000.0,36632000.0,2035000.0,11695.0,211.0,,,,860000.0,864000.0,1005.0,46900000.0,488997.49,10.0,13310000.0,465850.0,35.0,18400000.0,223002.15,12.0,,,,1340900.0,25000100.0,18644.3,21980200.0,13864900.0,630.8,59447000.0,143866.0,,13403000.0,4972845.0,64720137.4,13014.7,27486000.0,76368896.0,2778.5,,,400.0,1170.0
356,India,2001,777500.0,1430600.0,1840.0,,189660000.0,,,,,,,,396000.0,150.0,123805000.0,185000.0,38729000.0,2151000.0,11627.0,209.0,,,,911000.0,923000.0,1013.0,47000000.0,491882.1,10.0,13348000.0,467180.0,35.0,18600000.0,225361.41,12.0,,,,1211300.0,22242700.0,18362.7,20412600.0,12028600.0,589.3,60113000.0,128588.0,,13440000.0,5433009.0,70181487.57,12917.6,25730600.0,69680896.0,2708.1,,,400.0,2860.0
356,India,2002,659500.0,1424500.0,2160.0,,187422000.0,,,,,,,,419000.0,150.0,124077000.0,191000.0,39823000.0,2212000.0,11581.0,208.0,,,,964000.0,1088000.0,1129.0,47140000.0,495209.99,11.0,13388000.0,468580.0,35.0,18800000.0,227719.61,12.0,,,,1259500.0,24456100.0,19417.3,21240100.0,13288500.0,625.6,60787000.0,155067.0,,13478000.0,5184275.0,61449853.13,11853.1,26344700.0,72766304.0,2762.1,,,400.0,494.0
356,India,2003,701600.0,1407400.0,2006.0,,185180992.0,,,,,,,,457399.0,150.0,124358000.0,200000.0,40403000.0,2244000.0,11220.0,202.0,,,,1052000.0,1210000.0,1150.0,47250000.0,498248.96,11.0,13426000.0,469910.0,35.0,19100000.0,231287.72,12.0,,,,1337200.0,23161400.0,17320.8,22231900.0,13730200.0,617.6,61469000.0,147372.0,,13519000.0,5290807.0,63658447.66,12031.9,25195700.0,65760800.0,2610.0,,,400.0,13.0
356,India,2004,657000.0,1297600.0,1975.0,,188570000.0,,,,,,,,493076.0,750.0,128213000.0,212000.0,45201000.0,2511000.0,11844.0,213.0,,,,1134000.0,1304000.0,1150.0,48700000.0,515498.36,11.0,12700000.0,444500.0,35.0,19800000.0,239696.52,12.0,,,,1484700.0,27925800.0,18809.1,23095600.0,14183000.0,614.1,63848000.0,146952.0,,12878000.0,4991730.0,60796518.42,12179.4,26594700.0,72156200.0,2713.2,,,400.0,4420.0
356,India,2005,616500.0,1207100.0,1958.0,,192020992.0,,,,,,,12000.0,531536.0,150.0,132188000.0,215000.0,46235000.0,2568000.0,11944.0,215.0,,,,1222000.0,1403000.0,1148.0,50200000.0,533415.4,11.0,12150000.0,425250.0,35.0,20500000.0,248100.99,12.0,,,,1523900.0,28787700.0,18890.8,22122500.0,14062600.0,635.7,66319000.0,148064.0,,12268000.0,5683858.0,71556436.48,12589.4,26382900.0,68636896.0,2601.6,,3920.0,400.0,14950.0
356,India,2006,629900.0,1220600.0,1937.8,,195535008.0,,,,,,,12000.0,572996.0,300.0,136286000.0,230000.0,50663000.0,2814000.0,12235.0,220.0,,,,1320000.0,1518000.0,1150.0,51780000.0,552329.15,11.0,11569000.0,404915.0,35.0,21290000.0,257590.12,12.0,,,,1569200.0,29174600.0,18592.0,22361000.0,14000320.0,626.1,68885000.0,150785.0,,11686000.0,6065469.0,80877297.57,13334.1,26483600.0,69354496.0,2618.8,,3920.0,400.0,3250.0
356,India,2007,646200.0,1330000.0,2058.2,,199075008.0,,,,,,,12000.0,617734.0,1500.0,140540000.0,248000.0,53583000.0,2947000.0,11883.0,216.0,,,,1474397.0,1755000.0,1190.0,53380000.0,571634.92,11.0,11000000.0,385000.0,35.0,22083000.0,267114.83,12.0,,,,1742800.0,28599600.0,16410.1,24005900.0,16401040.0,683.2,71558000.0,162201.0,,11134000.0,6222687.0,86582635.52,13914.0,27994500.0,75806704.0,2707.9,,3920.0,400.0,2600.0
356,India,2008,602600.0,1200000.0,1991.4,,197444992.0,,,,,,,6000.0,632560.0,1500.0,139467008.0,258104.0,55395000.0,3047000.0,11805.0,215.0,,,,1599129.0,1884000.0,1178.0,57980957.0,623391.04,11.0,10900000.0,381500.0,35.0,24833438.0,300310.64,12.0,,,,1796000.0,34658000.0,19297.3,21957100.0,13500577.43,614.9,70265000.0,163049.0,,10967000.0,6428561.0,90152092.56,14023.7,28038600.0,78570200.0,2802.2,,1960.0,400.0,8450.0
356,India,2009,705700.0,1689100.0,2393.5,,195815008.0,,,,,,,1500.0,647740.0,1500.0,138394000.0,277969.0,58728400.0,3230000.0,11620.0,211.0,,,,1740431.0,2087000.0,1199.0,59591564.0,643291.13,11.0,10800000.0,378000.0,35.0,26165816.0,316346.55,12.0,,,,1828300.0,34390900.0,18810.3,22845583.0,14732472.0,644.9,68993000.0,141945.0,,10802000.0,6398683.0,89280411.46,13952.9,27752400.0,80679400.0,2907.1,,490.0,400.0,1365.0
356,India,2010,623800.0,1354700.0,2171.7,,194184992.0,,,,,,,2620.67,663300.0,1404.27,137320992.0,303658.0,61420100.0,3378100.0,11125.0,202.0,,,,1816848.0,2193000.0,1207.0,63790698.0,691418.66,11.0,10600000.0,371000.0,35.0,30362138.0,366992.46,12.0,,,,1835300.0,36577300.0,19929.9,25020769.0,18256767.27,729.7,67744000.0,140437.0,,10640000.0,6797724.0,97840732.04,14393.2,28457400.0,80803600.0,2839.5,,856.09,361.76,1254.29
356,India,2011,705400.0,1662900.0,2357.4,,192555008.0,,,,,,,2759.01,679000.0,1492.21,136248000.0,307724.0,63024400.0,3466340.0,11264.0,205.0,,,,1860000.0,2483100.0,1335.0,66550894.0,724290.35,11.0,10400000.0,364000.0,35.0,32803980.0,396413.5,12.0,,,,1863200.0,42339400.0,22724.0,25277297.0,17771150.17,703.0,66518000.0,165650.0,,10481000.0,6638041.0,97785041.92,14731.0,29068600.0,86874000.0,2988.6,,901.28,388.63,871.06
356,India,2012,643000.0,1620000.0,2519.4,,190904105.0,,,,,,,2853.99,692646.0,1528.89,135173093.0,322018.0,66450000.0,3655000.0,11350.0,206.0,,,,2161055.0,2681600.0,1241.0,69390702.0,758315.56,11.0,10200000.0,357000.0,35.0,35122402.0,424330.6,12.0,,,,1907000.0,41483000.0,21753.0,23247009.0,17650945.92,759.3,65069189.0,183041.0,,10293695.0,7102374.0,105032598.92,14788.4,29860000.0,94880000.0,3177.5,,932.3,400.0,1329.44
356,India,2013,695000.0,1750000.0,2518.0,,189000000.0,,,,,,,2967.15,709000.0,1575.49,140048182.0,324766.0,69731000.0,3835205.0,11809.0,215.0,,,,2019410.0,2848921.97,1411.0,75463812.0,828119.11,11.0,10100000.0,353500.0,35.0,40506421.0,489264.23,12.0,,,,1992200.0,45343600.0,22760.6,23637918.0,19267280.99,815.1,68945606.0,200000.0,,10130000.0,7460053.0,111916305.49,15002.1,29650000.0,93510000.0,3153.8,,969.27,420.63,1941.45
356,India,2014,673500.0,1830000.0,2717.1,,187000000.0,,,,,,,3178.14,725000.0,1766.62,141293209.0,324611.0,74752000.0,4111360.0,12665.0,230.0,,,,2373071.0,3045100.0,1283.0,80059280.0,914130.0,11.0,10000000.0,350000.76,35.0,44561490.0,529080.0,12.0,,,,2024000.0,46395000.0,22922.4,24883729.0,19920810.0,800.6,69714926.0,211653.18,,10000000.0,7375579.0,111678029.75,15141.6,30470000.0,95850000.0,3145.7,,1050.0,470.5,4000.0
356,India,2015,707000.0,1613000.0,2281.5,,188075193.0,,,,,,,3532.75,741105.0,1837.97,142874037.0,378043.0,78484000.0,4316620.0,11418.0,208.0,,,,2394703.0,3263810.0,1363.0,83937949.0,928907.52,11.0,10333836.0,361685.83,35.0,47749433.0,586744.31,12.0,,,,2076000.0,48009000.0,23125.7,24868748.0,17840492.13,717.4,70716262.0,228779.04,,9851102.0,7444630.0,114857478.67,15428.2,31470000.0,86530000.0,2749.6,,1154.03,491.8,3236.44
356,India,2016,590000.0,1440000.0,2440.7,,189154198.0,,,,,,,3749.58,757404.0,1937.78,144329883.0,382677.0,82929400.0,4561000.0,11919.0,217.0,,,,2429198.0,3444762.71,1418.0,88063188.0,978733.67,11.0,10490465.0,367167.74,35.0,51090937.0,638640.23,13.0,,,,2117000.0,43417000.0,20508.7,27961162.0,21117842.07,755.3,71652276.0,242756.3,,9686420.0,7918175.0,121481978.0,15342.2,30420000.0,92290000.0,3033.9,,1224.86,517.46,4573.76
356,India,2017,656250.0,1747450.0,2662.8,,190485261.0,,,,,,,4009.78,774010.0,2128.92,145810486.0,398064.0,95216998.0,4847500.0,12178.0,239.0,,,,2504019.0,3766940.0,1504.0,92135426.0,1028421.03,11.0,10903060.0,381608.37,35.0,54354670.0,690965.18,13.0,,,,2179000.0,48605000.0,22306.1,29016651.0,23863564.45,822.4,72611209.0,262039.73,,9489664.0,8021460.0,125675445.27,15667.4,30785230.0,98510220.0,3199.9,,1309.86,568.24,3774.93
356,India,2018,660800.0,1780810.0,2694.9,,191957536.0,,,,,,,4309.81,790877.0,2252.59,147301276.0,441579.0,103317631.0,5236935.0,11860.0,234.0,,,,2596711.0,4061790.0,1564.0,97190240.0,1097910.0,11.0,10734890.0,404460.0,38.0,50863580.0,677990.0,13.0,,,,2142000.0,51310000.0,23954.2,30709529.0,25195058.34,820.4,73579102.0,279758.12,,9272935.0,8083346.0,128261592.28,15867.4,29650590.0,99869520.0,3368.2,,1407.87,601.92,4420.94
356,India,2019,575600.0,1633070.0,2837.2,,193462871.0,,,,,,,4632.19,807894.0,2421.09,148884786.0,524899.0,114383101.0,6291070.55,11985.0,218.0,,,,2724850.0,4343702.0,1594.0,103605230.0,1179490.0,11.0,11225680.0,414140.0,37.0,56515440.0,769210.0,14.0,,,,2173000.0,50190000.0,23097.1,27861754.0,22717188.89,815.4,74260615.0,297651.56,,9055488.0,8135918.0,130093094.88,15990.0,29318780.0,103596230.0,3533.4,,1513.18,640.47,4751.64
356,India,2020,589570.0,1721830.0,2920.5,,194939240.0,,,,,,,5400.0,821108.0,2822.4,153360000.0,559040.0,122048644.0,6712675.41,12008.0,218.0,,,,2847108.0,4472690.0,1571.0,106718130.0,1212550.0,11.0,9852087.0,379839.5,39.0,65403920.0,883190.0,14.0,,,,2051000.0,48562000.0,23677.2,27882194.0,24582754.04,881.7,85940000.0,346834.63,,8838968.0,8483017.0,135883095.61,16018.3,31357020.0,107860510.0,3439.8,,1764.0,746.3,5539.25
356,India,2021,592470.0,1656340.0,2795.7,,193442970.0,,,,,,,5262.33,828366.0,2750.44,160000000.0,594892.0,129600000.0,7128000.0,11982.0,218.0,,,,2972441.0,4617942.74,1554.0,111322950.0,1266050.0,11.0,8882480.0,365630.0,41.0,69561290.0,960100.0,14.0,,,,2248000.0,54230000.0,24123.7,29471964.0,25956465.47,880.7,91400000.0,338081.22,,8807618.0,8908345.0,139713590.41,15683.5,31125160.0,109586500.0,3520.8,,1719.03,727.46,5398.03
356,India,2022,453320.0,1371360.0,3025.1,,194202718.0,,,,,,,16875.0,837061.0,8820.0,177300000.0,630800.0,138376278.0,7610695.29,12065.0,219.0,,,,3065165.0,4779600.0,1559.0,123400460.0,1413620.0,11.0,9333550.0,376150.0,40.0,73703460.0,1026400.0,14.0,,,,2226000.0,56176000.0,25236.3,28707525.0,27692500.14,964.6,96846000.0,551479.71,,8635575.0,9406803.0,148922652.86,15831.4,30458530.0,107742070.0,3537.3,,5512.5,1195.48,951945.15
356,India,2023,628325.0,1912919.44,3044.5,,194539444.0,,,,,,,21375.0,845000.0,11172.0,194250000.0,653378.0,142771603.0,7852438.17,12018.0,219.0,,,,3315774.0,4995490.0,1507.0,135174430.0,1588940.0,12.0,9624650.0,381790.0,40.0,80704160.0,1141450.0,14.0,,,,2332000.0,60142000.0,25789.9,28431477.0,26545243.64,933.7,106000000.0,629154.69,,8467552.0,9238322.0,148520894.95,16076.6,31400716.0,110553675.31,3520.7,,6982.5,1366.13,1328860.0
372,Ireland,2000,182300.0,1309900.0,7185.4,145000.0,7037400.0,2000.0,3076.3,1538.1,,,3750.0,98500.0,12725.0,21000.0,8100.0,3467.0,565000.0,32376.0,9338.0,163.0,1885700.0,576900.0,306.0,72000.0,86000.0,1194.0,,,,3151000.0,230400.0,73.0,4116600.0,82900.0,20.0,16800.0,126600.0,7535.7,13500.0,454800.0,33688.9,1500.0,7700.0,5133.3,7555000.0,78800.0,,1722100.0,7463.0,232842.42,31198.0,78000.0,737400.0,9453.8,1200.0,34300.0,0.0,48000.0
372,Ireland,2001,182000.0,1277200.0,7017.6,139000.0,7049700.0,2200.0,3419.19,1554.2,,,3750.0,122800.0,12603.0,21000.0,7800.0,3579.0,550000.0,31350.0,8759.0,154.0,1893000.0,579400.0,306.0,80000.0,90000.0,1125.0,,,,3254800.0,239800.0,74.0,3902700.0,78100.0,20.0,16800.0,118700.0,7065.5,14300.0,477600.0,33398.6,1900.0,9800.0,5157.9,7330300.0,86300.0,,1743000.0,7933.0,250977.12,31635.7,84900.0,769200.0,9060.1,600.0,44100.0,0.0,39500.0
372,Ireland,2002,176000.0,962800.0,5470.5,147000.0,6992200.0,1800.0,2826.37,1570.2,,,3750.0,115900.0,12709.0,20000.0,7700.0,3579.0,583000.0,33231.0,9285.0,163.0,1781700.0,540000.0,303.0,82000.0,89000.0,1085.0,,,,3109500.0,229700.0,74.0,3307500.0,66500.0,20.0,18800.0,133600.0,7106.4,15400.0,518600.0,33675.3,1700.0,8000.0,4705.9,7209600.0,97200.0,,1784500.0,7464.0,232944.02,31207.7,102700.0,867200.0,8444.0,900.0,30100.0,0.0,31000.0
372,Ireland,2003,183100.0,1197700.0,6541.2,140100.0,6999500.0,3100.0,4917.32,1586.2,,,3000.0,111900.0,12738.0,19000.0,7600.0,3675.0,559000.0,31863.0,8670.0,152.0,1863494.0,568000.0,305.0,83000.0,90000.0,1084.0,,,,2872000.0,218800.0,76.0,3158900.0,63300.0,20.0,21000.0,155100.0,7385.7,14200.0,488200.0,34380.3,2800.0,13700.0,4892.9,6848900.0,78500.0,,1726200.0,7787.0,241713.08,31041.0,95700.0,794100.0,8297.8,1200.0,24500.0,0.0,39000.0
372,Ireland,2004,183700.0,1326600.0,7221.6,136900.0,7015600.0,3800.0,5965.89,1570.0,,,3750.0,118000.0,12500.0,19800.0,7500.0,3691.0,559000.0,31863.0,8633.0,151.0,1814712.0,563600.0,311.0,84000.0,91000.0,1083.0,,,,2711089.0,204300.0,75.0,3565383.0,71800.0,20.0,20000.0,155200.0,7760.0,13300.0,552200.0,41518.8,2600.0,14400.0,5538.5,6777200.0,65900.0,,1653100.0,8132.0,239202.03,29415.1,102700.0,1019200.0,9924.1,1200.0,35000.0,480.0,41000.0
372,Ireland,2005,164400.0,1024400.0,6231.1,143000.0,6991800.0,5500.0,7477.34,1359.5,,,3750.0,118800.0,12300.0,22000.0,7300.0,3954.0,658000.0,37500.0,9484.0,166.0,1685039.0,546000.0,324.0,85000.0,92000.0,1082.0,,,,2647020.0,205800.0,78.0,3613150.0,73300.0,20.0,16800.0,112800.0,6714.3,11800.0,409200.0,34678.0,3700.0,18900.0,5108.1,6392200.0,55900.0,,1687700.0,7353.0,247129.26,33608.0,95200.0,802700.0,8431.7,1800.0,36050.0,600.0,55700.0
372,Ireland,2006,167000.0,1136900.0,6807.8,139100.0,6977800.0,4900.0,6700.0,1367.3,,,3750.0,136900.0,12800.0,22000.0,6700.0,4133.0,669000.0,38100.0,9218.0,162.0,1773600.0,537300.0,303.0,85000.0,90000.0,1059.0,,,,2657959.0,209000.0,79.0,3487900.0,70300.0,20.0,20400.0,145200.0,7117.6,11500.0,382900.0,33295.7,4100.0,20000.0,4878.0,5973200.0,68500.0,,1643200.0,6971.0,231681.0,33234.9,87500.0,801000.0,9154.3,1800.0,44450.0,600.0,74000.0
372,Ireland,2007,167500.0,1124500.0,6713.4,141400.0,6890900.0,5800.0,8900.0,1534.5,,,3750.0,140400.0,13000.0,22000.0,7300.0,3710.0,593000.0,33800.0,9111.0,160.0,1771100.0,580800.0,328.0,79000.0,85000.0,1076.0,,,,2614900.0,205300.0,79.0,3263700.0,65800.0,20.0,21300.0,159100.0,7469.5,11700.0,399000.0,34102.6,2900.0,12800.0,4413.8,5521600.0,82600.0,,1587800.0,6731.0,223001.15,33129.6,84300.0,713400.0,8462.6,1800.0,69300.0,600.0,55700.0
372,Ireland,2008,187200.0,1294100.0,6912.9,123800.0,6902100.0,1300.0,2223.97,1710.7,,,3750.0,174500.0,13200.0,22000.0,8900.0,3710.0,722800.0,41200.0,11105.0,195.0,1664956.0,537300.0,323.0,80000.0,85450.0,1068.0,,,,2577603.0,202400.0,79.0,2919100.0,58800.0,20.0,22900.0,174300.0,7611.4,11200.0,344900.0,30794.6,2400.0,11100.0,4625.0,5061400.0,51600.0,,1462000.0,6864.0,218209.41,31790.3,110700.0,992800.0,8968.4,1800.0,44030.0,600.0,55000.0
372,Ireland,2009,193600.0,1227300.0,6339.4,120300.0,6890700.0,1300.0,2500.0,1923.1,,,3750.0,162600.0,15000.0,21000.0,10100.0,3745.0,730000.0,41600.0,11108.0,195.0,1600400.0,514500.0,321.0,85000.0,90000.0,1059.0,,,,2420800.0,195600.0,81.0,2730100.0,55100.0,20.0,20400.0,145700.0,7142.2,12200.0,336100.0,27549.2,4100.0,22200.0,5414.6,4778000.0,67400.0,,1385200.0,6505.0,210021.37,32287.6,84500.0,690100.0,8166.9,1800.0,37100.0,600.0,56000.0
372,Ireland,2010,174800.0,1223100.0,6997.1,135100.0,6606600.0,1600.0,2800.0,1750.0,,,1858.54,171800.0,13800.0,20610.0,10500.0,3800.0,789500.0,45000.0,11842.0,208.0,1716600.0,559100.0,326.0,79500.0,85000.0,1069.0,,,,2657300.0,214300.0,81.0,2382900.0,47700.0,20.0,19700.0,148100.0,7517.8,12200.0,419600.0,34393.4,4600.0,25000.0,5434.8,4745400.0,60300.0,,1516300.0,6737.0,205030.75,30433.7,77800.0,669200.0,8601.5,0.0,100460.0,90.0,34000.0
372,Ireland,2011,180600.0,1412000.0,7818.4,145900.0,6493000.0,1200.0,2300.0,1916.7,,,3743.68,179900.0,14000.0,20700.0,11400.0,3900.0,793000.0,46000.0,11795.0,203.0,1642400.0,547100.0,333.0,80000.0,87000.0,1088.0,,,,2905000.0,233800.0,80.0,2410000.0,48300.0,20.0,21400.0,168100.0,7855.1,10400.0,356100.0,34240.4,2800.0,16500.0,5892.9,4830000.0,66500.0,,1549000.0,6706.0,224739.77,33512.8,94200.0,929200.0,9864.1,0.0,100460.0,50.0,38000.0
372,Ireland,2012,192800.0,1260700.0,6538.9,145000.0,6754100.0,900.0,1800.0,2000.0,,,3631.07,185500.0,14500.0,21290.0,10300.0,4000.0,801000.0,46500.0,11625.0,200.0,1483800.0,495400.0,334.0,80900.0,87459.45,1081.0,,,,2972300.0,241400.0,81.0,2690800.0,53600.0,20.0,23700.0,156500.0,6603.4,9000.0,232000.0,25777.8,4100.0,19600.0,4780.5,5170000.0,52300.0,,1570900.0,6418.0,206856.92,32229.9,98000.0,707900.0,7223.5,0.0,110790.0,30.0,25500.0
372,Ireland,2013,219400.0,1662800.0,7578.9,201780.0,6902600.0,1100.0,1800.0,1636.4,0.0,0.0,3742.16,182800.0,15000.0,23040.0,8700.0,4000.0,810000.0,47000.0,11750.0,203.0,1588700.0,517600.0,326.0,82000.0,87046.16,1062.0,,,,2903700.0,239300.0,82.0,2874100.0,57600.0,20.0,26700.0,192500.0,7209.7,10700.0,410100.0,38327.1,4500.0,23300.0,5177.8,5007000.0,48900.0,,1552500.0,6366.0,220988.0,34716.0,60600.0,545300.0,8998.3,0.0,110790.0,250.0,35000.0
372,Ireland,2014,215700.0,1731200.0,8026.0,222900.0,6926100.0,800.0,1313.27,1641.6,0.0,0.0,3489.79,188420.0,15100.0,23710.0,8600.0,4200.0,827000.0,48000.0,11429.0,197.0,1748700.0,582100.0,333.0,84360.0,88099.77,1044.0,,,,3042800.0,254100.0,84.0,2836800.0,57700.0,20.0,18600.0,149700.0,8048.4,9500.0,383000.0,40315.8,3500.0,20600.0,5885.7,5096800.0,70600.0,,1555300.0,6188.0,226891.4,36667.7,71600.0,717000.0,10014.0,0.0,121000.0,80.0,24850.0
372,Ireland,2015,202800.0,1739200.0,8575.9,187490.0,6963500.0,900.0,1630.81,1812.0,,,3753.2,207100.0,15202.0,22830.0,10800.0,4300.0,852600.0,49450.0,11500.0,198.0,1664900.0,564100.0,339.0,84283.0,88775.72,1053.0,,,,3226000.0,276400.0,86.0,2832800.0,58400.0,21.0,23400.0,197700.0,8448.7,8500.0,360100.0,42364.7,10700.0,69200.0,6467.3,5138700.0,61780.0,,1536900.0,5960.0,222292.29,37295.0,65300.0,696600.0,10667.7,0.0,121000.0,80.0,25900.0
372,Ireland,2016,189200.0,1479900.0,7821.9,229800.0,7221200.0,800.0,1463.33,1829.2,0.0,0.0,3954.01,206100.0,15438.0,12800.0,9900.0,4500.0,892250.0,51750.0,11500.0,198.0,1744200.0,588400.0,337.0,85411.0,90454.31,1059.0,,,,3316600.0,282700.0,85.0,2892200.0,61000.0,21.0,23200.0,183300.0,7900.9,9000.0,352000.0,39111.1,12500.0,70600.0,5648.0,5179200.0,117400.0,,1594300.0,6033.0,231987.9,38452.0,67900.0,647700.0,9539.0,0.0,210700.0,65500.0,37000.0
372,Ireland,2017,180186.0,1505811.0,8357.0,257500.0,7363498.0,762.0,1478.0,1939.6,0.0,0.0,4434.62,219900.0,15504.0,14100.0,8285.0,4700.0,932000.0,54050.0,11500.0,198.0,1851600.0,617000.0,333.0,86116.0,128170.0,1488.0,,,,3355100.0,294200.0,88.0,3183200.0,67100.0,21.0,24443.0,205049.0,8388.9,9179.0,412425.0,44931.4,13717.0,90046.0,6564.6,5197140.0,119800.0,,1556852.0,5501.0,204671.48,37207.7,67047.0,681679.0,10167.2,0.0,225700.0,77000.0,40000.0
372,Ireland,2018,185210.0,1181560.0,6379.6,270300.0,6593490.0,,,,0.0,0.0,4647.59,225400.0,,15200.0,9349.0,,,,,,1896040.0,622540.0,328.0,90059.0,131940.0,1465.0,0.0,0.0,,3446690.0,303270.0,88.0,3224300.0,68410.0,21.0,17780.0,117860.0,6628.8,8230.0,273010.0,33172.5,8500.0,21460.0,2524.7,3798480.0,133800.0,,1572150.0,3330.0,170700.0,51261.3,57980.0,485480.0,8373.2,0.0,231200.0,88500.0,43000.0
372,Ireland,2019,179360.0,1479600.0,8249.3,284600.0,6559650.0,,,,0.0,0.0,520.06,278400.0,,21000.0,8770.0,,,,,,1852510.0,619800.0,335.0,96247.0,141000.0,1465.0,0.0,0.0,,3457210.0,304370.0,88.0,3050200.0,66040.0,22.0,23820.0,193030.0,8103.7,8670.0,382370.0,44102.7,8130.0,40610.0,4995.1,3809370.0,142500.0,,1613270.0,3410.0,184810.0,54196.5,63480.0,595360.0,9378.7,0.0,268000.0,91400.0,50800.0
372,Ireland,2020,193180.0,1347460.0,6975.2,293900.0,6529440.0,30.0,,,,,405.08,285400.0,15236.0,18800.0,8800.0,4080.0,995318.0,,,244.0,1881890.0,633380.0,337.0,102796.0,152140.0,1480.0,0.0,0.0,,3546350.0,320130.0,90.0,3111670.0,66230.0,21.0,25440.0,180260.0,7085.7,8890.0,300150.0,33762.7,13750.0,60400.0,4392.7,3877220.0,150100.0,,1678570.0,3540.0,187590.0,52991.5,46990.0,364920.0,7765.9,0.0,258500.0,94900.0,52800.0
372,Ireland,2021,183930.0,1506410.0,8190.1,305900.0,6649310.0,40.0,,,0.0,0.0,510.48,286900.0,,17200.0,9400.0,,999253.0,,,,1792140.0,594510.0,332.0,99846.0,147770.0,1480.0,0.0,0.0,,3689790.0,335130.0,91.0,2971810.0,63430.0,21.0,28370.0,229460.0,8088.1,8930.0,407500.0,45632.7,9740.0,50750.0,5210.5,3991180.0,147700.0,,1713590.0,3660.0,195940.0,53535.5,62330.0,628080.0,10076.7,0.0,257900.0,100200.0,52100.0
372,Ireland,2022,190250.0,1549860.0,8146.4,299400.0,6551830.0,,,,0.0,0.0,6881.36,282500.0,,18900.0,9240.0,,1128238.0,,,,1911640.0,621420.0,325.0,97789.0,144730.0,1480.0,0.0,0.0,,3635530.0,332580.0,91.0,3197080.0,68220.0,21.0,28180.0,234580.0,8324.3,8490.0,367950.0,43339.2,10830.0,61590.0,5687.0,4018030.0,173700.0,,1570390.0,3470.0,190460.0,54887.6,67230.0,701240.0,10430.5,0.0,271500.0,101000.0,61200.0
372,Ireland,2023,186340.0,1224200.0,6569.7,299300.0,6525960.0,10.0,,,0.0,0.0,3590.93,284900.0,,21500.0,9200.0,,1159285.0,,,,1870490.0,599520.0,321.0,100500.0,148740.0,1480.0,0.0,0.0,,3311900.0,300520.0,91.0,3168560.0,69720.0,22.0,27230.0,195120.0,7165.6,8210.0,322200.0,39244.8,16250.0,75160.0,4625.2,3740910.0,167200.0,,1407610.0,3480.0,182710.0,52502.9,55780.0,483110.0,8661.0,0.0,268500.0,101700.0,57000.0
380,Italy,2000,345331.0,1261600.0,3653.3,133000.0,7162000.0,5882.0,20185.0,3431.7,8580.0,84303.0,0.0,969700.0,100000.0,112800.0,1397000.0,63289.0,12252000.0,686100.0,10841.0,194.0,4425605.0,1151935.0,260.0,490000.0,761800.0,1555.0,452900.0,3687.0,8.0,12920500.0,1478500.0,114.0,6997113.0,65364.0,9.0,140748.0,318241.0,2261.1,81894.0,2053043.0,25069.5,78497.0,120605.0,1536.4,11017000.0,,,8414000.0,567044.0,15327510.9,27030.6,2322840.0,7463968.0,3213.3,75000.0,2700.0,,200.0
380,Italy,2001,333000.0,1125700.0,3380.5,128400.0,6050000.0,7627.0,34800.0,4562.7,8240.0,89437.0,0.0,970300.0,100000.0,118300.0,923000.0,62195.0,12830300.0,718500.0,11552.0,206.0,4258700.0,1133037.0,266.0,510000.0,794000.0,1557.0,504000.0,4100.0,8.0,13153100.0,1509640.0,115.0,6665723.0,62079.0,9.0,139834.0,310100.0,2217.6,78000.0,1957100.0,25091.0,79484.0,126342.0,1589.5,6809000.0,,,8646000.0,548628.0,13913386.81,25360.3,2289372.0,6413300.0,2801.3,62500.0,2700.0,,200.0
380,Italy,2002,342825.0,1190326.0,3472.1,124115.0,6739000.0,7289.0,31356.0,4301.8,8660.0,90015.0,0.0,971700.0,100000.0,120000.0,1025000.0,59279.0,12855400.0,719900.0,12144.0,217.0,4332000.0,1133800.0,262.0,470000.0,728966.0,1551.0,587800.0,4464.0,8.0,13275500.0,1535900.0,116.0,6347553.0,58394.0,9.0,150933.0,328759.0,2178.2,76985.0,1855319.0,24099.7,75098.0,125354.0,1669.2,8311383.0,,,8766000.0,548069.0,13066991.69,23841.9,2415535.0,7547763.0,3124.7,55000.0,7998.0,,200.0
380,Italy,2003,309726.0,1020800.0,3295.8,123100.0,6504703.0,7527.0,37900.0,5035.2,8690.0,82926.0,0.0,977300.0,100000.0,120000.0,988000.0,58710.0,12837500.0,718900.0,12245.0,219.0,4209863.0,1126869.0,268.0,413105.0,682843.0,1653.0,414000.0,3495.0,8.0,13558318.0,1589890.0,117.0,6304000.0,58080.0,9.0,148393.0,306424.0,2064.9,73975.0,1610436.0,21770.0,80961.0,126656.0,1564.4,8138000.0,,,9166000.0,556999.0,14013535.44,25159.0,2266760.0,6229453.0,2748.2,35000.0,3000.0,,200.0
380,Italy,2004,304876.0,1156620.0,3793.7,121080.0,6504000.0,7217.0,35484.0,4916.7,8340.0,81940.34,0.0,1002600.0,100000.0,114900.0,960994.0,58545.0,13053500.0,731000.0,12486.0,223.0,4197270.0,1145103.0,273.0,416420.0,703549.0,1690.0,414896.0,3483.0,8.0,13583176.0,1589889.0,117.0,6612218.0,59364.0,9.0,146638.0,337694.0,2302.9,72430.0,1821506.0,25148.5,80750.0,148423.11,1838.1,7951640.0,,,9156724.0,556373.0,15146321.02,27223.3,2353972.0,8638721.0,3669.8,52500.0,3000.0,,0.0
380,Italy,2005,319944.0,1214054.0,3794.6,129500.0,6304000.0,6766.0,29157.0,4309.3,7640.0,80248.33,0.0,1034500.0,100000.0,117000.0,977984.0,57865.0,12896400.0,722200.0,12481.0,223.0,4077964.0,1101972.0,270.0,408714.0,694997.0,1700.0,360082.0,2962.0,8.0,13010294.0,1514747.0,116.0,6488723.0,58588.0,9.0,174799.0,429153.0,2455.1,69912.0,1753526.0,25081.9,85090.0,159139.0,1870.2,8106000.0,,,8971783.0,551146.0,14592163.77,26476.0,2122896.0,7717129.0,3635.2,63750.0,3000.0,,0.0
380,Italy,2006,330675.0,1282043.0,3877.0,119600.0,6255000.0,8115.0,27013.0,3328.8,2701.1,83010.83,0.0,1020500.0,95000.0,130000.0,945000.0,55460.0,12800000.0,678900.0,12241.0,231.0,4045189.0,1109214.0,274.0,372190.0,628474.0,1689.0,329095.0,2539.0,8.0,13380006.0,1559243.0,117.0,6569787.0,58899.0,9.0,160950.0,394923.0,2453.7,72451.0,1782805.0,24607.0,84047.0,159696.0,1900.1,7954000.0,,,9200000.0,530981.0,13616562.0,25644.2,1925651.0,7181720.0,3729.5,80000.0,3000.0,,0.0
380,Italy,2007,344681.0,1225282.0,3554.8,115900.0,6117000.0,10646.0,42459.0,3988.3,2618.3,84305.38,0.0,1038390.0,100000.0,133000.0,955000.0,58000.0,12800000.0,724000.0,12483.0,221.0,3960248.0,1118531.0,282.0,435817.0,733005.0,1682.0,321717.0,2227.0,7.0,13595605.0,1603280.0,118.0,6561170.0,59093.0,9.0,154500.0,361147.0,2337.5,69513.0,1781648.0,25630.4,86441.0,166263.0,1923.4,8227000.0,,,9281000.0,533588.0,13657006.88,25594.7,2100437.0,7170181.0,3413.7,162500.0,3000.0,,0.0
380,Italy,2008,330067.0,1236697.0,3746.8,105970.0,6283000.0,12311.0,48348.0,3927.2,1852.0,82373.5,0.0,1046860.0,115000.0,147000.0,920000.0,58000.0,12800000.0,716800.0,12359.0,221.0,3822943.0,1056912.0,276.0,463996.0,790319.0,1703.0,310952.0,2372.0,8.0,13616438.0,1606013.0,118.0,6189767.0,57327.0,9.0,147022.0,356404.0,2424.2,70578.0,1603828.0,22724.2,90090.0,170999.96,1898.1,8237000.0,,,9273000.0,518550.0,13432151.0,25903.3,2288849.0,8855440.0,3868.9,162500.0,3000.0,,0.0
380,Italy,2009,306800.0,1049200.0,3419.8,106979.0,6179000.0,19100.0,53500.0,2801.0,3180.0,66103.0,0.0,1071770.0,120000.0,130000.0,957300.0,58000.0,12800000.0,716800.0,12359.0,221.0,3811491.0,1049261.0,275.0,481091.0,822429.0,1710.0,277391.0,2355.0,8.0,13593772.0,1628028.0,120.0,6145343.0,56696.0,9.0,133900.0,315100.0,2353.2,70594.0,1753217.0,24835.2,87022.0,164572.0,1891.2,8175200.0,,,9252400.0,519463.0,14397200.0,27715.5,1822355.0,6534746.0,3585.9,132500.0,1200.0,,0.0
380,Italy,2010,273500.0,990700.0,3622.3,107790.0,6103000.0,22700.0,75800.0,3339.2,3400.0,68470.0,,1068900.0,130000.0,199400.0,961000.0,58000.0,12800000.0,716800.0,12359.0,221.0,3830530.0,1068900.0,279.0,491482.0,865134.0,1760.0,280412.0,2103.0,7.0,13764351.0,1673000.0,122.0,5707505.0,52240.0,9.0,130024.0,288880.0,2221.7,62400.0,1558030.0,24968.4,92333.0,176499.28,1911.6,8012600.0,,,9157100.0,516493.0,13383995.52,25913.2,1830475.0,6849858.0,3742.1,240730.0,120640.0,,
380,Italy,2011,269675.0,949480.0,3520.8,102420.0,5832457.0,21600.0,76150.0,3525.5,3550.0,66870.0,,1058900.0,138000.0,181040.0,982918.0,58000.0,12750000.0,714000.0,12310.0,220.0,3559433.0,1000374.4,281.0,506506.0,889338.0,1756.0,241781.0,1883.0,8.0,13097493.0,1601877.0,122.0,5271255.0,47407.0,9.0,126254.0,297078.0,2353.0,62091.0,1547047.0,24915.8,77228.0,142009.01,1838.8,7900016.0,,,9321119.0,499284.0,13327834.7,26693.9,1732580.0,6641806.5,3833.5,237740.0,106850.0,,
380,Italy,2012,246127.0,940234.3,3820.1,100970.0,6091471.0,21389.0,67405.8,3151.4,3640.0,67780.0,,1090980.0,140000.0,199810.0,891604.0,58000.0,12700000.0,711200.0,12262.0,219.0,3409984.0,957787.0,281.0,517833.0,922352.0,1781.0,262791.0,2087.0,8.0,13377139.0,1650837.0,123.0,5089609.0,45558.0,9.0,120012.0,292356.6,2436.1,58398.0,1486292.0,25451.1,84943.0,162720.19,1915.6,7015729.0,,,8661526.0,450517.0,12826077.24,28469.7,1853637.0,7654248.3,4129.3,363800.0,204860.0,800.0,
380,Italy,2013,237268.0,875552.0,3690.1,98360.0,5846672.0,35558.0,116218.4,3268.4,4540.0,65370.0,,1043490.0,136000.0,181610.0,975858.0,55000.0,12678571.0,710000.0,12909.0,231.0,3007558.0,842122.0,280.0,504321.0,904913.0,1794.0,137456.0,1312.0,10.0,13098673.0,1652424.0,126.0,3031165.0,34154.0,11.0,104862.0,246916.1,2354.7,50388.0,1272211.0,25248.3,80534.0,143278.01,1779.1,7181828.0,,,8561683.0,468922.0,11946412.77,25476.4,1902157.0,7312024.7,3844.1,404510.0,198170.0,,
380,Italy,2014,232625.0,846141.6,3637.4,100510.0,5756072.0,37402.0,135261.4,3616.4,4520.0,62640.0,,1063260.0,137400.0,196350.0,937029.0,55000.0,12749000.0,713900.0,12980.0,232.0,2511789.0,694634.2,277.0,508864.0,919545.0,1807.0,132751.0,1322.0,10.0,10930709.0,1327822.0,121.0,2517387.0,25316.0,10.0,103460.0,240959.9,2329.0,52349.0,1365440.0,26083.4,79829.0,142069.44,1779.7,7166020.0,,,8676100.0,473028.0,12316274.22,26037.1,1874179.0,7141926.4,3810.7,431140.0,190850.0,,
380,Italy,2015,242895.0,955130.7,3932.3,95910.0,5781348.0,36955.0,126698.3,3428.4,6230.0,65520.0,,1086080.0,137712.0,183860.0,961676.0,60000.0,13093000.0,706800.0,11780.0,218.0,2629150.0,771766.9,294.0,533817.0,969179.42,1816.0,158806.0,1808.4,11.0,11304236.0,1491413.6,132.0,2764989.0,33631.8,12.0,108956.0,261365.8,2398.8,50416.0,1369101.0,27156.1,86364.0,156678.62,1814.2,7148534.0,,,8674793.0,467395.0,12807840.43,27402.6,1882516.0,7394494.7,3928.0,440820.0,214680.0,,
380,Italy,2016,246370.0,988284.9,4011.4,95400.0,5929767.0,28725.0,91974.6,3201.9,6110.0,72580.0,,1103600.0,142265.0,223460.0,1026263.0,64278.0,13300000.0,744800.0,11587.0,207.0,2750692.0,791284.3,288.0,554237.0,1022142.76,1844.0,141903.0,1616.0,11.0,11848037.0,1544131.5,130.0,2937007.0,31308.2,11.0,107059.0,260797.7,2436.0,48138.0,1368919.8,28437.4,99713.0,195578.87,1961.4,7284874.0,,,8477930.0,476762.0,13046723.45,27365.3,1912418.0,8037872.1,4203.0,443090.0,194080.0,,
380,Italy,2017,250526.0,984281.0,3928.9,91220.0,5949393.0,33205.0,95960.0,2889.9,6530.0,71450.0,,1129090.0,146948.0,227110.0,992177.0,60000.0,12994000.0,727700.0,12128.0,217.0,2561312.0,739830.0,289.0,549262.0,1006677.0,1833.0,131654.0,1774.0,13.0,11380546.0,1466949.0,129.0,2852682.0,33251.0,12.0,108459.0,229041.0,2111.8,48571.0,1346936.0,27731.3,111492.0,207784.73,1863.7,7215433.0,,,8570807.0,463926.0,12487353.63,26916.7,1806572.0,6966465.0,3856.2,457110.0,210410.0,,
380,Italy,2018,262480.0,1040990.0,3966.0,97480.0,6311160.0,34350.0,107340.0,3124.9,7180.0,75880.0,,1169650.0,,258120.0,986260.0,,13150000.0,736400.0,,,2768190.0,809220.0,292.0,534307.0,972840.0,1821.0,129220.0,2250.0,17.0,11410440.0,1487000.0,130.0,2759500.0,34830.0,13.0,107450.0,249700.0,2323.9,46430.0,1307600.0,28162.8,106630.0,219480.0,2058.3,7179150.0,,,8492230.0,334230.0,10351730.0,30971.9,1821730.0,7104650.0,3899.9,481330.0,223430.0,,
380,Italy,2019,261410.0,1104990.0,4227.0,94030.0,6377230.0,32960.0,106110.0,3219.4,7420.0,77870.0,,1185970.0,,268460.0,1058720.0,,12810000.0,717400.0,,,2729600.0,779820.0,286.0,569767.0,1055270.0,1852.0,152940.0,2290.0,15.0,11642620.0,1464490.0,126.0,2814860.0,31860.0,11.0,103790.0,244310.0,2353.9,46810.0,1338430.0,28592.8,115830.0,245580.0,2120.2,7000880.0,,,8510270.0,337350.0,10436580.0,30936.9,1754640.0,6739470.0,3840.9,510740.0,250820.0,4400.0,4500.0
380,Italy,2020,263430.0,1123730.0,4265.8,92250.0,6400040.0,33910.0,109840.0,3239.2,6790.0,72760.0,,1212600.0,142503.0,280130.0,1065710.0,46844.0,12371629.0,705000.0,15050.0,264.0,2694340.0,732280.0,272.0,573846.0,1066910.0,1859.0,151510.0,2060.0,14.0,10764870.0,1286690.0,120.0,2846120.0,29210.0,10.0,103460.0,249030.0,2407.0,47350.0,1434650.0,30298.8,113050.0,236530.0,2092.3,7034160.0,,,8543030.0,331240.0,10849360.0,32753.8,1711220.0,6716180.0,3924.8,521830.0,239530.0,4864.12,4975.88
380,Italy,2021,251760.0,1091970.0,4337.3,94150.0,6280280.0,30580.0,96250.0,3147.5,7100.0,74440.0,,1236930.0,,279350.0,1060750.0,,,714000.0,,,2774540.0,747890.0,270.0,581805.0,1068500.0,1837.0,150840.0,2250.0,15.0,11102370.0,1351980.0,122.0,2762450.0,29420.0,11.0,99490.0,239530.0,2407.6,46700.0,1362130.0,29167.7,104220.0,206150.0,1978.0,6728350.0,,,8407970.0,331840.0,11181390.0,33695.1,1726610.0,7294570.0,4224.8,520580.0,243560.0,4944.15,5057.76
380,Italy,2022,267960.0,1158410.0,4323.1,94460.0,6049000.0,25410.0,75690.0,2978.7,7230.0,74100.0,,1221970.0,,282370.0,1010000.0,,,712000.0,,,2797660.0,747210.0,267.0,534144.0,993950.0,1861.0,150230.0,2200.0,15.0,10502600.0,1254950.0,119.0,2780150.0,29540.0,11.0,104110.0,248590.0,2387.8,47030.0,1332980.0,28343.2,89280.0,174530.0,1954.9,6568000.0,,,8739000.0,316130.0,10344600.0,32722.6,1776730.0,6609520.0,3720.0,524600.0,241870.0,5770.0,6000.0
380,Italy,2023,290300.0,1193930.0,4112.7,94400.0,5999000.0,24060.0,70820.0,2943.5,7360.0,73760.0,,1207190.0,,285800.0,980000.0,43279.0,,712500.0,16463.0,,2541150.0,619850.0,244.0,564465.0,1083180.0,1919.0,172080.0,2160.0,13.0,10035650.0,1221120.0,122.0,2645880.0,26960.0,10.0,102600.0,231430.0,2255.7,45450.0,1265450.0,27842.7,85010.0,170060.0,2000.5,6497000.0,,,9171000.0,318720.0,10309190.0,32345.6,1867560.0,6894470.0,3691.7,528650.0,240190.0,5740.0,5820.0
428,Latvia,2000,134900.0,261100.0,1935.5,7200.0,378400.0,,,,,,400.0,10680.0,3237.0,17000.0,8100.0,2032.0,435856.0,24400.0,12008.0,214.0,181720.0,22342.0,123.0,5093.0,7229.0,1419.0,2137.0,,,410344.0,31541.0,77.0,17426.0,388.0,22.0,45521.0,79600.0,1748.6,51300.0,747100.0,14563.4,2100.0,3900.0,1857.1,27000.0,4500.0,,404900.0,10061.0,106300.0,10565.6,158100.0,427400.0,2703.4,250.0,,4175.0,662.0
428,Latvia,2001,130300.0,231100.0,1773.6,7109.0,366700.0,,,,,,400.0,12824.0,3105.0,18000.0,10400.0,1981.0,451013.0,27061.0,13660.0,228.0,143340.0,19044.0,133.0,5853.0,8895.0,1520.0,3063.0,,,409600.0,31648.0,77.0,12735.0,298.0,23.0,55200.0,82400.0,1492.8,55100.0,615300.0,11167.0,3200.0,4002.0,1250.6,28600.0,3600.0,,393500.0,13715.0,159881.0,11657.4,166800.0,451700.0,2708.0,400.0,,2270.0,780.0
428,Latvia,2002,136900.0,262400.0,1916.7,7300.0,384700.0,,,,,,400.0,12200.0,3621.0,18000.0,11500.0,2048.0,506856.0,30411.0,14849.0,247.0,107237.0,16043.0,150.0,6777.0,10642.0,1570.0,3797.0,,,456571.0,35891.0,79.0,11038.0,275.0,25.0,47100.0,79700.0,1692.1,53600.0,768400.0,14335.8,2500.0,4200.0,1680.0,29000.0,4500.0,,428700.0,12906.0,148200.0,11483.0,153500.0,519500.0,3384.4,375.0,,1800.0,1000.0
428,Latvia,2003,132600.0,246600.0,1859.7,6460.0,388100.0,,,,,,400.0,15500.0,3882.0,16700.0,13200.0,2278.0,507217.0,30433.0,13360.0,223.0,133244.0,21193.0,159.0,8049.0,12445.0,1546.0,2684.0,,,501357.0,36905.0,74.0,12322.0,318.0,26.0,49400.0,78300.0,1585.0,54600.0,739000.0,13534.8,2900.0,5000.0,1724.1,31500.0,4500.0,,453200.0,15500.0,217051.0,14003.3,167800.0,468400.0,2791.4,375.0,,1800.0,1470.0
428,Latvia,2004,127300.0,283500.0,2227.0,6950.0,378600.0,,,,,,400.0,18500.0,4003.0,18300.0,15000.0,1999.0,525984.0,31600.0,15808.0,263.0,132543.0,21587.0,163.0,9223.0,14265.0,1547.0,2731.0,,,489431.0,36808.0,75.0,11816.0,304.0,26.0,56700.0,107400.0,1894.2,48900.0,628400.0,12850.7,2500.0,4520.0,1808.0,39200.0,2726.0,,444400.0,14392.0,180937.0,12572.1,169900.0,499900.0,2942.3,375.0,,1800.0,4330.0
428,Latvia,2005,148700.0,365800.0,2460.0,5970.0,371100.0,,,,,,400.0,20610.0,4050.0,19240.0,14700.0,1946.0,538646.0,33400.0,17163.0,277.0,118924.0,20444.0,172.0,10814.0,17203.0,1591.0,6868.0,,,500244.0,38450.0,77.0,13142.0,350.0,27.0,58000.0,122000.0,2103.4,45100.0,658200.0,14594.2,2207.0,3454.0,1565.0,38600.0,2100.0,,435700.0,13700.0,172430.0,12586.1,187400.0,676500.0,3609.9,375.0,,1800.0,4890.0
428,Latvia,2006,154200.0,307000.0,1990.9,5780.0,385200.0,,,,,,400.0,21270.0,4092.0,27900.0,14900.0,2122.0,551294.0,35670.0,16810.0,260.0,114544.0,20684.0,181.0,13271.0,20608.0,1553.0,2791.0,,,501385.0,37812.0,75.0,15112.0,383.0,25.0,62900.0,91600.0,1456.3,45100.0,550900.0,12215.1,1417.0,1384.0,976.7,41600.0,2000.0,,427900.0,14800.0,174758.0,11808.0,215100.0,598300.0,2781.5,375.0,1260.0,1800.0,7270.0
428,Latvia,2007,145300.0,350500.0,2412.3,6390.0,377100.0,,,,,,400.0,21870.0,4488.0,28800.0,14300.0,2272.0,628411.0,42100.0,18530.0,277.0,119577.0,22755.0,190.0,13200.0,20551.0,1557.0,3720.0,,,526530.0,40433.0,77.0,18345.0,424.0,23.0,62400.0,130200.0,2086.5,40300.0,642100.0,15933.0,1660.0,2640.0,1590.4,41300.0,4000.0,,416800.0,11900.0,155956.0,13105.5,224600.0,807300.0,3594.4,1500.0,4200.0,1800.0,7110.0
428,Latvia,2008,131200.0,307100.0,2340.7,4270.0,398700.0,,,,,,400.0,22150.0,4757.0,25032.0,13000.0,2260.0,601090.0,40300.0,17832.0,266.0,115411.0,21445.0,186.0,13900.0,23077.0,1660.0,2331.0,,,523795.0,40733.0,78.0,24862.0,628.0,25.0,66200.0,141500.0,2137.5,37800.0,673400.0,17814.8,1620.0,2936.0,1812.3,53900.0,2000.0,,414400.0,9987.0,142600.0,14278.6,256600.0,989600.0,3856.6,375.0,3500.0,2200.0,5100.0
428,Latvia,2009,104600.0,265400.0,2537.3,4470.0,380200.0,,,,,,400.0,26426.0,4621.0,26600.0,12900.0,1941.0,681108.0,42910.0,22107.0,351.0,112946.0,20452.0,181.0,14403.0,23168.0,1609.0,2387.0,,,504876.0,38846.0,77.0,25623.0,589.0,23.0,60600.0,141400.0,2333.3,30000.0,525400.0,17513.3,2548.0,5133.0,2014.5,67100.0,4000.0,,383700.0,9484.0,182671.0,19261.0,285700.0,1036400.0,3627.6,375.0,3500.0,2000.0,5200.0
428,Latvia,2010,100400.0,228400.0,2274.9,6440.0,378200.0,,,,,,400.0,30980.0,4829.0,31120.0,13200.0,2126.0,714133.0,44990.0,21162.0,336.0,107687.0,18414.0,171.0,15161.0,23484.0,1549.0,2340.0,,,493164.0,37175.0,75.0,25975.0,592.0,23.0,56700.0,100600.0,1774.3,30100.0,484000.0,16079.7,2639.0,5370.0,2034.9,70700.0,3800.0,,376500.0,8967.0,151135.0,16854.6,301200.0,989400.0,3284.9,375.0,5950.0,2000.0,3900.0
428,Latvia,2011,95900.0,236700.0,2468.2,5330.0,379500.0,,,,0.0,0.0,400.0,29210.0,4949.0,32710.0,13500.0,2550.0,664914.0,41890.0,16427.0,261.0,104681.0,18015.0,172.0,14706.0,22950.0,1561.0,2720.0,,,488792.0,37562.0,77.0,30973.0,671.0,22.0,58000.0,120900.0,2084.5,29700.0,499000.0,16801.3,3730.0,8365.0,2242.6,76800.0,3800.0,,389700.0,9086.0,168287.0,18521.6,306900.0,939500.0,3061.3,0.0,7700.0,2200.0,4550.0
428,Latvia,2012,86300.0,248600.0,2880.6,5620.0,380600.0,,,,0.0,0.0,400.0,31330.0,4418.0,35820.0,13400.0,2316.0,671123.0,42281.0,18256.0,290.0,101181.0,17312.0,171.0,15215.0,24630.0,1619.0,2546.0,,,462891.0,35726.0,77.0,33070.0,679.0,21.0,59800.0,137000.0,2291.0,28200.0,538900.0,19109.9,4218.0,11130.0,2638.7,79700.0,4072.0,,375000.0,9582.0,161456.0,16849.9,352400.0,1539800.0,4369.5,0.0,6300.0,2200.0,5304.0
428,Latvia,2013,84400.0,232600.0,2755.9,5520.0,393100.0,,,,0.0,0.0,400.0,32610.0,4911.0,36020.0,13300.0,2395.0,629181.0,39638.0,16550.0,263.0,99223.0,16688.0,168.0,16658.0,26830.0,1611.0,2736.0,,,461180.0,35924.0,78.0,34191.0,675.0,20.0,61500.0,134200.0,2182.1,27300.0,495900.0,18164.8,7000.0,16820.0,2402.9,83600.0,7372.0,,355200.0,8769.0,140469.0,16018.8,369300.0,1435000.0,3885.7,0.0,3500.0,2200.0,3380.0
428,Latvia,2014,118200.0,418800.0,3543.1,7530.0,406500.0,,,,0.0,0.0,9478.22,34740.0,4986.0,36340.0,12600.0,2431.0,647612.0,40800.0,16783.0,266.0,98688.0,17659.0,179.0,17318.0,28700.0,1657.0,2971.0,,,466425.0,37037.0,79.0,34278.0,676.0,20.0,65400.0,155100.0,2371.6,26800.0,505688.0,18869.0,11731.0,33409.0,2847.9,84800.0,10663.0,,367500.0,8555.0,191366.0,22367.7,391600.0,1467500.0,3747.4,0.0,6000.0,2366.89,6292.48
428,Latvia,2015,99300.0,385100.0,3878.1,6910.0,422019.0,,,,0.0,0.0,24.78,38380.0,4414.0,36770.0,12287.0,2444.0,691024.0,43500.0,17800.0,283.0,102859.0,18769.0,182.0,17598.0,29523.0,1678.0,3359.0,,,448443.0,35940.0,80.0,39872.0,805.0,20.0,59300.0,160400.0,2704.9,24804.0,497320.0,20050.0,31100.0,104100.0,3347.3,92544.0,6295.04,,349432.0,8432.0,194407.65,23056.6,447300.0,2250100.0,5030.4,0.0,8000.0,2417.12,5069.48
428,Latvia,2016,94400.0,283200.0,3000.0,7200.0,419084.0,,,,,,9062.91,38630.0,4483.0,35990.0,12682.0,2335.0,739414.0,46600.0,19955.0,317.0,103497.0,19468.0,188.0,17541.0,29971.0,1709.0,3209.0,,,451031.0,36377.0,81.0,45437.0,896.0,20.0,62100.0,146100.0,2352.7,23100.0,491600.0,21281.4,40800.0,125400.0,3073.5,102276.0,4893.97,,334159.0,8617.0,197501.0,22919.0,479100.0,2062300.0,4304.5,0.0,8500.0,2427.74,5659.91
428,Latvia,2017,70300.0,240900.0,3426.7,4650.0,412314.0,,,,0.0,0.0,8416.07,46350.0,4774.0,42890.0,13159.0,2310.0,788700.0,48100.0,20819.0,341.0,94478.0,18450.0,195.0,19144.0,33393.0,1744.0,3988.0,,,465945.0,38073.0,82.0,50506.0,870.0,17.0,54000.0,134000.0,2481.5,21500.0,408300.0,18990.7,48300.0,170700.0,3534.2,106629.0,4544.68,,336386.0,8192.0,156608.0,19118.0,446800.0,2138800.0,4786.9,0.0,10090.0,0.0,6215.05
428,Latvia,2018,118300.0,306300.0,2589.2,3210.0,395330.0,25600.0,25300.0,988.3,0.0,0.0,1329.77,47420.0,,27690.0,12240.0,2515.0,753247.0,,,300.0,89710.0,17480.0,195.0,20047.0,33170.0,1655.0,3700.0,50.0,14.0,486140.0,38850.0,80.0,55280.0,940.0,17.0,86800.0,188200.0,2168.2,9900.0,196200.0,19818.2,51900.0,104400.0,2011.6,107290.0,4142.74,,304900.0,2296.0,50648.0,22059.2,417200.0,1431600.0,3431.4,0.0,9522.28,0.0,3616.53
428,Latvia,2019,86800.0,305400.0,3518.4,3260.0,395320.0,13300.0,13500.0,1015.0,0.0,0.0,623.92,50510.0,,27570.0,11690.0,2997.0,774986.0,,,259.0,83650.0,16370.0,196.0,20616.0,34860.0,1691.0,3950.0,50.0,13.0,496380.0,40680.0,82.0,57880.0,970.0,17.0,83200.0,237800.0,2858.2,10000.0,223700.0,22370.0,39100.0,102400.0,2618.9,99820.0,5777.05,,314200.0,2831.0,62430.0,22049.0,492700.0,2371000.0,4812.3,0.0,18137.88,2336.01,5231.45
428,Latvia,2020,84400.0,308800.0,3658.8,3360.0,398990.0,14700.0,16800.0,1142.9,0.0,0.0,6720.0,51910.0,5643.0,27040.0,11480.0,3208.0,758626.0,,,236.0,80150.0,16030.0,200.0,20874.0,35140.0,1683.0,3540.0,50.0,14.0,443350.0,37260.0,84.0,56870.0,980.0,17.0,97700.0,287900.0,2946.8,8500.0,181100.0,21305.9,42400.0,137200.0,3235.8,91890.0,2539.09,,306820.0,3021.0,68500.0,22674.5,498200.0,2659600.0,5338.4,0.0,17100.0,2028.43,4695.86
428,Latvia,2021,74600.0,215800.0,2892.8,3100.0,393470.0,19000.0,14300.0,752.6,0.0,0.0,9598.8,52420.0,5858.0,26950.0,11400.0,3395.0,766327.0,,,226.0,80970.0,17040.0,210.0,21213.0,35080.0,1654.0,3460.0,50.0,14.0,442400.0,37850.0,86.0,46030.0,800.0,17.0,87200.0,182900.0,2097.5,7300.0,115100.0,15767.1,48300.0,87743.94,1816.6,90340.0,1409.39,,327020.0,2773.0,55100.0,19871.3,537300.0,2407700.0,4481.1,0.0,7000.0,2014.84,4664.39
428,Latvia,2022,76800.0,281600.0,3666.7,2590.0,391350.0,27700.0,25300.0,913.4,0.0,0.0,869.47,50610.0,5744.0,24070.0,11680.0,3344.0,844616.0,,,253.0,75070.0,15940.0,212.0,21637.0,36560.0,1690.0,3260.0,40.0,12.0,456440.0,38720.0,85.0,45820.0,810.0,18.0,82000.0,224500.0,2737.8,7700.0,130400.0,16935.1,47900.0,145800.0,3043.8,87320.0,970.25,,307950.0,3003.0,55320.0,18423.0,537500.0,2539400.0,4724.5,0.0,3411.66,1862.13,4310.87
428,Latvia,2023,83600.0,232900.0,2785.9,3230.0,368060.0,19200.0,19300.0,1005.2,0.0,0.0,5571.97,56490.0,5922.0,22970.0,10340.0,3385.0,849600.0,,,251.0,85020.0,17960.0,211.0,21757.0,37060.0,1703.0,4110.0,60.0,15.0,403060.0,33320.0,83.0,44990.0,800.0,18.0,94700.0,200300.0,2115.1,8000.0,147500.0,18437.5,70600.0,143600.0,2034.0,78300.0,2357.95,,289980.0,3168.0,57370.0,18109.6,525000.0,2136800.0,4070.1,0.0,6800.0,2054.94,4757.24
440,Lithuania,2000,353200.0,859600.0,2433.7,19400.0,897800.0,200.0,800.0,4000.0,,,5100.0,46700.0,6209.0,17900.0,24700.0,2800.0,692000.0,41520.0,14829.0,247.0,562500.0,75411.0,134.0,12300.0,25100.0,2041.0,23300.0,559.0,24.0,968200.0,84528.0,87.0,12800.0,308.0,24.0,44300.0,82900.0,1871.3,109300.0,1791600.0,16391.6,46700.0,84900.0,1818.0,13800.0,13500.0,,936100.0,21710.0,334822.0,15422.5,370400.0,1237600.0,3341.3,1000.0,6930.0,3141.0,5200.0
440,Lithuania,2001,335500.0,776200.0,2313.6,18300.0,748300.0,400.0,1100.0,2750.0,,,5500.0,56100.0,5449.0,19100.0,23000.0,3500.0,742300.0,44540.0,12726.0,212.0,416600.0,47331.0,114.0,18898.0,29700.0,1572.0,21400.0,525.0,25.0,841600.0,72251.0,86.0,8900.0,267.0,30.0,47900.0,84300.0,1759.9,102500.0,1054400.0,10286.8,43100.0,62300.0,1445.5,11500.0,13500.0,,867600.0,20908.0,324400.0,15515.6,352200.0,1076300.0,3055.9,2000.0,5600.0,4806.0,4550.0
440,Lithuania,2002,365000.0,871100.0,2386.6,17500.0,751700.0,,,,,,5800.0,55000.0,6429.0,20000.0,23700.0,3659.0,799100.0,47946.0,13104.0,218.0,372000.0,44732.0,120.0,21718.0,34537.4,1590.0,21600.0,612.0,28.0,1131200.0,94867.0,84.0,7900.0,219.0,28.0,55000.0,97500.0,1772.7,99200.0,1531300.0,15436.5,42600.0,73200.0,1718.3,12300.0,9000.0,,1010800.0,20517.0,292398.0,14251.5,335100.0,1217600.0,3633.5,2250.0,6650.0,6840.0,5200.0
440,Lithuania,2003,308300.0,899800.0,2918.6,17600.0,779100.0,,,,,,6400.0,56400.0,6696.0,21300.0,21966.0,3638.0,799200.0,47900.0,13167.0,220.0,330190.0,43230.0,131.0,24188.0,38784.0,1603.0,22100.0,505.0,23.0,1267677.0,91348.0,72.0,8500.0,165.0,19.0,48200.0,114600.0,2377.6,93600.0,1445200.0,15440.2,21600.0,48500.0,2245.4,13581.0,14400.0,,1061023.0,21307.0,404816.0,18999.2,336500.0,1204100.0,3578.3,2250.0,8750.0,9000.0,5200.0
440,Lithuania,2004,292500.0,859800.0,2939.5,15600.0,812100.0,100.0,100.0,1000.0,,,7600.0,64000.0,7868.0,26100.0,27205.0,3965.0,846700.0,50800.0,12812.0,214.0,337174.0,47600.0,141.0,31031.0,49132.0,1583.0,22004.0,486.0,22.0,1324085.0,97119.0,73.0,8535.0,166.0,19.0,52800.0,117700.0,2229.2,79300.0,1021400.0,12880.2,30500.0,57500.0,1885.2,16867.0,13500.0,,1057358.0,16207.0,267125.0,16482.1,355100.0,1430200.0,4027.6,2250.0,6300.0,7920.0,5850.0
440,Lithuania,2005,349400.0,948300.0,2714.1,16100.0,792000.0,200.0,300.0,1500.0,,,7700.0,72800.0,8228.0,41900.0,26904.0,4219.0,848200.0,50900.0,12064.0,201.0,312279.0,52891.0,169.0,34002.0,56500.0,1662.0,22400.0,512.0,23.0,1353139.0,105621.0,78.0,10757.0,223.0,21.0,59600.0,114100.0,1914.4,73950.0,894700.0,12098.7,35800.0,58900.0,1645.3,22149.0,13500.0,,1073348.0,16773.0,272155.0,16225.8,369500.0,1379400.0,3733.2,2250.0,11200.0,6480.0,1950.0
440,Lithuania,2006,383400.0,743800.0,1940.0,11800.0,800300.0,300.0,400.0,1333.3,,,20800.0,86500.0,9201.0,41800.0,21984.0,4377.0,890246.0,53415.0,12204.0,203.0,238757.0,47323.0,198.0,37486.0,61396.0,1638.0,22440.0,336.0,15.0,1345622.0,106217.0,79.0,15765.0,275.0,17.0,59300.0,62800.0,1059.0,57800.0,457100.0,7908.3,43000.0,34900.0,811.6,29208.0,13500.0,,1114647.0,12747.0,148593.0,11657.1,343800.0,809800.0,2355.4,2250.0,16100.0,6480.0,1950.0
440,Lithuania,2007,381400.0,1013700.0,2657.8,12255.0,838800.0,700.0,800.0,1142.9,,,22900.0,77000.0,9234.0,54500.0,20800.0,4386.0,918200.0,55000.0,12540.0,209.0,252433.0,55977.0,222.0,38790.0,63198.0,1629.0,19998.0,300.0,15.0,1262169.0,99288.0,79.0,29177.0,501.0,17.0,61700.0,119500.0,1936.8,52800.0,576100.0,10911.0,40700.0,56400.0,1385.7,36600.0,17550.0,,1127100.0,12563.0,204622.0,16287.7,354600.0,1390700.0,3921.9,2250.0,16100.0,6480.0,1950.0
440,Lithuania,2008,332500.0,970400.0,2918.5,9019.0,787900.0,300.0,200.0,666.7,,,30700.0,89500.0,9693.0,61500.0,19700.0,4310.0,856600.0,51400.0,11926.0,199.0,224432.0,47539.0,212.0,40926.0,65428.0,1599.0,19998.0,300.0,15.0,936912.0,75863.0,81.0,29480.0,501.0,17.0,68000.0,140800.0,2070.6,48400.0,716400.0,14801.7,36700.0,62300.0,1697.5,43300.0,11700.0,,923200.0,12052.0,231804.0,19233.7,403500.0,1722500.0,4268.9,2250.0,21700.0,9000.0,3770.0
440,Lithuania,2009,277400.0,858200.0,3093.7,12014.0,770900.0,200.0,100.0,500.0,,,34900.0,74900.0,8841.0,58400.0,16600.0,3659.0,797000.0,47820.0,13069.0,218.0,203829.0,45114.0,221.0,39596.0,66638.0,1683.0,18518.0,278.0,15.0,743092.0,60424.0,81.0,30030.0,470.0,16.0,63800.0,142500.0,2233.5,46600.0,662500.0,14216.7,47700.0,85700.0,1796.6,47500.0,12600.0,,897100.0,11979.0,245854.0,20523.7,500000.0,2100200.0,4200.4,2250.0,22400.0,7920.0,5460.0
440,Lithuania,2010,231800.0,550000.0,2372.7,10860.0,759400.0,700.0,900.0,1285.7,,,31300.0,95270.0,9025.0,2090.0,14700.0,3823.0,773900.0,46400.0,12137.0,202.0,194320.0,43717.0,225.0,42846.0,72948.0,1703.0,17148.0,183.0,11.0,895675.0,73337.0,82.0,27705.0,410.0,15.0,57800.0,93900.0,1624.6,36600.0,476900.0,13030.1,49700.0,70100.0,1410.5,52500.0,11350.0,,928200.0,12254.0,173312.0,14143.3,517600.0,1710400.0,3304.5,23900.0,20190.0,23480.0,2860.0
440,Lithuania,2011,252700.0,759800.0,3006.7,10890.0,748000.0,700.0,1400.0,2000.0,,,30700.0,102770.0,9195.0,2460.0,16000.0,4301.0,729200.0,43750.0,10172.0,170.0,183484.0,41980.0,229.0,43146.0,74669.0,1731.0,15605.0,200.0,13.0,916973.0,74927.0,82.0,25304.0,396.0,16.0,63200.0,128500.0,2033.2,37700.0,587700.0,15588.9,46600.0,79800.0,1712.4,58500.0,15680.0,,929400.0,12609.0,276915.0,21961.7,551100.0,1869300.0,3391.9,2250.0,24950.0,21330.0,2340.0
440,Lithuania,2012,217300.0,741900.0,3414.2,12490.0,752400.0,600.0,1500.0,2500.0,,,40100.0,111810.0,8658.0,3000.0,15000.0,4034.0,725200.0,43500.0,10783.0,180.0,175995.0,40902.0,232.0,45611.0,79302.0,1739.0,14675.0,205.0,14.0,954382.0,79439.0,83.0,26763.0,402.0,15.0,70800.0,163500.0,2309.3,32200.0,549900.0,17077.6,43800.0,82600.0,1885.8,60400.0,18500.0,,790300.0,11145.0,262030.0,23511.0,627000.0,2998900.0,4782.9,2250.0,25990.0,23110.0,2340.0
440,Lithuania,2013,209300.0,685700.0,3276.2,13130.0,729200.0,800.0,1300.0,1625.0,,,35300.0,113050.0,8813.0,3300.0,13598.0,3388.0,715700.0,42900.0,12662.0,211.0,162212.0,37709.0,232.0,48753.0,87489.0,1795.0,14010.0,196.0,14.0,1057834.0,86965.0,82.0,29144.0,469.0,16.0,73600.0,164700.0,2237.8,28700.0,426500.0,14860.6,46600.0,93000.0,1995.7,82752.0,22620.0,,807500.0,11280.0,220385.0,19537.7,667400.0,2871300.0,4302.2,22250.0,23560.0,6480.0,2340.0
440,Lithuania,2014,267000.0,1018500.0,3814.6,17470.0,713500.0,900.0,1200.0,1333.3,,,41900.0,102510.0,9621.0,15420.0,13832.0,3079.0,772800.0,46400.0,15070.0,251.0,169574.0,40240.0,237.0,51824.0,93543.0,1805.0,12924.0,167.0,13.0,1035300.0,84851.0,82.0,33400.0,501.0,15.0,75900.0,183800.0,2421.6,27300.0,468500.0,17161.2,81500.0,200900.0,2465.0,99637.0,32730.0,,754600.0,10708.0,234949.0,21941.4,708000.0,3230600.0,4563.0,13000.0,19890.0,15113.15,2340.0
440,Lithuania,2015,202400.0,811500.0,4009.4,14880.0,736612.0,213.0,206.0,967.1,,,40000.0,100960.0,10093.0,21750.0,12991.0,3387.0,760500.0,45600.0,13463.0,225.0,187851.0,45102.0,240.0,55979.0,105377.0,1882.0,9805.0,100.0,10.0,1017261.0,84314.0,83.0,56853.0,862.0,15.0,64152.0,163362.0,2546.5,23505.0,399191.0,16983.2,156979.0,454706.0,2896.6,123909.0,30470.0,,714157.0,10414.0,190293.67,18272.9,836200.0,4380330.0,5238.4,15000.0,21120.0,15167.62,0.0
440,Lithuania,2016,172538.0,545191.0,3159.8,17670.0,722602.0,131.0,101.0,771.0,,,40000.0,97500.0,9148.0,23380.0,13526.0,3211.0,741000.0,44500.0,13859.0,231.0,180255.0,43319.0,240.0,57582.0,105133.0,1826.0,7021.0,70.0,10.0,896014.0,74037.0,83.0,73736.0,1095.0,15.0,70758.0,155073.0,2191.6,22108.0,351484.0,15898.5,231982.0,636257.0,2742.7,147073.0,35840.0,,687822.0,13682.0,257020.78,18785.2,880534.0,3844491.0,4366.1,22000.0,19460.0,14775.37,44841.06
440,Lithuania,2017,141645.0,519732.0,3669.3,14950.0,694752.0,93.0,73.0,784.9,,,40000.0,99570.0,9917.0,14680.0,13409.0,3433.0,694500.0,41670.0,12138.0,202.0,169376.0,41917.0,247.0,77059.0,126607.0,1643.0,7097.0,78.0,11.0,867843.0,71476.0,82.0,81451.0,1258.0,15.0,75987.0,195928.0,2578.4,19351.0,237045.0,12249.8,236224.0,707348.0,2994.4,163565.0,21450.0,,663915.0,12944.0,213453.19,16490.7,811947.0,3917372.0,4824.7,27500.0,21760.0,14642.47,0.0
440,Lithuania,2018,225910.0,619540.0,2742.4,14180.0,653500.0,52790.0,53540.0,1014.2,0.0,0.0,38475.0,101050.0,10204.0,11000.0,14300.0,3519.0,827195.0,51120.0,14527.0,235.0,168470.0,41670.0,247.0,56826.0,102790.0,1809.0,6790.0,70.0,10.0,892720.0,72060.0,81.0,80320.0,1160.0,14.0,102960.0,182440.0,1772.0,18690.0,289800.0,15505.6,188040.0,379910.0,2020.4,164300.0,20128.5,,572000.0,8590.0,166300.0,19359.7,772890.0,2838900.0,3673.1,10354.5,25980.0,14391.51,43307.79
440,Lithuania,2019,174770.0,588450.0,3367.0,14320.0,634600.0,27800.0,30840.0,1109.4,0.0,0.0,16000.0,97850.0,11562.0,8540.0,15100.0,3655.0,802804.0,48170.0,13179.0,220.0,170360.0,44180.0,259.0,54518.0,96620.0,1772.0,6500.0,60.0,9.0,967360.0,77660.0,80.0,81000.0,1100.0,14.0,86110.0,177870.0,2065.6,18220.0,329780.0,18099.9,141160.0,301510.0,2135.9,152100.0,30000.0,,550800.0,8850.0,177850.0,20096.0,895760.0,3843850.0,4291.2,417.86,32600.0,2577.17,20474.16
440,Lithuania,2020,164870.0,705910.0,4281.6,15180.0,629500.0,39360.0,37650.0,956.6,0.0,0.0,28991.25,100610.0,9852.0,8900.0,14700.0,3231.0,,,,,162460.0,43410.0,267.0,53425.0,97060.0,1817.0,5850.0,70.0,12.0,968280.0,80370.0,83.0,79500.0,1180.0,15.0,104900.0,275570.0,2627.0,18870.0,296740.0,15725.5,132150.0,390710.0,2956.6,140600.0,27000.0,,580400.0,9440.0,164250.0,17399.4,893510.0,4818750.0,5393.1,386.68,34750.0,2672.91,21234.77
440,Lithuania,2021,144700.0,500410.0,3458.3,10730.0,628700.0,48900.0,32660.0,667.9,0.0,0.0,33800.0,97880.0,8124.0,9230.0,14700.0,3509.0,851663.0,,,243.0,168870.0,45540.0,270.0,46929.0,85030.0,1812.0,5130.0,50.0,10.0,946280.0,79210.0,84.0,69960.0,1080.0,15.0,92410.0,170250.0,1842.3,15330.0,200160.0,13056.8,152090.0,280510.0,1844.4,136900.0,16900.0,,573800.0,9360.0,178670.0,19088.7,944170.0,4248850.0,4500.1,531.75,37120.0,4000.0,6254.49
440,Lithuania,2022,133120.0,522000.0,3921.3,11110.0,641920.0,58260.0,43990.0,755.1,0.0,0.0,28264.95,93980.0,8897.0,7500.0,14990.0,3753.0,816500.0,,,218.0,162010.0,44580.0,275.0,46380.0,84240.0,1816.0,2770.0,40.0,14.0,857950.0,71210.0,83.0,48690.0,960.0,20.0,80360.0,186100.0,2315.8,15180.0,226420.0,14915.7,142070.0,390340.0,2747.5,135640.0,25260.0,,517420.0,9640.0,190460.0,19757.3,946720.0,4482760.0,4735.0,508.09,37000.0,5000.0,24083.51
440,Lithuania,2023,159430.0,566880.0,3555.7,13990.0,623520.0,42060.0,36470.0,867.1,0.0,0.0,23918.46,95580.0,9729.0,5840.0,13980.0,3743.0,831200.0,,,222.0,170630.0,45990.0,270.0,44935.0,83040.0,1848.0,2810.0,50.0,18.0,800420.0,66720.0,83.0,47320.0,930.0,20.0,91750.0,194670.0,2121.7,14730.0,267330.0,18148.7,167590.0,367380.0,2192.1,127880.0,22210.0,,497090.0,8310.0,152010.0,18292.4,940290.0,4455390.0,4738.3,334.58,16120.0,5500.0,13158.44
442,Luxembourg,2000,10538.0,53533.0,5080.0,816.0,205072.0,,,,,,,,72.0,2960.0,297.0,49.0,14625.0,943.31,19350.0,300.0,24836.0,8167.0,329.0,350.0,560.0,1600.0,0.0,0.0,,180067.0,12510.0,69.0,1000.0,20.0,20.0,1909.0,9217.0,4828.2,829.0,27858.0,33604.3,431.0,1235.0,2865.4,7971.0,,,80141.0,75.0,1168.0,15573.3,10971.0,61184.0,5576.9,,,,
442,Luxembourg,2001,11622.0,53566.0,4609.0,864.0,205193.0,,,,,,,,84.0,2720.0,311.0,63.0,18822.0,1214.0,19350.0,300.0,35424.0,11246.0,317.0,430.0,688.0,1600.0,0.0,0.0,,159053.0,11412.0,72.0,1000.0,21.0,21.0,1725.0,7799.0,4521.2,734.0,22770.0,31021.8,693.0,2277.0,3285.7,8476.0,,,78540.0,64.0,1030.0,16093.8,9825.0,54022.0,5498.4,,,,
442,Luxembourg,2002,9585.0,51823.0,5406.7,690.0,197257.0,40.0,250.0,6250.0,,,,,78.0,2480.0,1103.0,54.0,16078.0,1037.01,19350.0,300.0,34370.0,10738.0,312.0,480.0,768.0,1600.0,697.0,14.0,20.0,139328.0,11692.49,84.0,3706.0,74.0,20.0,1963.0,10219.0,5205.8,672.0,20105.0,29918.2,667.0,2327.0,3488.8,9104.0,,,79665.0,61.0,967.0,15749.4,12009.0,71656.0,5966.9,,,,
442,Luxembourg,2003,10356.0,55330.0,5342.8,506.0,189674.0,43.0,266.42,6218.8,,,,,79.0,2440.0,1878.0,63.0,18910.0,1219.67,19350.0,300.0,34372.0,10927.0,318.0,464.0,741.63,1600.0,481.0,5.0,10.0,163246.0,12315.51,75.0,4227.0,73.88,17.0,2163.0,11414.0,5276.9,623.0,18329.0,29420.5,600.0,2146.0,3576.7,9446.0,,,84140.0,57.0,951.0,16684.2,11187.0,68648.0,6136.4,,,,
442,Luxembourg,2004,8881.0,52761.0,5940.9,552.0,186725.0,48.0,324.0,6750.0,,,,,73.0,2540.0,2010.0,55.0,16506.0,1064.64,19350.0,300.0,32994.0,10700.0,324.0,418.0,669.13,1600.0,431.0,5.0,12.0,156840.0,11447.2,73.0,4221.0,62.56,15.0,1907.0,9458.0,4959.6,635.0,22244.0,35029.9,508.0,1729.0,3403.5,9743.0,,,84611.0,59.0,1065.0,18050.8,11720.0,79978.0,6824.1,,,,
442,Luxembourg,2005,9938.0,52853.0,5318.3,506.0,185235.0,43.0,254.0,5907.0,,,,,83.0,2390.0,2203.0,74.0,22077.0,1423.97,19350.0,300.0,29715.0,9934.0,334.0,363.0,581.33,1600.0,622.0,7.0,11.0,157843.0,10823.16,69.0,3698.0,65.94,18.0,1696.0,7734.0,4560.1,608.0,19329.0,31791.1,467.0,1489.0,3188.4,10277.0,,,90147.0,42.0,1234.0,29398.5,11927.0,71745.0,6015.3,,,,
442,Luxembourg,2006,9512.0,50061.0,5262.9,322.0,183640.0,26.0,151.0,5807.7,,,,,81.0,2400.0,1950.0,70.0,21092.0,1360.4,19350.0,300.0,27832.0,9333.0,335.0,265.0,423.65,1600.0,785.0,11.0,14.0,143579.0,9834.0,68.0,3483.0,65.0,19.0,1502.0,6650.0,4427.4,595.0,16449.0,27645.4,372.0,1185.0,3185.5,9644.0,,,84151.0,35.0,1001.0,28695.7,12665.0,75603.0,5969.4,,,,
442,Luxembourg,2007,9227.0,44640.0,4838.0,230.0,191928.0,14.0,78.0,5571.4,,,,,82.0,2400.0,2814.0,73.0,21752.0,1403.03,19350.0,300.0,26538.0,9210.49,347.0,211.0,338.17,1600.0,409.0,4.58,11.0,146991.0,9922.0,68.0,2896.0,54.0,19.0,1443.0,5634.0,3904.4,627.0,19968.0,31846.9,366.0,825.0,2254.1,9339.0,,,83255.0,36.0,1068.0,29602.8,12586.0,70469.0,5599.0,,,,
442,Luxembourg,2008,9739.0,52816.0,5423.1,230.0,195661.0,27.0,173.0,6407.4,,,,,81.0,2400.0,2912.0,77.0,23055.0,1487.05,19350.0,300.0,28277.0,9171.13,324.0,144.0,201.0,1396.0,328.0,9.38,29.0,149812.0,9946.8,66.0,2415.0,44.0,18.0,1260.0,6279.0,4983.3,604.0,21756.0,36019.9,222.0,1135.0,5112.6,8477.0,,,81374.0,36.0,1085.0,30362.3,14675.0,97760.0,6661.7,,,,
442,Luxembourg,2009,9371.0,54398.0,5804.9,230.0,196470.0,34.0,224.0,6588.2,,,,,97.0,2400.0,3130.0,81.0,24297.0,1567.16,19350.0,300.0,25999.0,9096.0,350.0,173.0,245.0,1416.0,454.0,5.76,13.0,138733.0,10102.4,73.0,2612.0,49.0,19.0,1384.0,7197.0,5200.1,604.0,20044.0,33185.4,305.0,1206.0,3954.1,8824.0,,,80217.0,41.0,1200.0,29342.1,13841.0,90903.0,6567.7,,,,
442,Luxembourg,2010,8261.0,43003.0,5205.5,184.0,198892.0,44.0,246.0,5590.9,,,,,90.0,4500.0,5084.0,87.0,26108.0,1683.93,19350.0,300.0,26229.0,9390.0,358.0,160.0,224.0,1400.0,284.0,3.26,11.0,141820.0,9761.6,69.0,2258.0,45.0,20.0,1136.0,4789.0,4215.7,615.0,19531.0,31757.7,336.0,973.0,2895.8,9084.0,,,83774.0,41.0,1249.0,30647.8,14009.0,83474.0,5958.6,,,,
442,Luxembourg,2011,7939.0,38452.0,4843.4,184.0,192535.0,45.0,233.0,5177.8,,,,,102.0,6500.0,5821.0,95.0,28497.0,1838.1,19350.0,300.0,25365.0,9066.0,357.0,182.0,255.4,1401.0,293.0,4.7,16.0,138714.0,9746.5,70.0,2291.0,45.0,20.0,1123.0,4035.0,3593.1,635.0,19679.0,30990.6,268.0,676.45,2524.1,8951.0,,,89158.0,44.0,1249.0,28533.9,13897.0,76839.0,5529.0,,,,
442,Luxembourg,2012,7100.0,37900.0,5338.0,322.0,188473.0,38.0,212.0,5578.9,,,,,113.0,5600.0,4898.0,93.0,27930.0,1801.5,19350.0,300.0,23973.0,8585.0,358.0,173.0,238.6,1382.0,413.0,7.0,17.0,145838.0,10608.0,73.0,2610.0,49.0,19.0,919.0,4749.0,5167.6,600.0,20600.0,34333.3,166.0,459.0,2765.1,8211.0,,,90023.0,45.0,1473.0,32439.7,13500.0,79198.0,5866.5,,,,
442,Luxembourg,2013,7700.0,42485.0,5517.5,322.0,193623.0,28.0,166.0,5928.6,0.0,0.0,,,111.0,4200.0,4456.0,97.0,28980.0,1869.2,19350.0,300.0,22680.0,8060.0,355.0,175.0,243.9,1393.0,234.0,3.4,15.0,155021.0,11121.2,72.0,2583.0,49.6,19.0,1130.0,5535.0,4898.2,600.0,17540.0,29233.3,282.0,932.0,3299.2,8582.0,0.0,,87518.0,69.0,2216.0,32187.3,14300.0,91057.0,6367.6,0.0,0.0,0.0,0.0
442,Luxembourg,2014,8317.0,45962.0,5526.2,556.67,198780.0,26.0,151.0,5914.6,0.0,0.0,,,116.0,6115.28,4322.0,102.0,30450.0,1964.03,19350.0,300.0,24015.0,8592.5,358.0,178.0,239.3,1347.0,419.0,10.4,25.0,164155.0,12150.3,74.0,2527.0,50.5,20.0,1178.0,5476.0,4647.4,607.0,18979.0,31244.2,378.0,1048.0,2775.9,8721.0,0.0,,87092.0,75.0,2566.0,34259.0,12665.0,77943.0,6154.1,7450.0,0.0,0.0,0.0
442,Luxembourg,2015,7713.0,44382.0,5754.2,621.0,201036.0,59.0,357.0,6050.8,0.0,0.0,,,114.0,5467.5,4772.0,101.0,30270.0,1952.4,19350.0,300.0,25116.0,9179.7,365.0,185.0,254.5,1376.0,403.0,8.7,22.0,164280.0,12506.1,76.0,2515.0,50.8,20.0,1194.0,5879.0,4923.8,570.0,12971.0,22756.1,588.0,1565.0,2662.6,9453.0,0.0,,95337.0,71.0,1748.0,24755.7,14494.0,91058.0,6282.5,,0.0,0.0,0.0
442,Luxembourg,2016,6899.0,33995.0,4927.5,613.47,201416.0,119.0,594.0,5003.4,0.0,0.0,,,114.0,4893.75,5130.0,107.0,31543.0,2034.5,19087.0,296.0,26057.0,9528.8,366.0,194.0,265.4,1365.0,245.0,3.5,14.0,177654.0,13981.8,79.0,2340.0,46.2,20.0,1094.0,5287.0,4833.9,615.0,18714.0,30447.1,682.0,1304.0,1912.7,8951.0,0.0,,92312.0,109.0,1671.0,15277.0,13808.0,70069.0,5074.4,,0.0,0.0,0.0
442,Luxembourg,2017,6594.0,34951.0,5300.0,708.54,202281.0,108.0,590.0,5453.9,0.0,0.0,,3210.0,123.0,1093.5,5406.0,108.0,31989.0,2063.3,19089.0,296.0,26426.0,9643.0,365.0,199.0,269.9,1359.0,187.0,3.0,16.0,157949.0,12943.6,82.0,2447.0,49.5,20.0,1309.0,5920.0,4522.1,622.0,21284.0,34236.8,621.0,1610.0,2593.1,8478.0,0.0,,96761.0,131.0,1653.0,12651.2,14185.0,77781.0,5483.4,,0.0,0.0,0.0
442,Luxembourg,2018,6000.0,35390.0,5898.3,842.24,194390.0,170.0,950.0,5588.2,0.0,0.0,,2770.0,123.0,1494.12,5075.0,113.0,29869.0,2076.9,18320.0,263.0,27160.0,9960.0,367.0,0.0,0.0,,,0.0,,160230.0,12920.0,81.0,2200.0,50.0,23.0,1240.0,7160.0,5774.2,630.0,16210.0,25730.2,410.0,1550.0,3780.5,8654.0,0.0,,82590.0,120.0,2560.0,21333.3,12870.0,79650.0,6188.8,,0.0,0.0,0.0
442,Luxembourg,2019,6060.0,36050.0,5948.8,999.12,192100.0,140.0,750.0,5357.1,0.0,0.0,,,132.0,1603.8,5350.0,117.0,32670.0,2224.0,19009.0,279.0,28210.0,10250.0,363.0,0.0,0.0,,,0.0,,157950.0,12960.0,82.0,2400.0,50.0,21.0,1400.0,7230.0,5164.3,600.0,15330.0,25550.0,410.0,1160.0,2829.3,8680.0,0.0,,84040.0,140.0,3450.0,24642.9,13360.0,82260.0,6157.2,,0.0,0.0,0.0
442,Luxembourg,2020,6000.0,33020.0,5503.3,625.6,190690.0,50.0,300.0,6000.0,0.0,0.0,,,136.0,5400.0,,116.0,33851.0,2183.0,18853.0,292.0,27980.0,10340.0,370.0,0.0,0.0,,,0.0,,143410.0,12490.0,87.0,2390.0,50.0,21.0,1590.0,8190.0,5150.9,620.0,16370.0,26403.2,380.0,1320.0,3473.7,9518.0,0.0,,82130.0,150.0,3460.0,23066.7,11930.0,72400.0,6068.7,,0.0,0.0,0.0
442,Luxembourg,2021,5310.0,29040.0,5468.9,508.3,187200.0,60.0,210.0,3500.0,0.0,0.0,,,171.0,8032.5,,,35208.0,2264.6,,,28960.0,10590.0,366.0,0.0,0.0,,,0.0,,148070.0,12550.0,85.0,2580.0,50.0,19.0,1610.0,6820.0,4236.0,630.0,16220.0,25746.0,380.0,950.0,2500.0,9956.0,0.0,,78330.0,180.0,3940.0,21888.9,12870.0,76140.0,5916.1,,0.0,0.0,0.0
442,Luxembourg,2022,6090.0,37520.0,6160.9,499.33,186130.0,70.0,360.0,5142.9,0.0,0.0,,,186.0,6087.15,5090.0,,35343.0,2496.0,,,26760.0,9810.0,367.0,0.0,0.0,,360.0,10.0,28.0,150190.0,12840.0,85.0,2620.0,50.0,19.0,1730.0,8650.0,5000.0,640.0,14610.0,22828.1,440.0,1400.0,3181.8,9000.0,0.0,,66410.0,250.0,5350.0,21400.0,13570.0,85890.0,6329.4,,0.0,0.0,0.0
442,Luxembourg,2023,5760.0,30980.0,5378.5,559.13,183560.0,90.0,490.0,5444.4,0.0,0.0,,,183.0,8330.85,4253.0,132.0,37233.0,2402.0,18259.0,283.0,25640.0,9580.0,374.0,0.0,0.0,,520.0,10.0,19.0,133440.0,11590.0,87.0,2590.0,50.0,19.0,1340.0,4790.0,3574.6,560.0,12840.0,22928.6,480.0,960.0,2000.0,9014.0,0.0,,65200.0,270.0,7510.0,27814.8,12470.0,72360.0,5802.7,,0.0,0.0,0.0
470,Malta,2000,542.0,2158.0,3981.5,,19200.0,,,,7.2,162.0,,,820.0,,5000.0,450.0,94700.0,5400.0,12000.0,210.0,6019.0,1608.0,267.0,4183.0,6000.0,1434.0,4000.0,40.0,10.0,121227.0,9069.0,75.0,5700.0,95.0,17.0,,,,1783.0,34969.0,19612.5,780.0,1931.52,2477.0,12000.0,,,80074.0,4033.0,64924.25,16098.6,2381.0,9556.0,4013.4,,,,
470,Malta,2001,550.0,2200.0,4000.0,,19200.0,,,,7.2,162.0,,,1559.0,,4800.0,375.0,94737.0,5400.0,14400.0,253.0,6000.0,1536.0,256.0,4358.0,6256.0,1436.0,3300.0,33.0,10.0,123279.0,9930.0,81.0,5400.0,89.0,16.0,,,,1783.0,25339.0,14211.4,723.0,1854.08,2563.2,9598.0,,,80074.0,4680.0,70335.8,15028.0,2400.0,9600.0,4000.0,,,,
470,Malta,2002,510.0,2000.0,3923.3,,19003.0,,,,6.6,162.0,,,1000.0,,4938.0,400.0,94737.0,5400.0,13500.0,237.0,5960.0,1636.0,274.0,4531.0,6661.0,1470.0,3500.0,35.0,10.0,126864.0,10405.0,82.0,5000.0,83.0,17.0,,,,1152.0,27536.0,23902.8,692.0,1760.56,2543.7,8945.0,,,80898.0,4689.0,70153.45,14962.7,2000.0,10000.0,5000.0,,,,
470,Malta,2003,540.0,2200.0,4074.1,,18770.0,,,,6.6,162.0,,,1358.0,,5163.0,477.0,107684.0,6138.0,12868.0,226.0,5200.0,1408.0,271.0,4701.0,7405.0,1575.0,3800.0,38.0,10.0,121200.0,9779.0,81.0,5900.0,97.0,16.0,,,,1154.0,23308.0,20197.6,702.0,1796.57,2558.5,12253.0,,,78303.0,4142.0,66544.57,16064.5,2400.0,9600.0,4000.0,,,,
470,Malta,2004,576.0,2300.0,3992.3,,17940.0,,,,6.6,162.0,,,1000.0,,5374.0,500.0,108333.0,6175.0,12350.0,217.0,4822.0,1290.0,268.0,3895.0,6294.0,1616.0,3300.0,33.0,10.0,104504.0,8469.0,81.0,5900.0,98.0,17.0,,,,1100.0,22783.0,20711.8,705.0,1805.68,2561.4,14861.0,,,73067.0,4739.0,72959.0,15395.4,2424.0,9951.94,4104.8,,,,
470,Malta,2005,550.0,2200.0,4000.0,,19408.0,,,,6.6,162.0,,,1044.0,,5635.0,564.0,103228.0,5884.0,10433.0,183.0,5287.0,1390.0,263.0,2771.0,4518.0,1630.0,3300.0,33.0,10.0,108210.0,8889.0,82.0,5900.0,98.0,17.0,,,,820.0,19518.0,23802.4,688.0,1775.81,2580.4,14130.0,,,76853.0,4999.0,69257.0,13853.1,2461.0,10233.29,4157.9,,,,
470,Malta,2006,500.0,2000.0,4000.0,,19742.0,,,,6.6,162.0,,,1006.0,,6272.0,560.0,117500.0,7285.0,13009.0,210.0,5205.0,1398.0,269.0,2666.0,3935.0,1476.0,3400.0,34.0,10.0,103562.0,8217.0,79.0,6000.0,100.0,17.0,,,,820.0,18450.0,22500.0,680.0,1745.0,2566.2,14642.0,,,73025.0,5157.0,78083.0,15142.6,2600.0,10500.0,4038.5,,,,
470,Malta,2007,550.0,2200.0,4000.0,,19233.0,,,,6.6,162.0,,,1114.0,,5828.0,563.0,123200.0,7638.0,13567.0,219.0,4962.0,1386.0,279.0,2896.0,4587.0,1584.0,3300.0,33.0,10.0,94290.0,8018.0,85.0,6500.0,109.0,17.0,,,,700.0,14146.0,20208.6,670.0,1750.0,2611.9,12172.0,,,73683.0,5046.0,74196.0,14704.7,2800.0,12000.0,4285.7,,,,
470,Malta,2008,500.0,2000.0,4000.0,,19442.0,,,,6.6,162.0,,,1184.0,,6227.0,560.0,131750.0,8169.0,14588.0,235.0,5453.0,1479.0,271.0,3138.0,4979.0,1587.0,3500.0,35.0,10.0,102104.0,8503.0,83.0,6000.0,100.0,17.0,,,,700.0,19000.0,27142.9,684.0,1855.61,2711.2,12315.0,,,76900.0,5350.0,75742.0,14156.4,3000.0,14500.0,4833.3,,,,
470,Malta,2009,520.0,2100.0,4038.5,,16264.0,,,,6.6,162.0,,,1075.0,,5983.0,383.0,112150.0,6955.0,18159.0,293.0,6046.0,1543.0,255.0,2851.0,4686.0,1644.0,3300.0,33.0,10.0,90140.0,7369.0,82.0,6000.0,100.0,17.0,,,,700.0,10069.0,14384.3,675.0,1815.51,2690.1,12889.0,,,65918.0,5022.0,70341.0,14007.6,2800.0,13800.0,4928.6,,,,
470,Malta,2010,518.0,2130.87,4114.6,,14954.0,,,,0.0,0.0,,,970.0,,5110.0,301.0,82100.0,5091.0,16914.0,273.0,5691.0,1422.0,250.0,2690.0,4398.0,1635.0,3300.0,33.0,10.0,85228.0,7511.0,88.0,6500.0,110.0,17.0,,,,701.0,15541.0,22169.8,671.0,1840.18,2743.3,12379.0,,,70583.0,5100.0,75827.0,14869.5,2716.0,13038.07,4801.1,,,,
470,Malta,2011,510.0,2128.82,4170.1,0.0,15074.0,,,,0.0,0.0,,,920.0,,4938.0,280.0,55386.0,3434.0,12264.0,198.0,4252.0,1128.0,265.0,2437.0,4155.0,1705.0,3200.0,32.0,10.0,83622.0,7305.0,87.0,6000.0,100.0,17.0,,,,701.0,18919.0,26988.6,690.0,1870.0,2710.1,11887.0,0.0,,46287.0,5141.0,75089.0,14604.5,2615.0,12468.12,4768.7,0.0,0.0,0.0,0.0
470,Malta,2012,510.0,2099.18,4115.3,,15593.0,,,,0.0,0.0,,,970.0,,4847.0,287.0,69628.0,4317.0,15042.0,243.0,4083.0,1111.0,272.0,2562.0,4244.0,1657.0,3400.0,34.0,10.0,68688.0,5665.0,82.0,6280.0,105.0,17.0,,,,701.0,12691.0,18104.1,620.0,1675.0,2701.6,11697.0,,,45209.0,4934.0,69817.0,14150.2,2566.0,12172.61,4743.9,,,,
470,Malta,2013,510.0,2109.31,4135.6,,15220.0,,,,0.0,0.0,,,918.0,,4598.0,280.0,82475.0,5113.0,18261.0,295.0,4076.0,1134.0,278.0,2353.0,4115.0,1749.0,3200.0,32.0,10.0,71230.0,5920.0,83.0,6300.0,105.0,17.0,,,,700.0,12644.0,18062.9,600.0,1675.0,2791.7,10930.0,,,49450.0,5055.0,74763.8,14789.1,2483.0,11864.98,4778.0,,,,
470,Malta,2014,525.0,2164.22,4122.0,,14883.0,,,,0.0,,,,1000.0,,4627.0,282.0,84503.0,5239.0,18578.0,300.0,4088.0,1129.0,276.0,2230.0,3916.0,1756.0,3155.0,31.18,10.0,69789.0,6153.0,88.0,5677.0,94.64,17.0,,,,700.0,12559.0,17941.4,618.0,1723.33,2786.8,10526.0,,,47465.0,5418.0,77844.94,14368.6,2367.0,11543.04,4877.7,,,,
470,Malta,2015,522.0,2180.12,4179.9,0.0,15020.0,,,,0.0,0.0,,,1035.0,,4937.0,280.0,78853.0,4889.0,17461.0,282.0,3766.0,1032.0,274.0,2251.0,3913.0,1738.0,3422.0,33.81,10.0,60722.0,5428.0,89.0,6102.0,102.84,17.0,,,,700.0,8016.79,11452.6,618.0,1729.5,2797.5,11076.0,0.0,,43634.0,5315.0,76850.53,14458.2,2003.0,10000.0,4992.0,0.0,0.0,0.0,0.0
470,Malta,2016,520.0,2162.76,4157.5,0.0,14356.0,,,,0.0,0.0,,,1024.0,,4971.0,287.0,78112.0,4843.0,16875.0,272.0,4167.0,1151.0,276.0,2148.0,3832.0,1784.0,3431.0,34.3,10.0,56140.0,4931.0,88.0,5277.0,104.3,20.0,,,,700.0,6824.97,9750.0,612.0,1718.23,2807.9,11523.0,0.0,,40597.0,4999.0,76248.17,15253.6,2127.0,10595.53,4982.6,0.0,0.0,0.0,0.0
470,Malta,2017,522.0,2174.34,4165.3,0.0,14184.0,,,,0.0,0.0,,,1004.0,,5160.0,342.0,90453.0,5608.0,16398.0,264.0,4086.0,1117.0,273.0,2126.0,3676.0,1729.0,3552.0,35.49,10.0,55202.0,4707.0,85.0,4782.0,111.02,23.0,,,,700.0,8740.0,12485.7,606.0,1712.97,2824.5,11739.0,0.0,,34011.0,5261.0,73515.67,13974.5,2467.0,12412.68,5031.1,0.0,0.0,0.0,0.0
470,Malta,2018,0.0,0.0,,0.0,14120.0,0.0,0.0,,0.0,0.0,,,,,5730.0,361.0,93789.0,5815.0,16108.0,260.0,3940.0,1070.0,272.0,2297.0,3820.0,1663.0,1160.0,20.0,17.0,53180.0,4430.0,83.0,5010.0,130.0,26.0,0.0,0.0,,690.0,9360.0,13565.2,0.0,0.0,,13170.0,0.0,,36290.0,,46150.0,,0.0,0.0,,0.0,0.0,0.0,0.0
470,Malta,2019,0.0,0.0,,0.0,14000.0,0.0,0.0,,0.0,0.0,,,,,5590.0,338.0,87937.0,5452.0,16130.0,260.0,3700.0,1030.0,278.0,2338.0,3990.0,1707.0,1420.0,20.0,14.0,51580.0,4410.0,85.0,6290.0,160.0,25.0,0.0,0.0,,690.0,8990.0,13029.0,0.0,0.0,,13160.0,0.0,,35480.0,,42240.0,,0.0,0.0,,0.0,0.0,0.0,0.0
470,Malta,2020,0.0,0.0,,0.0,14290.0,0.0,0.0,,0.0,0.0,,,884.0,,5530.0,339.0,92220.0,,,272.0,4100.0,1140.0,278.0,2430.0,4150.0,1708.0,1260.0,20.0,16.0,54210.0,4560.0,84.0,6440.0,160.0,25.0,0.0,0.0,,570.0,7990.0,14017.5,0.0,0.0,,13150.0,0.0,,40090.0,,40050.0,,0.0,0.0,,0.0,0.0,0.0,0.0
470,Malta,2021,0.0,0.0,,0.0,14020.0,0.0,0.0,,0.0,0.0,,,,,5640.0,,95886.0,,,,3810.0,1050.0,276.0,2494.0,4070.0,1632.0,1190.0,20.0,17.0,53970.0,4720.0,87.0,6090.0,150.0,25.0,0.0,0.0,,570.0,7120.0,12491.2,0.0,0.0,,12730.0,0.0,,40050.0,,38310.0,,0.0,0.0,,0.0,0.0,0.0,0.0
470,Malta,2022,0.0,0.0,,0.0,14200.0,0.0,0.0,,0.0,0.0,,,,0.0,6520.0,,,,,,3750.0,1040.0,277.0,2666.0,4250.0,1594.0,1400.0,20.0,14.0,51190.0,4430.0,87.0,6410.0,160.0,25.0,0.0,0.0,,570.0,7120.0,12491.2,0.0,0.0,,14470.0,0.0,,29550.0,,37210.0,,0.0,0.0,,0.0,0.0,0.0,0.0
470,Malta,2023,0.0,0.0,,0.0,14230.0,0.0,0.0,,0.0,0.0,,,790.0,0.0,6560.0,380.0,,,,,3960.0,1100.0,278.0,2866.0,4740.0,1654.0,1560.0,20.0,13.0,47030.0,3960.0,84.0,6790.0,170.0,25.0,0.0,0.0,,510.0,7310.0,14333.3,0.0,0.0,,13990.0,0.0,,35790.0,,38340.0,,0.0,0.0,,0.0,0.0,0.0,0.0
528,Netherlands (Kingdom of the),2000,47100.0,287800.0,6110.4,126000.0,4070000.0,,,,,,,671000.0,104015.0,58000.0,165000.0,32573.0,11063000.0,668000.0,20508.0,340.0,2248000.0,471000.0,210.0,458000.0,697000.0,1522.0,23415.0,305.0,13.0,18563900.0,1622761.0,87.0,736000.0,18231.0,25.0,2400.0,13300.0,5541.7,180200.0,8227000.0,45654.8,3000.0,13153.0,4384.3,1308000.0,69000.0,,13100000.0,67403.0,3660505.0,54307.7,136700.0,1142700.0,8359.2,16000.0,242000.0,,96000.0
528,Netherlands (Kingdom of the),2001,66700.0,386800.0,5799.1,130000.0,4047000.0,,,,,,,641000.0,100334.0,52000.0,190000.0,31838.0,10874000.0,657000.0,20636.0,342.0,1657000.0,372000.0,225.0,466000.0,701000.0,1504.0,20818.0,269.0,13.0,15700800.0,1432470.0,91.0,836000.0,19594.0,23.0,2600.0,13800.0,5307.7,163900.0,7115000.0,43410.6,3700.0,16413.0,4435.9,1296000.0,68000.0,,12800000.0,67552.0,3643851.77,53941.3,124700.0,990700.0,7944.7,12500.0,219000.0,,108000.0
528,Netherlands (Kingdom of the),2002,56940.0,315300.0,5537.4,119000.0,3858000.0,,,,,,,638000.0,101052.0,42000.0,232000.0,28703.0,10545000.0,635000.0,22123.0,367.0,1876000.0,384000.0,205.0,470000.0,683000.0,1453.0,17358.0,226.0,13.0,15401000.0,1377121.0,89.0,677712.0,16518.0,24.0,2462.0,12700.0,5158.4,165200.0,7362738.0,44568.6,3338.0,14972.0,4485.3,1186000.0,74000.0,,11500000.0,70528.0,3761242.55,53329.4,135215.0,1056640.0,7814.5,12500.0,220000.0,,99000.0
528,Netherlands (Kingdom of the),2003,54925.0,349067.0,6355.3,116000.0,3759000.0,,,,,,,658000.0,79235.0,46000.0,268000.0,23947.0,7674000.0,463000.0,19334.0,320.0,1852000.0,365000.0,197.0,363500.0,535000.0,1472.0,32475.0,423.0,13.0,13890000.0,1252898.0,90.0,628831.0,15235.0,24.0,2500.0,15164.0,6065.6,158644.0,6468762.0,40775.3,5575.0,19964.0,3581.0,1185000.0,72000.0,,11100000.0,81478.0,3862805.0,47409.3,129245.0,1130100.0,8743.9,40000.0,200000.0,,117000.0
528,Netherlands (Kingdom of the),2004,48000.0,287600.0,5991.7,102000.0,3767000.0,,,,,,,675190.0,85816.0,41000.0,290000.0,27219.0,10015000.0,611000.0,22448.0,368.0,1960000.0,386000.0,197.0,410000.0,615000.0,1500.0,19744.0,256.0,13.0,14341000.0,1298000.0,91.0,620758.0,14849.0,24.0,2046.0,11000.0,5376.3,163905.0,7487700.0,45683.2,5501.0,22200.0,4035.6,1236000.0,63000.0,,11100000.0,82138.0,4377860.0,53299.0,137287.0,1223900.0,8914.9,37500.0,200000.0,,111000.0
528,Netherlands (Kingdom of the),2005,50600.0,307100.0,6069.2,115000.0,3799000.0,,,,,,,672180.0,92914.0,36000.0,300000.0,30513.0,9953000.0,607000.0,19893.0,326.0,1969233.0,396008.0,201.0,420000.0,628000.0,1495.0,23868.0,310.0,13.0,14376800.0,1297281.0,90.0,610011.0,13466.0,22.0,1700.0,9472.0,5571.8,156000.0,6777000.0,43442.3,3861.0,16629.0,4306.9,1363000.0,68000.0,,11200000.0,77453.0,4231058.0,54627.4,136700.0,1174686.0,8593.2,50000.0,200000.0,,67000.0
528,Netherlands (Kingdom of the),2006,44623.0,268700.0,6021.6,125100.0,3749000.0,,,,,,,713000.0,90401.0,54000.0,310000.0,30845.0,10011000.0,611000.0,19809.0,325.0,1915001.0,384000.0,201.0,415000.0,621000.0,1496.0,15919.0,208.0,13.0,14027000.0,1264897.0,90.0,710081.0,15511.0,22.0,1600.0,8969.0,5605.6,155800.0,6239600.0,40048.8,2708.0,9194.0,3395.1,1376000.0,68000.0,,11200000.0,83628.0,4129949.0,49384.8,141100.0,1184400.0,8394.0,51500.0,200000.0,,73500.0
528,Netherlands (Kingdom of the),2007,45000.0,260000.0,5777.8,129200.0,3763000.0,,,,,,,730333.0,92763.0,30000.0,340000.0,31428.0,10180300.0,621000.0,19759.0,324.0,1905003.0,385571.0,202.0,456000.0,684000.0,1500.0,124400.0,1618.0,13.0,14187000.0,1289935.0,91.0,752201.0,16149.0,21.0,2000.0,8000.0,4000.0,156900.0,6870400.0,43788.4,2300.0,8400.0,3652.2,1369000.0,68000.0,,11600000.0,83537.0,4367653.0,52284.1,140000.0,1018000.0,7271.4,39000.0,200000.0,,85000.0
528,Netherlands (Kingdom of the),2008,50200.0,310200.0,6179.3,124312.0,3890000.0,,,,,,,721699.0,96700.0,44340.0,355000.0,37845.0,10278700.0,627000.0,16568.0,272.0,1964000.0,378383.0,193.0,465190.0,693000.0,1490.0,102502.0,1334.0,13.0,14505012.0,1317705.0,91.0,655706.0,13558.0,21.0,1491.0,7248.0,4861.2,151900.0,6922700.0,45574.1,2114.0,8200.0,3878.9,1213000.0,68000.0,,11900000.0,87518.0,4618484.23,52771.5,156500.0,1366162.0,8729.5,18025.0,200000.0,,105000.0
528,Netherlands (Kingdom of the),2009,44455.0,309619.0,6964.8,117180.0,3967600.0,,,,,,,712094.0,96860.0,35510.0,374180.0,33116.0,9836000.0,638000.0,19266.0,297.0,2088000.0,401752.0,192.0,472573.0,763541.0,1616.0,81071.0,1056.0,13.0,13815660.0,1274980.0,92.0,670857.0,14190.0,21.0,1569.0,9632.0,6138.9,154971.0,7180981.0,46337.6,3188.0,12000.0,3764.1,1116610.0,68000.0,,12186450.0,84338.0,4744380.17,56254.5,150888.0,1402040.0,9291.9,7000.0,200000.0,,118000.0
528,Netherlands (Kingdom of the),2010,33352.0,204444.0,6129.9,181430.0,3975190.0,,,,18670.0,0.0,,752640.0,101248.0,19750.0,352830.0,47904.0,10177000.0,670000.0,13986.0,212.0,2057000.0,388610.0,189.0,479016.0,781454.0,1631.0,104929.0,1363.0,13.0,13943600.0,1294000.0,93.0,581705.0,13165.0,23.0,1683.0,7847.0,4662.5,156969.0,6843529.0,43598.0,3520.0,13336.28,3788.7,1129500.0,54130.0,,12254970.0,87796.0,4786957.15,54523.3,153723.0,1369553.0,8909.2,0.0,143680.0,347290.0,135457.0
528,Netherlands (Kingdom of the),2011,33862.0,204702.0,6045.2,186690.0,3885350.0,,,,18830.0,0.0,,749680.0,96919.0,6750.0,380350.0,44450.0,10485000.0,692000.0,15568.0,236.0,2029000.0,381559.0,188.0,505632.0,840922.0,1663.0,143758.0,1870.0,13.0,14593700.0,1347166.0,92.0,585800.0,12862.0,22.0,1458.0,8409.0,5767.5,159233.0,7333472.0,46055.0,2263.0,8942.46,3951.6,1088490.0,51370.0,,12429140.0,87312.0,5057024.11,57919.0,151041.0,1175275.0,7781.2,0.0,117450.0,354420.0,131450.0
528,Netherlands (Kingdom of the),2012,29844.0,205912.0,6899.6,195110.0,3879250.0,,,,19780.0,0.0,,764160.0,95273.0,9080.0,396730.0,42810.0,10182000.0,672000.0,15697.0,238.0,1933700.0,373531.0,193.0,535546.0,888521.0,1659.0,117800.0,1531.0,13.0,14317700.0,1331731.0,93.0,584500.0,13002.0,22.0,1739.0,10380.0,5968.9,149770.0,6765618.0,45173.4,2629.0,9914.82,3771.3,1042760.0,54910.0,,12233650.0,82042.0,4741200.0,57789.9,151625.0,1302002.0,8587.0,0.0,136840.0,371270.0,121138.0
528,Netherlands (Kingdom of the),2013,29607.0,208084.0,7028.2,199190.0,3999220.0,,,,21180.0,0.0,,793490.0,97719.0,9210.0,412550.0,44816.0,10591000.0,699000.0,15597.0,236.0,1957780.0,379100.0,194.0,551886.0,920794.0,1668.0,125650.0,1633.0,13.0,14013580.0,1306950.0,93.0,550220.0,12115.0,22.0,1870.0,10426.0,5575.4,155822.0,6576860.0,42207.5,2751.0,10116.1,3677.2,1033570.0,54120.0,,12212300.0,83822.0,4806389.55,57340.5,152737.0,1335105.0,8741.2,0.0,149230.0,360350.0,128291.0
528,Netherlands (Kingdom of the),2014,27613.0,196925.0,7131.6,206560.0,4169000.0,,,,21520.0,,,771920.0,103039.0,9000.0,441000.0,46570.0,11000000.0,726000.0,15589.0,236.0,1958180.0,376180.0,192.0,574324.0,956130.0,1665.0,124460.0,1620.0,13.0,14595890.0,1370890.0,94.0,565430.0,12660.0,22.0,1751.0,9925.0,5668.2,155502.0,7100258.0,45660.2,2919.0,11218.22,3842.7,1076000.0,54360.0,,12238000.0,84911.0,4941775.6,58199.8,142212.0,1304054.0,9169.8,0.0,140050.0,382190.0,139682.0
528,Netherlands (Kingdom of the),2015,32813.0,229233.0,6986.0,236000.0,4315000.0,,,,25000.0,0.0,,845000.0,106763.0,95000.0,468000.0,47684.0,11197000.0,660600.0,13854.0,235.0,1956890.0,382520.0,195.0,592146.0,985710.0,1665.0,112790.0,1470.0,13.0,15485070.0,1456220.0,94.0,559390.0,12980.0,23.0,1528.0,8163.0,5342.3,155661.0,6651692.0,42731.9,2424.0,9700.91,4002.4,1032000.0,57000.0,,12603000.0,88266.0,5091869.06,57687.9,142468.0,1300085.0,9125.5,0.0,127000.0,407775.0,135660.0
528,Netherlands (Kingdom of the),2016,34428.0,236231.0,6861.6,248000.0,4294000.0,,,,23000.0,,,888000.0,105620.0,70000.0,504000.0,46212.0,10848000.0,640000.0,13849.0,235.0,2096460.0,416060.0,198.0,624476.0,1036300.0,1659.0,139670.0,1810.0,13.0,15373890.0,1452840.0,95.0,551570.0,12550.0,23.0,1475.0,7078.0,4798.6,155594.0,6534338.0,41996.1,1676.0,6876.58,4103.8,1040000.0,70205.0,,12479000.0,89206.0,4973340.37,55751.1,127328.0,1016479.0,7983.2,0.0,121000.0,372221.0,165658.0
528,Netherlands (Kingdom of the),2017,29720.0,204316.0,6874.7,248000.0,4030000.0,,,,22000.0,,,874000.0,105184.0,65000.0,532870.0,46442.0,10902000.0,643000.0,13845.0,235.0,2164400.0,440639.0,204.0,621653.0,1034319.0,1664.0,136900.0,1780.0,13.0,15169000.0,1455677.0,96.0,536800.0,12336.0,23.0,1455.0,6728.0,4624.1,160791.0,7391881.0,45972.0,2196.0,8892.79,4048.9,798830.0,55000.0,,12409000.0,93178.0,5431081.35,58287.0,115923.0,1054151.0,9093.5,0.0,162000.0,366985.0,184146.0
528,Netherlands (Kingdom of the),2018,35970.0,247500.0,6880.7,247000.0,3690000.0,920.0,,,22000.0,,,880000.0,105104.0,54554.81,518000.0,47302.0,,,,,2242750.0,459210.0,205.0,623520.0,1037790.0,1664.0,169810.0,2210.0,13.0,15914840.0,1535920.0,97.0,522410.0,11880.0,23.0,1410.0,6890.0,4886.5,164600.0,6025370.0,36606.1,2070.0,,,743000.0,59000.0,,11909000.0,86110.0,4680980.0,54360.5,111660.0,961920.0,8614.7,0.0,165000.0,343298.0,161381.0
528,Netherlands (Kingdom of the),2019,33390.0,242370.0,7258.8,229530.0,3721000.0,970.0,,,24140.0,,,921890.0,101741.0,66563.92,551000.0,44319.0,,,,,2123270.0,424300.0,200.0,622624.0,1036360.0,1665.0,173500.0,2260.0,13.0,16583820.0,1628290.0,98.0,566470.0,13270.0,23.0,1430.0,8360.0,5846.2,165730.0,6961230.0,42003.4,2800.0,,,758000.0,61390.0,,11921000.0,91530.0,5369410.0,58662.8,120550.0,1130530.0,9378.1,80190.0,185550.0,390830.0,177122.0
528,Netherlands (Kingdom of the),2020,38380.0,246190.0,6414.5,220710.0,3691000.0,1050.0,,,26870.0,0.0,,970570.0,101863.0,85000.0,557000.0,52635.0,,,,,2088560.0,432840.0,207.0,597529.0,995750.0,1666.0,200920.0,2610.0,13.0,16666090.0,1661650.0,100.0,685340.0,15930.0,23.0,1570.0,7580.0,4828.0,164500.0,7020060.0,42675.1,3450.0,,,710000.0,64140.0,,11541000.0,90340.0,5293140.0,58591.3,108910.0,931830.0,8556.0,101590.0,200660.0,393850.0,177605.0
528,Netherlands (Kingdom of the),2021,29670.0,196590.0,6625.9,217690.0,3705000.0,,,,25250.0,0.0,,957710.0,99887.0,50000.0,575000.0,43160.0,,,,,2093320.0,429640.0,205.0,520812.0,869380.0,1669.0,218740.0,2840.0,13.0,17236850.0,1719420.0,100.0,672380.0,15620.0,23.0,1380.0,7270.0,5268.1,159040.0,6675590.0,41974.3,3830.0,,,729000.0,73060.0,,10872000.0,97830.0,5622090.0,57468.0,118140.0,947250.0,8018.0,106620.0,173730.0,379859.0,116540.0
528,Netherlands (Kingdom of the),2022,36600.0,283230.0,7738.5,214250.0,3751000.0,,,,27870.0,0.0,,945340.0,97533.0,100000.0,570000.0,42239.0,,,,,2108740.0,421510.0,200.0,517709.0,863970.0,1669.0,204360.0,2660.0,13.0,16931840.0,1683580.0,99.0,664410.0,15910.0,24.0,1500.0,8590.0,5726.7,162300.0,6915900.0,42611.8,3200.0,15360.0,4800.0,723000.0,106410.0,,10706000.0,87000.0,4810030.0,55287.7,123800.0,1162860.0,9393.1,107000.0,158518.52,366969.0,88771.0
528,Netherlands (Kingdom of the),2023,35340.0,230510.0,6522.6,206700.0,3739000.0,960.0,,,28740.0,0.0,,989810.0,93004.0,103000.0,566000.0,52194.0,,,,,2142380.0,437390.0,204.0,509315.0,849620.0,1668.0,200700.0,2610.0,13.0,14713210.0,1463460.0,99.0,737270.0,18000.0,24.0,1660.0,6390.0,3849.4,155340.0,6491890.0,41791.5,1690.0,5960.0,3526.6,665000.0,115200.0,,10375000.0,85850.0,4758800.0,55431.6,129540.0,1096820.0,8467.0,107000.0,158518.52,362770.0,85172.0
554,New Zealand,2000,54500.0,302000.0,5541.3,343831.0,9015000.0,2740.0,11110.63,4055.1,,,,296745.0,13000.0,9000.0,182840.0,3210.0,768000.0,43007.0,13398.0,239.0,3517306.0,587457.0,167.0,65330.0,104490.0,1599.0,108767.0,1254.0,12.0,723876.0,46092.0,64.0,30859286.0,538270.0,17.0,8000.0,35400.0,4425.0,11816.0,500000.0,42315.5,20500.0,65000.0,3170.7,42260000.0,186904.0,,368754.0,47108.0,997977.31,21184.8,52500.0,326000.0,6209.5,,23387.0,1100.0,448717.0
554,New Zealand,2001,70192.0,365000.0,5200.0,391135.0,9281000.0,2715.0,12198.84,4492.3,,,,280615.0,13000.0,8500.0,163400.0,3210.0,784000.0,43898.0,13675.0,244.0,3274422.0,590911.0,180.0,67822.0,112177.0,1654.0,138539.0,1585.0,11.0,701730.0,46299.0,66.0,32105955.0,570841.0,18.0,5000.0,22394.0,4478.8,11214.0,500000.0,44587.1,13500.0,38700.0,2866.7,40010000.0,251421.0,,354489.0,45332.0,955274.04,21072.7,49000.0,364000.0,7428.6,,15510.0,1100.0,515695.0
554,New Zealand,2002,78097.0,440883.0,5645.3,414550.0,9652870.0,2587.0,13162.0,5087.7,,,,307000.0,20908.0,8500.0,153000.0,3217.0,815500.0,45667.0,14196.0,253.0,3411761.0,574304.0,168.0,72801.0,122176.0,1678.0,131297.0,1527.0,12.0,697881.0,44683.0,64.0,29170005.0,518323.0,18.0,7353.0,34986.0,4758.1,11082.0,500000.0,45118.2,11425.0,30457.0,2665.8,39572000.0,367000.0,,342015.0,44033.0,919876.79,20890.7,42187.0,301499.0,7146.7,,22600.0,1100.0,540000.0
554,New Zealand,2003,63402.0,371837.0,5864.8,405000.0,9728220.0,2400.0,12100.0,5041.7,,,,275000.0,20166.0,10500.0,179435.0,3058.0,824000.0,46124.0,15083.0,269.0,3748371.0,632120.0,169.0,79455.0,135301.0,1703.0,117267.0,1326.0,11.0,734579.0,46320.0,63.0,30605298.0,547491.0,18.0,5927.0,29934.0,5050.4,10931.0,500000.0,45741.5,10911.0,34502.0,3162.1,39552112.0,289000.0,,377249.0,46472.0,930423.36,20021.3,42600.0,318916.0,7486.3,,23000.0,1100.0,619000.0
554,New Zealand,2004,48503.0,226082.0,4661.2,390000.0,9599892.0,2731.0,16006.0,5860.9,,,,305000.0,18677.0,11500.0,141206.0,3176.0,856440.0,47940.0,15094.0,270.0,4211747.0,710348.0,169.0,83648.0,144686.0,1730.0,134307.0,1508.0,11.0,780069.0,50887.0,65.0,28224745.0,517103.0,18.0,7501.0,30844.0,4112.0,11080.0,500000.0,45126.4,14042.0,35214.0,2507.8,39271336.0,294000.0,,388640.0,43933.0,936922.25,21326.0,39062.0,255860.0,6550.1,,23000.0,1100.0,628000.0
554,New Zealand,2005,49825.0,302023.0,6061.7,379000.0,9510802.0,1700.0,11500.0,6764.7,,,,297000.0,19056.0,11000.0,144000.0,3434.0,909000.0,50882.0,14817.0,265.0,3892014.0,663435.0,170.0,89651.0,156390.0,1744.0,129014.0,1442.0,11.0,768860.0,50901.0,66.0,28825373.0,532846.0,18.0,5000.0,28714.0,5742.8,10850.0,500000.0,46082.9,11158.0,31868.0,2856.1,39879660.0,225000.0,,341465.0,44772.0,914293.45,20421.1,39415.0,318947.0,8092.0,,22000.0,1100.0,585000.0
554,New Zealand,2006,47078.0,277020.0,5884.3,390000.0,9608693.0,1200.0,5700.0,4750.0,,,,292000.0,17243.0,9500.0,131033.0,3011.0,910000.0,51000.0,16938.0,302.0,3681264.0,639975.0,174.0,86585.0,150781.0,1741.0,121426.0,1364.0,11.0,764043.0,51074.0,67.0,29720266.0,542759.0,18.0,6278.0,28478.0,4536.2,11717.0,501000.0,42758.4,8510.0,24006.0,2820.9,40081594.0,260000.0,,355501.0,43156.0,976374.8,22624.4,37962.0,261798.0,6896.3,,22000.0,600.0,611000.0
554,New Zealand,2007,51481.0,355627.0,6907.9,419000.0,9654467.0,2267.0,13709.0,6047.2,,,,308000.0,19660.0,12000.0,111981.0,2994.0,832000.0,46598.0,15564.0,278.0,3687538.0,631690.0,171.0,84425.0,144973.0,1717.0,131963.0,1525.0,12.0,737939.0,50321.0,68.0,32222285.0,578701.0,18.0,5773.0,27531.0,4768.9,10050.0,480000.0,47761.2,6693.0,22900.0,3421.5,38460476.0,270000.0,,366671.0,41833.0,987205.08,23598.6,40538.0,344434.0,8496.6,,22000.0,600.0,653000.0
554,New Zealand,2008,67435.0,408730.0,6061.1,418500.0,9715312.0,2189.0,16187.0,7394.7,,,,288000.0,19733.0,14000.0,95731.0,3405.0,950000.0,53200.0,15624.0,279.0,3686619.0,631020.0,171.0,83239.0,145909.0,1753.0,117040.0,1294.0,11.0,763212.0,51703.0,68.0,33569362.0,597458.0,18.0,5159.0,25463.0,4935.6,11000.0,505000.0,45909.1,6981.0,21910.0,3138.5,34087864.0,320000.0,,324594.0,40850.0,955585.84,23392.5,42326.0,343350.0,8112.0,,25000.0,700.0,677000.0
554,New Zealand,2009,77669.0,435270.0,5604.2,413000.0,9961494.0,2200.0,14000.0,6363.6,,,,308000.0,18065.0,21000.0,82229.0,3321.0,925000.0,51800.0,15598.0,279.0,3926112.0,637664.0,162.0,79136.0,139081.0,1757.0,105263.0,1165.0,11.0,699400.0,47338.0,68.0,27642556.0,511431.0,19.0,7425.0,33703.0,4539.1,11398.0,545000.0,47815.4,8123.0,22646.0,2787.9,32383588.0,415000.0,,322788.0,43762.0,938574.87,21447.3,53854.0,403463.0,7491.8,,21000.0,800.0,768000.0
554,New Zealand,2010,52340.0,308298.0,5890.3,392000.0,9863972.0,2008.0,11688.0,5820.7,,,,268000.0,18525.0,22000.0,95281.0,3350.0,934000.0,53082.05,15845.0,279.0,3817394.0,638013.0,167.0,81879.0,143436.0,1752.0,109860.0,1229.0,11.0,688907.0,46666.0,68.0,25331839.0,474141.0,19.0,8889.0,47608.0,5355.8,10590.0,525000.0,49575.1,13420.0,40894.0,3047.2,32562612.0,360000.0,,335114.0,40437.0,905142.94,22384.0,54762.0,444890.0,8124.1,,21000.0,723.63,947050.0
554,New Zealand,2011,64868.0,367958.0,5672.4,459000.0,10020917.0,1727.0,9528.0,5517.1,,,,270000.0,18622.0,21000.0,85970.0,3276.0,912500.0,52300.0,15965.0,279.0,3914666.0,618211.0,158.0,85144.0,149055.0,1751.0,114556.0,1259.0,11.0,722041.0,49467.0,69.0,23761697.0,452041.0,19.0,6070.0,28466.0,4689.6,10724.0,526662.41,49110.6,12942.0,36974.0,2856.9,31132328.0,366000.0,,326788.0,42692.0,891757.22,20888.4,52604.0,383262.0,7285.8,,21000.0,739.58,844000.0
554,New Zealand,2012,65703.0,438789.0,6678.4,344150.0,10180093.0,2063.0,11744.0,5692.7,,,,321000.0,19097.0,30000.0,90096.0,3255.0,955000.0,51100.0,15701.0,293.0,3856466.0,607044.0,157.0,92503.0,167190.0,1807.0,99512.0,1079.0,11.0,729319.0,50591.0,69.0,23339651.0,456339.0,20.0,3885.0,18118.0,4663.6,11578.0,562359.78,48571.4,7566.0,23013.0,3041.6,31262715.0,350000.0,,313703.0,44416.0,978495.25,22030.4,54750.0,488614.0,8924.5,,24500.0,812.88,1250000.0
554,New Zealand,2013,61328.0,416478.0,6791.0,390000.0,10182122.0,1518.0,9059.91,5968.3,,,,311000.0,19094.0,31000.0,79977.0,3193.0,955847.0,53000.0,16599.0,299.0,4041051.0,627174.0,155.0,93308.0,167607.0,1796.0,114700.0,1240.0,11.0,682215.0,47159.0,69.0,25021082.0,480619.0,19.0,5444.0,28225.0,5184.6,10464.0,506863.91,48440.4,7702.0,26379.95,3425.0,30786761.0,360000.0,,297724.0,43413.0,951653.88,21920.9,49180.0,447799.0,9105.3,,24500.0,825.3,1205000.0
554,New Zealand,2014,59337.0,405747.0,6838.0,568500.0,10368188.0,1151.0,6793.0,5901.8,,,,325000.0,20278.0,39000.0,97370.0,3451.0,1010636.0,54000.0,15648.0,293.0,4294873.0,625675.0,146.0,103002.0,187704.0,1822.0,120331.0,1299.0,11.0,675751.0,47771.0,71.0,25133511.0,487142.0,19.0,6662.0,34741.0,5214.8,9163.0,446394.74,48717.1,8074.0,29248.3,3622.7,29803402.0,515560.29,,286971.0,43969.0,1017245.77,23135.5,47932.0,413497.0,8626.7,,24500.0,919.38,1455583.0
554,New Zealand,2015,64164.0,437144.0,6812.9,569500.0,10032763.0,1435.0,8544.0,5954.0,,,,374000.0,21135.0,51400.0,74718.0,3452.0,1026296.0,57472.58,16649.0,297.0,4753025.0,675844.0,142.0,106964.0,190621.0,1782.0,116250.0,1255.0,11.0,638586.0,45632.0,71.0,25342180.0,487149.0,19.0,5803.0,29119.0,5017.9,9266.0,456404.95,49257.0,7344.0,24056.05,3275.6,29120827.0,514533.93,,268300.0,42909.0,988030.5,23026.3,47685.0,413533.0,8672.2,,29210.34,922.3,1454000.0
554,New Zealand,2016,51892.0,364186.0,7018.2,560600.0,10151854.0,2529.0,15985.0,6320.7,,,,360000.0,22744.0,70400.0,112385.0,3666.0,1075087.0,60204.87,16422.0,293.0,4763321.0,673070.0,141.0,110029.0,210849.0,1916.0,127402.0,1400.0,11.0,617734.0,43846.0,71.0,24776360.0,480607.0,19.0,8428.0,46645.0,5534.5,9506.0,472344.94,49690.4,7707.0,26561.44,3446.6,27583673.0,414000.0,,254607.0,40866.0,973623.11,23824.5,49945.0,459349.0,9197.1,,28314.62,909.61,1330000.0
554,New Zealand,2017,41967.0,297598.9,7091.2,491100.0,10145902.0,4127.0,23644.3,5728.8,,,,378000.0,23763.0,99000.0,98812.0,3775.0,1116253.0,62510.17,16559.0,296.0,4383393.0,641745.0,146.0,118245.0,220983.0,1869.0,118543.0,1416.0,12.0,657084.0,46741.0,71.0,22937020.0,450868.0,20.0,6070.0,34983.4,5763.3,9450.0,472183.09,49966.5,7708.0,26621.93,3453.8,27526537.0,402000.0,,273860.0,35716.0,907976.96,25422.3,41075.0,405182.3,9864.4,,30448.9,902.86,1380000.0
554,New Zealand,2018,56271.0,379704.28,6747.7,502000.0,10106803.0,1888.0,10769.86,5705.9,,,,380000.0,24162.0,96650.0,88255.0,3693.0,1105793.0,61924.41,16768.0,299.0,4373578.0,672351.69,154.0,125496.0,240426.0,1916.0,164267.0,1827.1,11.0,527411.0,47443.0,90.0,23539937.0,468480.78,20.0,4332.0,24286.41,5606.9,9895.0,496649.81,50193.2,7586.0,25746.47,3393.9,27295749.0,390000.0,,287051.0,35728.0,908787.48,25436.5,41411.0,371026.79,8959.6,,30562.81,3030.0,1420000.0
554,New Zealand,2019,55457.0,383651.0,6918.0,500000.0,10150891.0,2848.0,16799.72,5898.9,,,,365000.0,24721.0,126000.0,93606.0,3941.0,1120659.0,62756.9,15924.0,284.0,4503085.0,712783.54,158.0,120744.0,225674.0,1869.0,166455.0,1833.65,11.0,622754.0,45884.0,74.0,22201865.0,448861.72,20.0,4694.0,26824.0,5714.5,10317.0,519033.21,50308.5,7652.0,26289.86,3435.6,26821846.0,375000.0,,255934.0,36117.0,935162.56,25892.3,44971.0,398092.0,8852.2,,29384.02,3091.25,1490000.0
554,New Zealand,2020,45145.0,337666.0,7479.6,483859.13,10082788.0,2653.0,17071.29,6433.5,,,,350000.0,24849.0,135000.0,96416.0,4145.0,1217222.0,68164.43,16445.0,294.0,4624323.0,726536.58,157.0,118702.0,217195.0,1830.0,179322.0,1995.05,11.0,637535.0,45425.0,71.0,22922983.0,459544.24,20.0,4000.0,23264.0,5816.0,10901.0,552296.43,50664.7,7649.0,26219.42,3427.9,26028935.0,362000.0,,234533.0,34593.0,894515.32,25858.0,45680.0,453749.0,9933.2,,29479.94,3098.2,1570000.0
554,New Zealand,2021,44200.0,325057.0,7354.2,422687.22,10150246.0,2463.0,14868.96,6037.0,,,,380000.0,25675.0,168113.75,116666.0,4147.0,1214032.0,67985.79,16395.0,293.0,4730307.0,754463.0,159.0,120739.0,224398.0,1859.0,178556.0,2025.0,11.0,633530.0,45082.0,71.0,21832359.0,441947.0,20.0,4600.0,24805.0,5392.4,10901.0,557457.19,51138.2,7629.0,26085.25,3419.2,25732889.0,330000.0,,248717.0,34729.0,905346.26,26069.2,43536.0,422831.0,9712.2,,26339.5,3077.24,1600000.0
554,New Zealand,2022,48171.0,329728.0,6844.9,459000.0,9751189.0,2655.0,14740.4,5552.4,,,,375000.0,24756.0,155000.0,88428.0,3816.0,1118632.0,62643.39,16416.0,293.0,4582463.0,720576.0,157.0,120302.0,217094.0,1805.0,156215.0,1778.0,11.0,631084.0,45008.0,71.0,21155107.0,426443.0,20.0,5500.0,32991.0,5998.4,8424.0,428404.16,50855.2,7643.0,26198.18,3427.6,25132697.0,390000.0,,275291.0,31406.0,795583.22,25332.3,42871.0,402557.0,9390.0,,30299.56,2981.96,1400000.0
554,New Zealand,2023,50054.0,357882.0,7149.9,462400.0,9538661.0,2590.0,14864.0,5738.1,,,,375000.0,25274.0,172300.0,88428.0,4018.0,1114857.0,62431.99,15538.0,277.0,4635418.0,744249.0,161.0,121293.0,222764.0,1837.0,116032.0,1263.0,11.0,622689.0,44784.0,72.0,21087823.0,429940.0,20.0,4235.0,30259.0,7145.0,8424.0,430303.5,51080.7,7640.0,26167.62,3424.9,24359267.0,390000.0,,249796.0,31404.0,797629.88,25398.6,40506.0,391615.0,9668.1,,30298.89,7200.0,1400000.0
616,Poland,2000,1095998.0,2783359.0,2539.6,161600.0,6082549.0,,,,,110.0,,475200.0,48274.0,198300.0,190000.0,43389.0,7621308.0,423745.0,9766.0,176.0,1975000.0,348500.0,176.0,387000.0,560000.0,1447.0,70310.0,,,22646600.0,1923000.0,85.0,55000.0,1300.0,24.0,565632.0,1070210.0,1892.1,1250623.0,24232376.0,19376.2,140804.0,264776.0,1880.5,361582.0,139000.0,,17121982.0,250164.0,5998377.62,23977.8,2635097.0,8502865.0,3226.8,,12950.0,0.0,31000.0
616,Poland,2001,1071154.0,3330484.0,3109.2,178900.0,5734339.0,,,,,110.0,,510000.0,50694.0,204900.0,190000.0,42649.0,8081077.0,449308.0,10535.0,189.0,1889000.0,316300.0,167.0,458000.0,668000.0,1459.0,67004.0,,,21953300.0,1849100.0,84.0,58000.0,1300.0,22.0,531010.0,1305195.0,2457.9,1194232.0,19378860.0,16227.0,109179.0,211920.0,1941.0,343385.0,151000.0,,17105558.0,246316.0,5685249.16,23081.1,2627047.0,9283044.0,3533.6,,0.0,380.0,34000.0
616,Poland,2002,1050714.0,3369850.0,3207.2,183600.0,5532728.0,,,,,95.0,,535000.0,175075.0,214800.0,190000.0,45075.0,8924468.0,496200.0,11008.0,198.0,1920000.0,281300.0,147.0,500000.0,761000.0,1522.0,63698.0,,,23035100.0,2023300.0,88.0,50000.0,1100.0,22.0,605175.0,1486560.0,2456.4,803378.0,15522842.0,19322.0,99551.0,228895.0,2299.3,345280.0,150000.0,,18628910.0,186090.0,5472609.65,29408.3,2414175.0,9304000.0,3853.9,,28000.0,0.0,40000.0
616,Poland,2003,1016150.0,2831485.0,2786.5,194000.0,5488943.0,1746.0,3212.0,1839.6,,90.0,,548000.0,133395.0,217400.0,192470.0,48611.0,9167680.0,509723.0,10486.0,189.0,1950000.0,317400.0,163.0,435485.0,637026.0,1463.0,61176.0,,,25275100.0,2190300.0,87.0,60000.0,1400.0,23.0,526897.0,1181888.0,2243.1,765771.0,13731500.0,17931.6,108500.0,238580.0,2198.9,337792.0,149000.0,,18605266.0,204025.0,5226164.12,25615.3,2308045.0,7858160.0,3404.7,,35000.0,0.0,43000.0
616,Poland,2004,1013903.0,3570787.0,3521.8,206000.0,5353421.0,1265.0,2908.0,2298.8,,120.0,,579800.0,119811.0,235700.0,175759.0,52541.0,9249666.0,514281.0,9788.0,176.0,1950000.0,310500.0,159.0,459664.0,704418.0,1532.0,52806.0,,,23104200.0,1956000.0,85.0,85078.0,1700.0,20.0,519734.0,1430468.0,2752.3,713250.0,13998654.0,19626.6,98566.0,245515.0,2490.9,317585.0,146500.0,,16987900.0,212975.0,5739987.55,26951.4,2310742.0,9892482.0,4281.1,,35000.0,0.0,43000.0
616,Poland,2005,1113143.0,3581156.0,3217.2,209000.0,5483290.0,1306.0,2971.0,2274.9,,90.0,,605500.0,113488.0,266000.0,141475.0,51153.0,9640201.0,535995.0,10478.0,188.0,1257518.0,309500.0,246.0,501354.0,795824.0,1587.0,40044.0,,,22525704.0,1955500.0,87.0,49864.0,1200.0,24.0,539211.0,1324134.0,2455.7,588184.0,10369253.0,17629.3,109138.0,233901.0,2143.2,315963.0,160000.0,,18112379.0,227004.0,5617734.16,24747.3,2218093.0,8771434.0,3954.5,5400.0,58100.0,0.0,48000.0
616,Poland,2006,1220596.0,3161041.0,2589.8,201500.0,5606358.0,1708.0,2880.0,1686.2,,65.0,,579620.0,111653.0,294000.0,130369.0,47746.0,9662441.0,537232.0,11252.0,202.0,1444527.0,362900.0,251.0,547542.0,824379.0,1506.0,34632.0,,,24246414.0,2097500.0,87.0,69409.0,1300.0,19.0,539074.0,1034720.0,1919.4,597230.0,8981976.0,15039.4,123124.0,235947.0,1916.3,300802.0,140000.0,,18880558.0,236591.0,5406133.66,22850.1,2175725.0,7059671.0,3244.7,8250.0,75600.0,0.0,40000.0
616,Poland,2007,1232373.0,4008096.0,3252.3,201800.0,5696186.0,2936.0,6728.0,2291.6,,65.0,,594140.0,123682.0,286000.0,143929.0,49509.0,9833600.0,546748.0,11043.0,199.0,1540360.0,379500.0,246.0,580291.0,896474.0,1545.0,35729.0,,,24769100.0,2150700.0,87.0,65127.0,1500.0,23.0,582556.0,1462349.0,2510.2,569600.0,11791072.0,20700.6,136248.0,271108.0,1989.8,331919.0,132000.0,,18128509.0,222805.0,5894986.23,26458.1,2111982.0,8317265.0,3938.1,27000.0,84000.0,0.0,38000.0
616,Poland,2008,1206560.0,3619460.0,2999.8,196900.0,5756639.0,1945.0,3821.0,1964.5,,55.0,,594000.0,114266.0,296000.0,136114.0,50724.0,10462950.0,581740.0,11469.0,206.0,1672681.0,393400.0,235.0,559167.0,729842.0,1305.0,31420.0,,,22359600.0,1920400.0,86.0,91368.0,1400.0,15.0,550617.0,1262390.0,2292.7,548884.0,10462100.0,19060.7,113431.0,231140.0,2037.7,323635.0,132000.0,,15425320.0,203387.0,5393302.1,26517.5,2277950.0,9274920.0,4071.6,15000.0,102200.0,0.0,50000.0
616,Poland,2009,1157000.0,3983900.0,3443.3,175800.0,5700017.0,2585.0,6617.0,2559.8,,55.0,,633470.0,114540.0,295000.0,118842.0,49396.0,10881196.0,604994.0,12248.0,220.0,1669259.0,396900.0,238.0,629108.0,1059783.0,1685.0,27714.0,,,20062224.0,1735700.0,87.0,85133.0,1200.0,14.0,525300.0,1415400.0,2694.5,507952.0,9702800.0,19101.8,120064.0,272513.0,2269.7,286376.0,132000.0,,14278647.0,212152.0,5812586.78,27398.3,2346200.0,9789586.0,4172.5,1950.0,116165.0,0.0,38000.0
616,Poland,2010,970693.0,3397171.0,3499.7,138460.0,5742094.0,16333.0,29560.0,1809.8,180.0,62.0,,666410.0,153278.0,235910.0,107206.0,52374.0,11124031.0,618496.0,11809.0,212.0,1609153.0,400900.0,249.0,672287.0,1123000.0,1670.0,19234.0,,,21256676.0,1894800.0,89.0,57311.0,1100.0,19.0,574131.0,1516542.0,2641.5,400696.0,8448180.0,21083.8,169427.0,355861.0,2100.4,261129.0,79120.0,,15244385.0,165970.0,5113402.0,30809.2,2124222.0,9408110.0,4429.0,284850.0,129520.0,40700.0,23910.0
616,Poland,2011,1018000.0,3325900.0,3267.1,141520.0,5761878.0,5053.0,10812.0,2139.7,250.0,10.0,,675570.0,139964.0,232280.0,111824.0,47059.0,10372504.0,576711.0,12255.0,220.0,1619199.0,391200.0,242.0,700993.0,1162000.0,1658.0,17600.0,,,22055910.0,1936300.0,88.0,67116.0,1100.0,16.0,546200.0,1381600.0,2529.5,406439.0,9361848.0,23033.8,166617.0,359245.0,2156.1,250966.0,96860.0,,13508654.0,184480.0,5801702.0,31448.9,2258700.0,9339200.0,4134.8,452620.0,135040.0,37720.0,24620.0
616,Poland,2012,1160600.0,4180200.0,3601.8,164730.0,5776767.0,3420.0,7788.0,2277.2,180.0,10.0,,721300.0,112477.0,244020.0,89942.0,52455.0,9536480.0,530228.0,10108.0,182.0,1554191.0,382900.0,246.0,783837.0,1411000.0,1800.0,17663.0,,,20604816.0,1848600.0,90.0,48793.0,900.0,18.0,513800.0,1467900.0,2856.9,373000.0,9091900.0,24375.1,217620.0,511745.0,2351.6,266798.0,105040.0,,11581298.0,181070.0,5666026.81,31291.9,2077200.0,8607600.0,4143.8,446740.0,168040.0,36530.0,28370.0
616,Poland,2013,819994.0,2933579.0,3577.6,161030.0,5859540.0,8879.0,18608.0,2095.7,440.0,10.0,,731820.0,117054.0,245180.0,81727.0,49893.0,10041913.0,558330.0,11191.0,201.0,1369790.0,373900.0,273.0,827221.0,1517300.0,1834.0,16102.0,,,20278472.0,1775500.0,88.0,48459.0,900.0,19.0,433812.0,1190039.0,2743.2,346134.0,7290427.0,21062.4,179675.0,398410.0,2217.4,249481.0,98100.0,,11162472.0,148478.0,5240397.06,35294.2,2137868.0,9485183.0,4436.7,378810.0,187890.0,36330.0,30840.0
616,Poland,2014,808280.0,3274826.0,4051.6,167170.0,5920411.0,8685.0,17876.0,2058.3,530.0,40.0,,743170.0,129861.0,248250.0,81727.0,41769.0,10255297.0,570195.0,13651.0,246.0,1656740.0,446300.0,269.0,824368.0,1468615.61,1782.0,16181.0,,,21665978.0,1864500.0,86.0,55572.0,1300.0,23.0,478572.0,1458623.0,3047.9,276927.0,7689180.0,27766.1,250004.0,580262.0,2321.0,222795.0,145600.0,,11724056.0,178361.0,5876549.07,32947.5,2338782.0,11628670.0,4972.1,434490.0,172470.0,35830.0,35180.0
616,Poland,2015,839265.0,2960662.0,3527.7,187820.0,5960693.0,5294.0,6619.0,1250.3,620.0,50.0,,772000.0,146123.0,253430.0,81727.0,45629.0,10473911.0,582349.0,12763.0,230.0,1706784.0,486700.0,285.0,818252.0,1465638.54,1791.0,8238.0,,,21748332.0,1976000.0,91.0,39858.0,700.0,18.0,460695.0,1219620.0,2647.3,300355.0,6313669.0,21020.7,442045.0,801360.0,1812.8,227554.0,140040.0,,11639790.0,181446.0,5070031.09,27942.4,2395451.0,10957787.0,4574.4,404340.0,188670.0,35430.0,31240.0
616,Poland,2016,915321.0,3441090.0,3759.4,204360.0,5939046.0,2383.0,2539.0,1065.5,,46.93,,805210.0,169033.0,258440.0,44204.0,47073.0,10599598.0,589338.0,12520.0,225.0,1784239.0,512000.0,287.0,813371.0,1483851.38,1824.0,1016.0,,,22098424.0,2008800.0,91.0,35110.0,700.0,20.0,472475.0,1358079.0,2874.4,309896.0,8872445.0,28630.4,328742.0,623180.0,1895.7,239138.0,142550.0,,10865318.0,184337.0,5896362.94,31986.9,2364078.0,10827902.0,4580.2,458230.0,165500.0,32840.0,31260.0
616,Poland,2017,953784.0,3793032.0,3976.8,213720.0,6143083.0,2420.0,3022.0,1248.8,,53.41,,839860.0,177640.0,261460.0,44204.0,50160.0,10998161.0,594560.0,11853.0,219.0,1934252.0,569200.0,294.0,797216.0,1472701.84,1847.0,1042.0,,,22188959.0,2032900.0,92.0,40963.0,900.0,22.0,491241.0,1464606.0,2981.4,329323.0,9171733.0,27850.3,347229.0,697943.0,2010.0,261224.0,144300.0,,11352719.0,183440.0,6001995.34,32719.1,2391853.0,11665702.0,4877.3,598130.0,164300.0,31680.0,27030.0
616,Poland,2018,975740.0,2991560.0,3065.9,222660.0,6183300.0,96240.0,120770.0,1254.9,770.0,58.35,,854770.0,182200.0,253690.0,44204.0,56334.0,10139592.0,,,180.0,1943600.0,564840.0,291.0,1152391.0,2079900.0,1805.0,1110.0,20.0,18.0,22753710.0,2093200.0,92.0,61093.0,1000.0,16.0,497220.0,1144360.0,2301.5,290970.0,7311960.0,25129.6,251980.0,457400.0,1815.2,276737.0,164080.0,,11027700.0,155550.0,4793080.0,30813.8,2417230.0,9637620.0,3987.1,550800.0,284830.0,31730.0,25000.0
616,Poland,2019,975290.0,3311570.0,3395.5,224450.0,6261600.0,93860.0,117530.0,1252.2,750.0,56.64,,867160.0,183121.0,253490.0,49900.0,53190.0,10292659.0,,,194.0,1854880.0,560500.0,302.0,1147406.0,2110670.0,1840.0,1290.0,20.0,16.0,21443710.0,1988840.0,93.0,67340.0,1130.0,17.0,495500.0,1209580.0,2441.1,302480.0,6481620.0,21428.3,269600.0,394300.0,1462.5,268540.0,155350.0,,11215500.0,155600.0,4606500.0,29604.8,2511330.0,10807490.0,4303.5,500020.0,288460.0,31070.0,29660.0
616,Poland,2020,676300.0,2948350.0,4359.5,243390.0,6278900.0,115250.0,169700.0,1472.5,,53.68,,893270.0,195825.0,258140.0,44204.0,55217.0,9969711.0,,,181.0,1852750.0,559460.0,302.0,1178807.0,2200280.0,1867.0,0.0,0.0,,20983590.0,1985120.0,95.0,66120.0,1090.0,16.0,506300.0,1646720.0,3252.5,226070.0,7859510.0,34765.8,345760.0,657400.0,1901.3,277850.0,163740.0,,11727400.0,139300.0,4757100.0,34150.0,2391000.0,12515060.0,5234.2,534920.0,309290.0,31140.0,27280.0
616,Poland,2021,721160.0,2961650.0,4106.8,232170.0,6378700.0,116640.0,181750.0,1558.2,,50.66,93865.28,919140.0,168629.0,260110.0,54091.0,45058.0,9271681.0,,,206.0,1866660.0,555220.0,297.0,1121028.0,2096770.0,1870.0,1950.0,40.0,21.0,21220390.0,1985810.0,94.0,69210.0,1140.0,16.0,527410.0,1625100.0,3081.3,235830.0,7081460.0,30027.8,320250.0,648760.0,2025.8,265277.0,153180.0,,10242400.0,136100.0,4933300.0,36247.6,2390520.0,11893550.0,4975.3,676760.0,323550.0,31780.0,28150.0
616,Poland,2022,639240.0,2782010.0,4352.1,247230.0,6448290.0,136340.0,218940.0,1605.8,,43.72,84681.58,925080.0,176580.0,264460.0,62580.0,49040.0,11913250.0,,,243.0,1790380.0,540680.0,302.0,1200098.0,2231610.0,1860.0,3020.0,70.0,23.0,19366080.0,1804960.0,93.0,69840.0,1210.0,17.0,466270.0,1500840.0,3218.8,196110.0,6030930.0,30752.8,400620.0,880620.0,2198.1,266370.0,151130.0,,9624250.0,123490.0,4832200.0,39130.3,2518440.0,13195120.0,5239.4,578700.0,315560.0,29800.0,27450.0
616,Poland,2023,647510.0,2850870.0,4402.8,264950.0,6267460.0,124570.0,193970.0,1557.1,,43.73,87986.67,975560.0,195145.0,262650.0,60897.0,49031.0,12853579.0,,,262.0,1723530.0,514770.0,299.0,1233209.0,2284950.0,1853.0,3160.0,60.0,19.0,19021410.0,1776140.0,93.0,75720.0,1340.0,18.0,497690.0,1503440.0,3020.8,188580.0,5590030.0,29642.8,398020.0,842280.0,2116.2,270492.0,159200.0,,9769700.0,118940.0,4642300.0,39030.6,2449330.0,12932390.0,5280.0,599470.0,157870.0,28780.0,24270.0
620,Portugal,2000,21766.0,36353.0,1670.2,24626.0,1421000.0,,,,1422.0,17322.0,,57530.0,32408.0,12671.0,630000.0,4865.0,2134400.0,117391.0,24130.0,439.0,417384.0,100787.0,241.0,172629.0,229561.0,1330.0,167887.0,2105.0,13.0,5068887.0,355422.0,70.0,1173662.0,24153.0,21.0,85034.0,112395.0,1321.8,57185.0,790276.0,13819.6,20053.0,22417.0,1117.9,3584000.0,10757.0,,2350000.0,75445.0,2125611.88,28174.3,226250.0,354710.0,1567.8,175.0,840.0,1000.0,9138.0
620,Portugal,2001,11769.0,12597.0,1070.4,24553.0,1414000.0,,,,1295.0,16602.0,,58627.0,33533.0,13313.0,489000.0,4983.0,2263100.0,124470.0,24979.0,454.0,397682.0,96312.0,242.0,177181.0,248303.0,1401.0,142568.0,1794.0,13.0,4831104.0,342609.0,71.0,1115355.0,22380.0,20.0,61344.0,38696.0,630.8,49314.0,738355.0,14972.5,18017.0,22440.09,1245.5,2842000.0,9300.0,,2014000.0,74737.0,2149881.11,28766.0,183488.0,153604.0,837.1,875.0,3150.0,1000.0,7724.0
620,Portugal,2002,11206.0,20022.0,1786.7,27491.0,1404000.0,,,,1230.0,16211.0,,58906.0,35000.0,14637.0,470000.0,4703.0,2271400.0,124927.0,26563.0,483.0,438823.0,106638.0,243.0,173433.0,243213.0,1402.0,163440.0,2005.0,12.0,5099122.0,355956.0,70.0,1134836.0,23884.0,21.0,57127.0,61466.0,1076.0,50184.0,811184.0,16164.2,16293.0,22390.2,1374.2,2812000.0,12364.0,,1964000.0,75779.0,2144097.44,28294.2,230686.0,413031.0,1790.4,400.0,3150.0,1000.0,9102.0
620,Portugal,2003,11505.0,13028.0,1132.4,26252.0,1395000.0,,,,1189.0,16360.0,,57431.0,35276.0,15758.0,444000.0,5293.0,1595790.0,125549.0,23720.0,301.0,433865.0,105772.0,244.0,152675.0,214286.0,1404.0,139284.0,1731.0,12.0,5232761.0,354875.0,68.0,1098350.0,22428.0,20.0,54101.0,39020.0,721.2,45866.0,737570.0,16081.0,15937.0,21686.0,1360.7,2775000.0,9093.0,,1886000.0,76022.0,2175771.16,28620.4,174307.0,149569.0,858.1,475.0,4200.0,1000.0,9360.0
620,Portugal,2004,15899.0,26248.0,1650.9,25976.0,1389000.0,,,,1717.0,16453.0,,57268.0,35846.0,16893.0,470000.0,5300.0,1583882.0,131683.0,24846.0,299.0,468788.0,119260.0,254.0,165073.0,229682.0,1391.0,128595.0,1575.0,12.0,5034392.0,340279.0,68.0,1070035.0,21994.0,21.0,55801.0,61317.0,1098.9,43665.0,742019.0,16993.5,14105.0,21622.26,1533.0,2868000.0,8103.0,,1967000.0,77755.0,2486228.23,31975.4,187432.0,292866.0,1562.5,150.0,3150.0,1000.0,9934.0
620,Portugal,2005,34338.0,26271.0,765.1,26971.0,1443000.0,,,,1753.0,16592.0,,56626.0,36167.0,17200.0,475000.0,5300.0,1597150.0,118148.0,22292.0,301.0,480684.0,119019.0,248.0,164816.0,232139.0,1408.0,114939.0,1364.0,12.0,5139394.0,352998.0,69.0,1087193.0,21990.0,20.0,53658.0,25151.0,468.7,37208.0,548007.0,14728.2,10987.0,19813.64,1803.3,2903000.0,6440.0,,1955000.0,76314.0,2352942.12,30832.2,122708.0,81530.0,664.4,0.0,700.0,1000.0,8776.0
620,Portugal,2006,44159.0,105552.0,2390.3,28694.0,1440800.0,,,,1715.0,16026.0,,55431.0,36190.0,17382.0,468000.0,5500.0,1718076.0,119118.0,21658.0,312.0,438997.0,106087.0,242.0,158538.0,224592.0,1417.0,130890.0,1563.0,12.0,5386636.0,365869.0,68.0,1117271.0,23356.0,21.0,53674.0,87108.0,1622.9,36961.0,595291.0,16105.9,10542.0,22216.95,2107.5,2839000.0,6981.0,,1917000.0,77948.0,2248211.83,28842.6,104660.0,249580.0,2384.7,300.0,3990.0,1000.0,9440.0
620,Portugal,2007,40480.0,80718.0,1994.0,27695.0,1452000.0,,,,1629.0,15387.0,,58431.0,35864.0,17367.0,439000.0,6000.0,1752853.0,121591.0,20265.0,292.0,374760.0,91743.0,245.0,172781.0,247391.0,1432.0,161088.0,1733.0,11.0,5770561.0,385864.0,67.0,1192632.0,24235.0,20.0,46064.0,62039.0,1346.8,37063.0,621490.0,16768.5,9999.0,22707.0,2270.9,2703000.0,5430.0,,1978000.0,80415.0,2517097.8,31301.3,54889.0,102258.0,1863.0,600.0,4410.0,1000.0,8988.0
620,Portugal,2008,43084.0,99827.0,2317.0,30355.0,1491000.0,,,,1650.0,14752.0,,55709.0,35144.0,16593.0,433000.0,6150.0,1784602.0,123515.0,20084.0,290.0,449442.0,108540.0,241.0,180400.0,257402.0,1427.0,143211.0,1495.0,10.0,5977054.0,404153.0,68.0,1104945.0,21503.0,19.0,55233.0,92422.0,1673.3,33525.0,528081.0,15751.9,7704.0,21971.0,2851.9,2558000.0,10031.0,,1955000.0,80916.0,2460357.24,30406.4,88279.0,203289.0,2302.8,1900.0,8575.0,1000.0,7590.0
620,Portugal,2009,40859.0,72799.0,1781.7,29263.0,1495000.0,,,,1619.0,13679.0,,53694.0,34012.0,17378.0,425000.0,6160.0,1794219.0,124184.0,20160.0,291.0,446082.0,102995.0,231.0,182544.0,269573.0,1477.0,148807.0,1551.0,10.0,5920892.0,395970.0,67.0,928193.0,17895.0,19.0,58447.0,70716.0,1209.9,28450.0,467807.0,16443.1,5841.0,21617.0,3701.0,2368000.0,12437.0,,1945000.0,83229.0,2671356.92,32096.6,72991.0,124146.0,1700.8,300.0,6300.0,1000.0,8419.0
620,Portugal,2010,20224.0,30620.0,1514.0,27180.0,1447000.0,,,,1570.0,4250.0,,58040.0,32233.0,18030.0,419000.0,6500.0,1884367.0,131123.0,20173.0,290.0,402297.0,93159.0,232.0,179607.0,272308.0,1516.0,146034.0,1517.0,10.0,5965601.0,407808.0,68.0,962088.0,18279.0,19.0,61748.0,66145.0,1071.2,25531.0,383835.0,15034.1,5490.0,15947.62,2904.8,2226000.0,8810.0,,1917000.0,82134.0,2751268.07,33497.4,57727.0,82577.0,1430.5,5330.0,16390.0,1000.0,7410.0
620,Portugal,2011,16627.0,21000.0,1263.0,27670.0,1503000.0,,,,1740.0,4360.0,,60470.0,30171.0,17860.0,413000.0,6130.0,1774601.0,122815.0,20035.0,289.0,414857.0,96003.0,231.0,180895.0,270206.0,1494.0,135205.0,1460.0,11.0,5887915.0,406814.0,69.0,928160.0,18183.0,20.0,52351.0,48255.0,921.8,26501.0,389798.0,14708.8,4865.0,8632.68,1774.3,2170000.0,7330.0,,1985000.0,47042.0,2012118.79,42772.4,42496.0,51003.0,1200.2,5390.0,18320.0,1000.0,6910.0
620,Portugal,2012,18342.0,21151.0,1153.1,28450.0,1497500.0,,,,1970.0,4700.0,,60050.0,28312.0,18440.0,404000.0,6200.0,1742285.0,120482.0,19433.0,281.0,408694.0,92988.0,228.0,179164.0,270320.0,1509.0,141017.0,1542.0,11.0,5541933.0,384182.0,69.0,854641.0,17524.0,21.0,41122.0,30506.0,741.8,25052.0,445649.0,17789.0,5226.0,8467.03,1620.2,2092000.0,8750.0,,2024000.0,48150.0,2151068.44,44674.0,54793.0,58990.0,1076.6,4970.0,15580.0,1000.0,5320.0
620,Portugal,2013,18383.0,32949.0,1792.4,25730.0,1471000.0,,,,2610.0,4520.0,,57390.0,26810.0,18760.0,398000.0,6250.0,1811023.0,125452.0,20072.0,290.0,364581.0,84011.0,230.0,179126.0,272533.0,1521.0,122997.0,1316.0,11.0,5177263.0,366414.0,71.0,857841.0,17755.0,21.0,50192.0,62632.0,1247.8,26758.0,487646.0,18224.3,4592.0,5784.78,1259.8,2074000.0,6200.0,,2014000.0,49127.0,1974996.58,40202.0,52176.0,92014.0,1763.5,7830.0,17640.0,1000.0,5200.0
620,Portugal,2014,17165.0,37914.0,2208.8,28110.0,1549000.0,,,,2600.0,4710.0,,60720.0,28411.0,19840.0,382000.0,6500.0,1900662.0,131858.0,20286.0,292.0,341124.0,79843.0,234.0,180591.0,274504.0,1520.0,108194.0,711.0,7.0,5371992.0,381656.0,71.0,887619.0,10222.0,12.0,50540.0,67443.0,1334.4,27214.0,539872.0,19838.0,4467.0,5951.26,1332.2,2033000.0,11820.0,,2127000.0,52410.0,2246939.48,42872.7,47826.0,98794.0,2065.7,9660.0,17330.0,0.0,4910.0
620,Portugal,2015,21170.0,44402.0,2097.4,32290.0,1606000.0,,,,2480.0,6070.0,,59030.0,30656.0,20240.0,373000.0,6556.0,2057182.0,144837.0,22091.0,314.0,363205.0,88645.0,244.0,189983.0,288387.0,1518.0,111207.0,1221.0,11.0,5638667.0,400296.0,71.0,893802.0,17622.0,20.0,40415.0,48971.0,1211.7,24622.0,486790.0,19770.5,5227.0,6258.88,1197.3,2043000.0,18930.0,,2247000.0,52945.0,2721422.12,51400.8,39736.0,80393.0,2023.2,7710.0,17130.0,0.0,8251.0
620,Portugal,2016,20622.0,46615.0,2260.5,30780.0,1635000.0,,,,2360.0,5020.0,,61720.0,33450.0,20450.0,347000.0,5917.0,2110942.0,139306.0,23544.0,357.0,377118.0,90704.0,241.0,194401.0,301572.0,1551.0,103868.0,1157.0,11.0,5706254.0,399674.0,70.0,833784.0,17085.0,20.0,42411.0,65774.0,1550.9,23296.0,451041.0,19361.3,5500.0,6644.92,1208.2,2068000.0,19440.0,,2151000.0,53753.0,2541433.27,47279.5,38199.0,90017.0,2356.5,6410.0,18390.0,0.0,5110.0
620,Portugal,2017,23200.0,55261.0,2381.9,32040.0,1670000.0,,,,2770.0,5570.0,,64250.0,37228.0,20510.0,340000.0,7800.0,2137482.0,141211.0,18104.0,274.0,377551.0,91187.0,242.0,200634.0,317918.0,1585.0,101083.0,1149.0,11.0,5473336.0,377866.0,69.0,792674.0,15803.0,20.0,35435.0,45856.0,1294.1,23735.0,515030.0,21699.2,5811.0,6801.14,1170.3,2225000.0,19820.0,,2165000.0,54118.0,2569032.51,47471.2,29019.0,59610.0,2054.2,5480.0,18600.0,0.0,6987.0
620,Portugal,2018,20530.0,62340.0,3036.5,31080.0,1632420.0,2000.0,3100.0,1550.0,3400.0,6370.0,,62600.0,,23060.0,332590.0,7327.0,2170209.0,142790.0,19488.0,296.0,383670.0,93790.0,244.0,202001.0,291720.0,1444.0,172290.0,1170.0,7.0,5883140.0,383220.0,65.0,1306210.0,15730.0,12.0,37330.0,57720.0,1546.2,20800.0,431690.0,20754.3,25413.0,21181.31,833.5,2207790.0,19792.0,,2205050.0,40130.0,1946800.0,48512.3,27030.0,70110.0,2593.8,3620.0,12640.0,0.0,7765.0
620,Portugal,2019,21940.0,71650.0,3265.7,30460.0,1674970.0,1180.0,1660.0,1406.8,3380.0,6610.0,,67840.0,,22330.0,316480.0,7197.0,2163185.0,141599.0,19675.0,301.0,369260.0,92030.0,249.0,204042.0,296010.0,1451.0,175320.0,1180.0,7.0,5891850.0,387920.0,66.0,1372910.0,16740.0,12.0,36580.0,51550.0,1409.2,17990.0,424290.0,23584.8,18000.0,,,2219780.0,22850.0,,2255870.0,40510.0,2158410.0,53280.9,28530.0,77070.0,2701.4,10000.0,20730.0,899.88,8581.0
620,Portugal,2020,19020.0,61950.0,3257.1,31870.0,1691320.0,1180.0,1540.0,1305.1,3300.0,6030.0,,64890.0,49307.0,25130.0,368420.0,7351.0,2233282.0,146234.0,19893.0,304.0,393310.0,97780.0,249.0,201877.0,297380.0,1473.0,163750.0,1090.0,7.0,5617880.0,379290.0,68.0,1214950.0,14590.0,12.0,37270.0,48630.0,1304.8,17530.0,409640.0,23367.9,18970.0,,,2303720.0,24030.0,,2251970.0,49470.0,2300660.0,46506.2,30140.0,83500.0,2770.4,10566.52,14606.44,0.0,9187.0
620,Portugal,2021,16560.0,49720.0,3002.4,31500.0,1640650.0,1180.0,1480.0,1254.2,3470.0,5380.0,,68530.0,,25190.0,364500.0,7271.0,2168457.0,141949.0,19523.0,298.0,416100.0,103000.0,248.0,206204.0,300040.0,1455.0,188170.0,1250.0,7.0,5812090.0,380290.0,65.0,1289360.0,15930.0,12.0,31370.0,39380.0,1255.3,16800.0,413320.0,24602.4,20410.0,,,2293410.0,25940.0,,2221020.0,53020.0,2756450.0,51988.9,28660.0,69440.0,2422.9,10263.48,15958.34,0.0,12003.0
620,Portugal,2022,11930.0,27780.0,2328.6,27490.0,1579140.0,1180.0,1120.0,949.2,3410.0,6520.0,,69780.0,,24850.0,352050.0,7482.0,2289515.0,149720.0,20011.0,306.0,426400.0,103760.0,243.0,217276.0,314170.0,1446.0,192130.0,1310.0,7.0,5802890.0,369720.0,64.0,1170560.0,14800.0,13.0,22990.0,21870.0,951.3,14510.0,319830.0,22042.0,23330.0,,,2269280.0,16870.0,,2183320.0,46860.0,2287470.0,48815.0,31050.0,61920.0,1994.2,10723.9,17589.64,0.0,12244.0
620,Portugal,2023,13780.0,26330.0,1910.7,31590.0,1527720.0,440.0,310.0,704.5,3320.0,5770.0,,65600.0,44098.0,25730.0,335620.0,10989.0,2323956.0,152426.0,13871.0,211.0,399090.0,98420.0,247.0,224007.0,322970.0,1442.0,167450.0,1100.0,7.0,5543250.0,356460.0,64.0,999310.0,12370.0,12.0,20390.0,14620.0,717.0,14480.0,325080.0,22450.3,29520.0,,,2216700.0,21910.0,,2181040.0,46080.0,2579500.0,55978.7,24740.0,34670.0,1401.4,10200.29,15510.44,,12440.0
642,Romania,2000,403482.0,867018.0,2148.8,6088.0,3051000.0,580.0,354.0,610.3,,12000.0,,29151.0,69143.0,,558000.0,32022.0,5257000.0,262850.0,8208.0,164.0,1395000.0,162000.0,116.0,249785.0,259414.0,1039.0,490000.0,3966.0,8.0,5759000.0,502337.0,87.0,5144840.0,49168.0,10.0,223940.0,243830.0,1088.8,281466.0,3469805.0,12327.6,38443.0,36929.0,960.6,8121000.0,6000.0,,5848000.0,247386.0,2795501.46,11300.2,1928328.0,4434438.0,2299.6,,,380.0,
642,Romania,2001,526132.0,1580048.0,3003.1,6530.0,2870000.0,1403.0,1465.0,1044.2,,10500.0,,28244.0,70076.0,,538000.0,33219.0,5524000.0,276200.0,8315.0,166.0,1418700.0,144558.0,102.0,213128.0,283898.0,1332.0,470000.0,3818.0,8.0,5233000.0,460109.0,88.0,4553860.0,48062.0,11.0,218760.0,382354.0,1747.8,276099.0,3997057.0,14476.9,35334.0,61207.0,1732.2,7657000.0,7700.0,,4797000.0,243775.0,3242497.0,13301.2,2540354.0,7735136.0,3044.9,,,380.0,
642,Romania,2002,549738.0,1160387.0,2110.8,6000.0,2800000.0,1754.0,1660.0,946.4,,17100.0,,26000.0,71413.0,,525100.0,34208.0,5771000.0,288550.0,8435.0,169.0,1237100.0,156106.0,126.0,232970.0,339897.0,1459.0,394000.0,3454.0,9.0,5314900.0,476168.0,90.0,3972700.0,50968.0,13.0,230894.0,327444.0,1418.2,282382.0,4077633.0,14440.1,42062.0,55318.0,1315.2,7251200.0,7700.0,,4447000.0,260167.0,3235906.06,12437.8,2148196.0,4420995.0,2058.0,,,380.0,
642,Romania,2003,317235.0,540849.0,1704.9,6000.0,2878000.0,2863.0,2383.0,832.3,,19500.0,,29500.0,77379.0,,633000.0,35496.0,6028000.0,301400.0,8491.0,170.0,1104000.0,185400.0,168.0,258848.0,344198.0,1330.0,490500.0,5400.0,11.0,6306000.0,532516.0,84.0,6115000.0,62100.0,10.0,238472.0,323060.0,1354.7,281868.0,3947177.0,14003.6,45666.0,60645.0,1328.0,7312000.0,7800.0,,5058000.0,265538.0,3651114.04,13749.9,1410944.0,2479052.0,1757.0,,,380.0,
642,Romania,2004,412007.0,1405996.0,3412.6,7154.0,2897000.0,3280.0,3280.0,1000.0,,21000.0,,32000.0,76616.0,,678000.0,44122.0,6702000.0,335100.0,7595.0,152.0,1016100.0,161618.0,159.0,179214.0,302928.0,1690.0,552066.0,6297.0,11.0,4585831.0,374039.0,82.0,5201642.0,66752.0,13.0,187450.0,447079.0,2385.1,254005.0,4230210.0,16654.0,70099.0,112331.0,1602.5,7447000.0,7800.0,,5145000.0,236393.0,3931234.14,16630.1,2246595.0,7812428.0,3477.5,,,380.0,
642,Romania,2005,471635.0,1079148.0,2288.1,8000.0,2808000.0,2523.0,2741.46,1086.7,,24000.0,,37000.0,87014.0,,661000.0,51889.0,7107000.0,355350.0,6848.0,137.0,1267423.0,190196.0,150.0,208740.0,308639.0,1479.0,464388.0,3095.0,7.0,5376388.0,436424.0,81.0,5101919.0,48688.0,10.0,213163.0,377456.0,1770.7,285312.0,3738594.0,13103.5,70335.0,80913.0,1150.4,7425000.0,7800.0,,6495000.0,228280.0,2940227.91,12879.9,2448129.0,7340664.0,2998.5,,,570.0,
642,Romania,2006,326419.0,772929.0,2367.9,8000.0,2862000.0,1650.0,1802.0,1092.1,,24000.0,,43000.0,86552.0,,687000.0,49725.0,7133000.0,356650.0,7172.0,143.0,1156344.0,159313.0,138.0,184365.0,273305.0,1482.0,489811.0,3253.0,7.0,5469179.0,451832.0,83.0,5151147.0,41993.0,8.0,195542.0,346918.0,1774.1,283089.0,4015899.0,14186.0,75828.0,71574.0,943.9,7611000.0,7800.0,,6622000.0,243458.0,3499271.0,14373.2,1992358.0,5526190.0,2773.7,,,570.0,
642,Romania,2007,338727.0,531420.0,1568.9,6487.0,2934000.0,2102.0,2327.0,1107.0,,24000.0,,63470.0,84991.0,,727000.0,50278.0,6226000.0,311300.0,6192.0,124.0,1189812.0,164642.0,138.0,208150.0,312145.0,1500.0,582276.0,4406.0,8.0,5661706.0,470223.0,83.0,5544542.0,50357.0,9.0,202516.0,251633.0,1242.5,272548.0,3712410.0,13621.1,60784.0,36185.0,595.3,7678000.0,7800.0,,6815000.0,221455.0,2710475.88,12239.4,1890921.0,3044465.0,1610.0,,,570.0,
642,Romania,2008,386706.0,1209411.0,3127.5,7100.0,2819000.0,1724.0,2853.0,1654.9,,24000.0,,65510.0,82036.0,,865000.0,45529.0,6438000.0,321900.0,7070.0,141.0,1076636.0,149660.0,139.0,205141.0,316007.0,1540.0,541760.0,4154.0,8.0,5289577.0,439029.0,83.0,5479831.0,46589.0,9.0,200007.0,382030.0,1910.1,259744.0,3649020.0,14048.5,54505.0,62466.0,1146.1,8469000.0,7800.0,,6565000.0,243027.0,3269432.05,13452.9,2098369.0,7180984.0,3422.2,,,570.0,
642,Romania,2009,514907.0,1182062.0,2295.7,8800.0,2684000.0,1051.0,2206.0,2099.0,,24000.0,,64850.0,84373.0,,898000.0,45046.0,5945660.0,297283.0,6600.0,132.0,952167.0,155199.0,163.0,241128.0,371393.0,1540.0,743638.0,7052.0,9.0,5697726.0,470567.0,83.0,6012362.0,63765.0,11.0,201819.0,295832.0,1465.8,260317.0,4003980.0,15381.2,52460.0,52918.0,1008.7,8882000.0,7800.0,,6174000.0,237728.0,3258907.53,13708.6,2140549.0,5202526.0,2430.5,,,570.0,
642,Romania,2010,510488.0,1311035.0,2568.2,9750.0,2512300.0,3946.0,5878.0,1489.6,160.0,1530.0,,60390.0,83843.0,48540.0,917300.0,44504.0,5950700.0,297535.0,6686.0,134.0,944000.0,154464.0,164.0,221662.0,349021.0,1575.0,768330.0,7335.0,10.0,5255000.0,428891.0,82.0,6128670.0,62552.0,10.0,181217.0,304462.0,1680.1,246982.0,3283866.0,13296.0,48138.0,61344.0,1274.3,9141500.0,1900.0,,5793400.0,235682.0,3213870.88,13636.5,2152523.0,5811810.0,2700.0,,,15246.0,
642,Romania,2011,419109.0,1329692.0,3172.7,9450.0,2001105.0,3236.0,6293.0,1944.7,150.0,1320.0,,59080.0,80845.0,49080.0,1240786.0,45464.0,6085500.0,304275.0,6693.0,134.0,875000.0,142306.0,163.0,221007.0,327025.0,1480.0,805000.0,7096.0,9.0,5545000.0,454415.0,82.0,6258000.0,62407.0,10.0,184985.0,375855.0,2031.8,248338.0,4076570.0,16415.4,53154.0,76830.0,1445.4,8417437.0,1590.0,,5428272.0,237131.0,3545963.32,14953.6,1945849.0,7131590.0,3665.0,,,16200.0,
642,Romania,2012,423354.0,986361.0,2329.9,9290.0,1988939.0,5319.0,7169.0,1347.8,,1900.0,,60230.0,79842.0,50020.0,1236143.0,45402.0,6234200.0,311741.0,6866.0,137.0,707000.0,114464.0,162.0,226472.0,351704.0,1553.0,794000.0,7733.0,10.0,5362000.0,442942.0,83.0,6448000.0,68504.0,11.0,194227.0,338998.0,1745.4,229055.0,2465150.0,10762.3,55014.0,62934.0,1144.0,8533434.0,1000.0,,5363797.0,232186.0,2996812.0,12907.0,1992180.0,5297748.0,2659.3,,,10950.0,
642,Romania,2013,494617.0,1542247.0,3118.1,9800.0,2009135.0,3790.0,6264.0,1652.8,670.0,2710.0,,62760.0,80136.0,54770.0,1265676.0,44870.0,6158760.0,307938.0,6863.0,137.0,612000.0,96179.0,157.0,204353.0,322893.0,1580.0,863000.0,8491.0,10.0,4793000.0,396070.0,83.0,6327000.0,68108.0,11.0,181985.0,373783.0,2053.9,207603.0,3289722.0,15846.2,51986.0,74214.0,1427.6,8833830.0,1430.0,,5234313.0,233528.0,3343821.33,14318.7,2097490.0,7296373.0,3478.6,,,8570.0,610.0
642,Romania,2014,512148.0,1712509.0,3343.8,10590.0,2022408.0,3432.0,6951.0,2025.3,1310.0,4100.0,,64380.0,79440.0,60490.0,1312967.0,45000.0,6448440.0,322422.0,7165.0,143.0,668000.0,107581.0,161.0,246751.0,396995.0,1609.0,903000.0,9126.0,10.0,5668000.0,459756.0,81.0,6576000.0,67734.0,10.0,179292.0,381626.0,2128.5,202657.0,3519329.0,17365.9,49697.0,71363.0,1436.0,9135678.0,2460.0,,5180173.0,218530.0,3288154.83,15046.7,2107813.0,7584814.0,3598.4,,,19010.0,1210.0
642,Romania,2015,468569.0,1626330.0,3470.8,11200.0,2068888.0,2535.0,3784.0,1492.7,1180.0,2930.0,,69140.0,75447.0,68490.0,1417176.0,40193.0,6383150.0,319158.0,7941.0,159.0,725000.0,118851.0,164.0,254858.0,410783.0,1612.0,836000.0,8641.0,10.0,5759000.0,470055.0,82.0,6518000.0,70982.0,11.0,173862.0,347975.0,2001.4,196058.0,2699684.0,13769.8,53722.0,75788.0,1410.7,9518225.0,1290.0,,5041788.0,218385.0,3184271.21,14581.0,2102444.0,7962421.0,3787.2,,,877.78,
642,Romania,2016,480943.0,1817269.0,3778.6,11930.0,2092414.0,4647.0,7365.0,1584.9,1210.0,3180.0,,73730.0,78648.0,71290.0,1440151.0,39025.0,6061970.0,303099.0,7767.0,155.0,715000.0,116177.0,162.0,256116.0,418720.0,1635.0,966000.0,9649.0,10.0,5985000.0,500777.0,84.0,7737000.0,77375.0,10.0,169579.0,381359.0,2248.9,186233.0,2689733.0,14442.8,59945.0,99312.0,1656.7,9809512.0,1270.0,,4926928.0,208202.0,2897790.24,13918.2,2135304.0,8431131.0,3948.4,3980.0,460.0,867.24,630.0
642,Romania,2017,455029.0,1906703.0,4190.3,12110.0,2049700.0,3301.0,6016.0,1822.5,1830.0,5800.0,,77050.0,75690.0,67530.0,1483100.0,36262.0,5880917.0,294046.0,8109.0,162.0,678000.0,110991.0,164.0,261029.0,436040.0,1670.0,857961.0,9729.0,11.0,5828000.0,491906.0,84.0,6475039.0,73426.0,11.0,165550.0,407795.0,2463.3,171379.0,3116912.0,18187.2,120037.0,301680.0,2513.2,9875500.0,1420.0,,4707700.0,205914.0,3101676.94,15063.0,2051664.0,10034955.0,4891.1,,,842.37,880.0
642,Romania,2018,423500.0,1870710.0,4417.3,10870.0,1977200.0,2760.0,5490.0,1989.1,1470.0,3370.0,,81560.0,73289.0,67790.0,1539300.0,34536.0,5196481.0,285656.0,8271.0,150.0,462640.0,78760.0,170.0,281120.0,479867.0,1707.0,636860.0,4620.0,7.0,4794770.0,426990.0,89.0,5103390.0,47500.0,9.0,161480.0,383720.0,2376.3,173300.0,3022760.0,17442.4,134300.0,191480.0,1425.8,10176400.0,9887.57,,3925300.0,117160.0,2025580.0,17289.0,2116150.0,10143670.0,4793.5,,,841.62,940.0
642,Romania,2019,448890.0,1879950.0,4188.0,8860.0,1923300.0,880.0,1400.0,1590.9,840.0,3850.0,,82750.0,73993.0,67890.0,1594800.0,35470.0,4887576.0,278203.0,7843.0,138.0,428250.0,73730.0,172.0,296382.0,507106.0,1711.0,637330.0,5300.0,8.0,4409470.0,398730.0,90.0,5125740.0,49610.0,10.0,161190.0,361570.0,2243.1,174120.0,2626790.0,15086.1,116860.0,236430.0,2023.2,10358700.0,770.0,,3834100.0,119560.0,1853290.0,15500.9,2168370.0,10297110.0,4748.8,,,1446.99,770.0
642,Romania,2020,441980.0,1141010.0,2581.6,10220.0,1875200.0,1580.0,1390.0,879.7,1610.0,5320.0,,85210.0,73901.0,69310.0,1611800.0,30838.0,4957853.0,,,161.0,623900.0,87490.0,140.0,,,,544640.0,4070.0,7.0,4176580.0,388170.0,93.0,5196960.0,50570.0,10.0,101340.0,196660.0,1940.6,101030.0,1601240.0,15849.2,108540.0,121980.0,1123.8,10281500.0,620.0,,3784500.0,97800.0,1949270.0,19931.2,2155250.0,6392370.0,2966.0,,,1433.34,760.0
642,Romania,2021,449390.0,1981030.0,4408.3,9480.0,1826800.0,1340.0,2730.0,2037.3,1010.0,3630.0,,91430.0,77148.0,68750.0,1492500.0,42037.0,5439156.0,,,129.0,623290.0,82720.0,133.0,271735.0,451850.0,1663.0,464730.0,3830.0,8.0,4108360.0,391390.0,95.0,5413870.0,53560.0,10.0,87020.0,209850.0,2411.5,84530.0,1397840.0,16536.6,85610.0,173960.0,2032.0,10087400.0,1300.0,,3619600.0,99310.0,1938680.0,19521.5,2175080.0,10433750.0,4796.9,,,1393.29,950.0
642,Romania,2022,425950.0,1706650.0,4006.7,8930.0,1833700.0,1000.0,1870.0,1870.0,1010.0,3510.0,,95610.0,78268.0,66270.0,1483200.0,41883.0,5788168.0,,,138.0,615420.0,82640.0,134.0,285713.0,475450.0,1664.0,505500.0,3740.0,7.0,3696100.0,344970.0,93.0,5763480.0,58350.0,10.0,78450.0,171600.0,2187.4,80770.0,1345780.0,16661.9,76520.0,118780.0,1552.3,10247400.0,1550.0,,3328700.0,87630.0,1257700.0,14352.4,2168660.0,8684240.0,4004.4,,,1504.24,920.0
642,Romania,2023,497770.0,1997620.0,4013.1,9330.0,1814700.0,1650.0,4060.0,2460.6,2000.0,3360.0,,94320.0,74068.0,67250.0,1421700.0,34406.0,5785136.0,,,168.0,587700.0,78060.0,133.0,300797.0,500760.0,1665.0,565400.0,4480.0,8.0,3552900.0,329670.0,93.0,5671180.0,54520.0,10.0,76590.0,155200.0,2026.4,79490.0,1183470.0,14888.3,102090.0,164040.0,1606.8,10299500.0,1163.33,,3154100.0,89980.0,1199040.0,13325.6,2317690.0,9624070.0,4152.4,,,1499.03,897.52
703,Slovakia,2000,199365.0,396748.0,1990.1,13813.0,665055.0,900.0,1800.0,2000.0,960.0,2200.0,,51304.0,11758.0,19000.0,51075.0,5740.0,1094565.0,60809.0,10594.0,191.0,176405.0,47950.0,272.0,54500.0,61423.0,1127.0,23200.0,378.0,16.0,2237818.0,163603.0,73.0,174076.0,1619.0,9.0,20856.0,24972.0,1197.4,27067.0,418842.0,15474.3,21167.0,26478.18,1250.9,340346.0,14000.0,,1562105.0,34530.0,389036.8,11266.7,405249.0,1254310.0,3095.2,,20000.0,748.0,2800.0
703,Slovakia,2001,186424.0,613295.0,3289.8,16729.0,646148.0,548.0,1000.0,1823.7,960.0,2100.0,,54903.0,13083.0,20000.0,51419.0,5846.0,1086467.0,64345.0,11007.0,186.0,137582.0,38175.0,277.0,52700.0,58000.0,1101.0,41300.0,331.0,8.0,2111640.0,153012.0,72.0,207766.0,1773.0,9.0,16976.0,32480.0,1913.3,26180.0,323303.0,12349.2,13986.0,30305.6,2166.8,347983.0,14000.0,,1488441.0,29436.0,386530.74,13131.4,448875.0,1800086.0,4010.2,,4400.0,748.0,2000.0
703,Slovakia,2002,194691.0,695017.0,3569.8,17831.0,625190.0,1100.0,1850.0,1681.8,800.0,2100.0,,54072.0,14949.0,22994.0,40386.0,7713.0,1217882.0,66203.0,8583.0,158.0,151655.0,41640.0,275.0,56700.0,85000.0,1499.0,40000.0,322.0,8.0,2089321.0,154310.0,74.0,209954.0,1795.0,9.0,20477.0,43418.0,2120.3,26056.0,484269.0,18585.7,14983.0,34104.44,2276.1,316302.0,14000.0,,1517291.0,28195.0,311711.17,11055.7,405829.0,1554425.0,3830.2,,23600.0,748.0,1800.0
703,Slovakia,2003,269271.0,804200.0,2986.6,14789.0,607835.0,550.0,900.0,1636.4,790.0,1779.0,,53274.0,13388.0,26621.0,40194.0,6213.0,1218144.0,67675.0,10892.0,196.0,130140.0,32885.0,253.0,58437.0,85341.0,1460.0,36353.0,309.0,8.0,1990425.0,183252.0,92.0,219780.0,1917.0,9.0,30416.0,57856.0,1902.2,25703.0,392426.0,15267.7,18409.0,27617.77,1500.2,316028.0,14000.0,,1553880.0,28701.0,322647.23,11241.7,306916.0,930363.0,3031.3,,12800.0,748.0,220.0
703,Slovakia,2004,221987.0,915903.0,4125.9,11834.0,593182.0,2696.0,4241.0,1573.1,785.0,2466.0,,48361.0,13767.0,30000.0,39225.0,6127.0,1138643.0,63258.0,10324.0,186.0,98851.0,25580.0,259.0,60697.0,84480.0,1392.0,36941.0,314.0,9.0,1797393.0,164906.0,92.0,110192.0,831.0,8.0,24493.0,55647.0,2272.0,24226.0,381887.0,15763.5,16517.0,39628.77,2399.3,325521.0,14000.0,,1443013.0,27591.0,335903.5,12174.3,367767.0,1764846.0,4798.8,,18800.0,748.0,1690.0
703,Slovakia,2005,204246.0,739311.0,3619.7,9025.0,540146.0,143.0,251.0,1755.2,785.0,3658.0,,65584.0,13262.0,22900.0,39012.0,5647.0,1131587.0,62866.0,11133.0,200.0,99665.0,26385.0,265.0,58658.0,87199.0,1487.0,34529.0,294.0,9.0,1516234.0,139938.0,92.0,106937.0,1258.0,12.0,19156.0,38240.0,1996.2,19101.0,301169.0,15767.2,16539.0,35349.34,2137.3,321227.0,10000.0,,1149282.0,29004.0,340114.36,11726.5,372962.0,1607868.0,4311.1,,8800.0,990.0,2580.0
703,Slovakia,2006,184519.0,641768.0,3478.1,8558.0,527889.0,91.0,99.0,1087.9,725.0,3618.0,,71601.0,13619.0,22900.0,39566.0,5591.0,1171667.0,70300.0,12574.0,210.0,81713.0,21413.0,262.0,56910.0,86113.0,1513.0,37754.0,320.0,8.0,1318781.0,122258.0,93.0,115868.0,881.0,8.0,19530.0,41365.0,2118.0,18384.0,263083.0,14310.4,17325.0,32710.34,1888.0,320487.0,10000.0,,1108265.0,29157.0,343458.0,11779.6,349105.0,1342693.0,3846.1,,12800.0,0.0,6180.0
703,Slovakia,2007,209928.0,659621.0,3142.1,9088.0,507820.0,389.0,557.0,1431.9,710.0,3623.0,40.0,68585.0,12602.0,22900.0,38352.0,5702.0,1207500.0,72450.0,12706.0,212.0,87453.0,22989.0,263.0,54354.0,83026.0,1528.0,35086.0,298.0,8.0,1202846.0,113825.0,95.0,107760.0,868.0,8.0,20830.0,37352.0,1793.2,17769.0,287667.0,16189.3,14051.0,23796.94,1693.6,332571.0,10000.0,,1104829.0,28394.0,302766.0,10663.0,360698.0,1379643.0,3824.9,,10800.0,0.0,4600.0
703,Slovakia,2008,213050.0,891317.0,4183.6,9241.0,501817.0,64.0,227.0,3546.9,700.0,4047.0,,63788.0,12444.0,17100.0,37873.0,5773.0,1188820.0,71329.0,12356.0,206.0,77257.0,19862.0,257.0,49481.0,75526.0,1526.0,35090.0,298.0,8.0,1084460.0,102406.0,94.0,121388.0,967.0,8.0,17037.0,35035.0,2056.4,14270.0,245277.0,17188.3,9981.0,17819.2,1785.3,347179.0,10000.0,,951934.0,28095.0,330275.55,11755.6,373662.0,1819479.0,4869.3,,41000.0,792.0,3180.0
703,Slovakia,2009,195826.0,675475.0,3449.4,6715.0,488381.0,850.0,3098.0,3644.7,685.0,3338.0,,56699.0,10879.0,17100.0,37088.0,5556.0,1176352.0,70581.0,12704.0,212.0,69717.0,17672.0,253.0,49085.0,75121.0,1530.0,29478.0,257.0,9.0,937108.0,88432.0,94.0,117665.0,996.0,8.0,15929.0,34621.0,2173.5,11620.0,216123.0,18599.2,9822.0,15346.07,1562.4,361634.0,10000.0,,748515.0,26686.0,295913.44,11088.8,379195.0,1537905.0,4055.7,,5000.0,1210.0,2180.0
703,Slovakia,2010,133008.0,361390.0,2717.1,7580.0,471965.0,250.0,250.0,1000.0,680.0,730.0,,25130.0,13249.0,29260.0,35686.0,6252.0,1176000.0,70581.0,11289.0,188.0,62040.0,15611.0,252.0,45771.0,70221.0,1534.0,29485.0,259.0,9.0,904131.0,84092.0,93.0,121968.0,1067.0,9.0,14776.0,24634.0,1667.2,10993.0,125921.0,11454.7,11987.0,17975.14,1499.5,376978.0,2410.0,,740862.0,28121.0,268363.71,9543.2,342115.0,1185286.0,3464.6,,38367.21,1647.99,1820.0
703,Slovakia,2011,135728.0,525001.0,3868.0,7890.0,467125.0,50.0,60.0,1200.0,0.0,630.0,,26690.0,12664.0,34790.0,35292.0,6266.0,1244103.0,74646.0,11913.0,199.0,53245.0,13177.0,247.0,39751.0,62980.0,1584.0,30107.0,258.0,9.0,900534.0,70604.0,78.0,120968.0,945.0,8.0,15187.0,35954.0,2367.4,10374.0,217252.0,20942.0,8460.0,18154.88,2146.0,394175.0,1980.0,,687260.0,17529.0,203727.28,11622.4,362845.0,1631112.0,4495.3,10760.0,2670.0,0.0,1690.0
703,Slovakia,2012,147994.0,470482.0,3179.1,8530.0,463358.0,26.0,27.0,1038.5,555.0,700.0,,27890.0,11054.0,31840.0,34053.0,6183.0,1242487.0,74549.0,12057.0,201.0,53335.0,13177.0,247.0,41002.0,62980.0,1536.0,30107.0,258.0,9.0,776318.0,70604.0,91.0,111757.0,945.0,8.0,15773.0,33723.8,2138.1,8934.0,165665.5,18543.2,7226.0,9969.0,1379.6,393927.0,1700.0,,580393.0,8015.0,90055.14,11235.8,388147.0,1275302.0,3285.6,11250.0,3430.0,1749.11,2580.0
703,Slovakia,2013,121304.0,446049.0,3677.1,9080.0,471091.0,9.0,19.0,2111.1,565.0,690.0,,28290.0,11521.0,32330.0,34823.0,6266.0,1261036.0,75662.0,12075.0,201.0,47593.0,11721.0,246.0,41060.0,63401.0,1544.0,30235.0,260.0,9.0,709829.0,64866.0,91.0,118460.0,997.0,8.0,13901.0,30627.0,2203.2,8977.0,164458.0,18319.9,4918.0,9199.0,1870.5,409569.0,1290.0,,631464.0,7076.0,80979.43,11443.8,367682.0,1684274.0,4580.8,6030.0,3680.0,1688.7,3710.0
703,Slovakia,2014,138826.0,675852.5,4868.4,8630.0,467820.0,44.0,120.0,2727.3,577.47,960.0,,28570.0,10605.0,32190.0,35457.0,5681.0,1162742.0,69764.52,12280.0,205.0,46637.0,11597.37,249.0,37510.0,57688.0,1538.0,30381.0,262.0,9.0,678668.0,63073.0,93.0,109124.0,928.0,9.0,15367.0,38726.8,2520.0,9105.0,178817.0,19639.4,6415.0,14683.99,2289.1,399908.0,1480.0,,637167.0,6977.0,107115.09,15352.0,379283.0,2072405.3,5464.0,7680.0,4040.0,1683.05,4370.0
703,Slovakia,2015,139994.0,668644.0,4776.2,8930.0,465543.0,12.0,15.0,1250.0,570.41,610.0,,31000.0,12181.0,32180.0,35178.0,5651.0,1114944.0,66897.0,11838.0,197.0,43510.0,10711.0,246.0,37099.0,57095.0,1539.0,30346.0,261.0,9.0,562874.0,52397.0,93.0,112901.0,978.0,9.0,15880.0,43014.0,2708.7,8066.0,144625.0,17930.2,10422.0,27004.1,2591.1,391151.0,2670.0,,641827.0,7752.0,91872.67,11851.5,377899.0,2082134.0,5509.8,5090.0,5350.0,1562.07,2070.0
703,Slovakia,2016,114970.0,584602.0,5084.8,8970.0,457586.0,198.0,158.0,798.0,757.29,540.0,,33380.0,12513.0,31060.0,36324.0,6044.0,1204240.0,72254.0,11955.0,199.0,40713.0,10261.0,252.0,42325.0,65054.0,1537.0,30128.0,259.0,9.0,601714.0,55928.0,93.0,111736.0,880.0,8.0,13592.0,35591.0,2618.5,8256.0,177145.0,21456.5,12091.0,26502.46,2191.9,381724.0,2260.0,,633116.0,8330.0,115243.77,13834.1,416578.0,2434213.0,5843.4,,7090.0,1454.53,1190.0
703,Slovakia,2017,120329.0,545285.0,4531.6,6387.12,446112.0,141.0,342.0,2425.5,751.01,630.0,,35520.0,11806.0,30460.0,36355.0,6118.0,1240842.0,74450.0,12169.0,203.0,41263.0,10534.0,255.0,45134.0,69656.0,1543.0,27894.0,332.0,12.0,634160.0,57929.0,91.0,108419.0,1050.0,10.0,14821.0,34937.0,2357.3,7450.0,149705.0,20094.6,12809.0,26004.95,2030.2,368896.0,1580.0,,585843.0,6138.0,94061.58,15323.9,373667.0,1770659.0,4738.6,,44018.89,1619.62,770.0
703,Slovakia,2018,124160.0,486900.0,3921.6,10120.0,438860.0,1330.0,1880.0,1413.5,768.95,3394.77,,37680.0,13030.0,28380.0,36910.0,6142.0,1248055.0,74883.0,12192.0,203.0,41150.0,10670.0,259.0,47071.0,73080.0,1553.0,27810.0,330.0,12.0,716990.0,66390.0,93.0,32280.0,480.0,15.0,12930.0,29880.0,2310.9,7760.0,169950.0,21900.8,10820.0,20020.0,1850.3,351120.0,1870.0,,627020.0,5560.0,98820.0,17773.4,403370.0,1927930.0,4779.6,,42222.73,0.0,870.0
703,Slovakia,2019,126370.0,599560.0,4744.5,10060.0,432250.0,1600.0,1840.0,1150.0,30.9,3302.25,,38350.0,12853.0,27720.0,35590.0,5537.0,1191752.0,71510.0,12915.0,215.0,38120.0,10710.0,281.0,46559.0,70100.0,1506.0,27860.0,330.0,12.0,780110.0,72350.0,93.0,28790.0,440.0,15.0,12090.0,31900.0,2638.5,8190.0,182420.0,22273.5,9310.0,20060.0,2154.7,320560.0,14646.08,,589230.0,6130.0,112910.0,18419.2,406820.0,1939130.0,4766.6,,50726.28,0.0,850.0
703,Slovakia,2020,130860.0,679400.0,5191.8,11080.0,442290.0,1830.0,1750.0,956.3,40.62,3388.52,,33140.43,13153.0,29630.0,,3252.0,824352.0,,,253.0,37050.0,10920.0,295.0,,,,27900.0,330.0,12.0,747770.0,70480.0,94.0,29670.0,420.0,14.0,12260.0,33040.0,2694.9,7000.0,166200.0,23742.9,10700.0,24830.0,2320.6,294252.0,18275.51,,538310.0,5910.0,106930.0,18093.1,387080.0,2133330.0,5511.3,9460.0,5580.0,0.0,750.0
703,Slovakia,2021,117210.0,592740.0,5057.1,10720.0,434090.0,2150.0,2020.0,939.5,29.14,3403.4,,39250.0,10136.0,32060.0,,3096.0,822258.0,,,266.0,41280.0,11930.0,289.0,,,,25220.0,300.0,12.0,746440.0,69910.0,94.0,28350.0,360.0,13.0,16340.0,36620.0,2241.1,6070.0,151100.0,24892.9,13290.0,28570.0,2149.7,290918.0,16718.71,,453080.0,6800.0,130110.0,19133.8,356970.0,2002240.0,5609.0,11025.0,8820.0,0.0,940.0
703,Slovakia,2022,109130.0,556480.0,5099.2,10750.0,433180.0,1840.0,1830.0,994.6,16.78,3471.82,,37540.0,9096.0,32430.0,20500.0,3257.0,764737.0,,,235.0,37840.0,10850.0,287.0,,,,22740.0,270.0,12.0,636760.0,59120.0,93.0,27480.0,480.0,17.0,10180.0,24190.0,2376.2,5730.0,130630.0,22797.6,14910.0,39140.0,2625.1,301130.0,16670.36,,380900.0,6930.0,121450.0,17525.3,411690.0,2048150.0,4975.0,18403.24,14722.59,0.0,660.0
703,Slovakia,2023,114190.0,603020.0,5280.8,9250.0,429720.0,2000.0,3180.0,1590.0,22.07,3632.47,,37130.0,9815.0,34490.0,,2779.0,711238.0,,,256.0,35490.0,10320.0,291.0,,,,20390.0,240.0,12.0,571420.0,53600.0,94.0,29510.0,460.0,16.0,9690.0,20330.0,2098.0,5430.0,135790.0,25007.4,18140.0,33835.0,1865.2,289849.0,14704.66,,403040.0,7900.0,130830.0,16560.8,406760.0,2490600.0,6123.0,9787.5,7830.0,0.0,1000.0
705,Slovenia,2000,11570.0,37756.0,3263.3,3481.0,471425.0,57.0,142.0,2491.2,,,,22090.0,4256.0,20500.0,14643.0,1695.0,368088.0,22742.0,13417.0,217.0,130231.0,34572.0,265.0,25016.0,42838.0,1712.0,15000.0,200.0,13.0,729640.0,60000.0,82.0,62000.0,930.0,15.0,2251.0,5346.0,2374.9,8952.0,186157.0,20795.0,322.0,616.0,1913.0,72533.0,4000.0,,558459.0,3207.0,77315.0,24108.2,38256.0,162559.0,4249.2,,6000.0,418.0,2500.0
705,Slovenia,2001,12664.0,44490.0,3513.1,3973.0,493670.0,158.0,395.0,2500.0,,,,22366.0,2760.0,21700.0,22041.0,1573.0,355729.0,22900.0,14558.0,226.0,140393.0,39159.0,279.0,26909.0,46606.0,1732.0,15000.0,200.0,13.0,801009.0,66400.0,83.0,81150.0,1200.0,15.0,1917.0,4950.0,2582.2,7785.0,148279.0,19046.8,362.0,663.0,1831.5,96227.0,3700.0,,603594.0,3480.0,60404.0,17357.5,39335.0,181083.0,4603.6,,6000.0,0.0,900.0
705,Slovenia,2002,12392.0,48135.0,3884.4,4455.0,477075.0,28.0,95.0,3392.9,,,,23297.0,2880.0,13800.0,19900.0,1560.0,335051.0,22700.0,14551.0,215.0,150749.0,40472.0,268.0,25207.0,41197.0,1634.0,21400.0,300.0,14.0,731007.0,62000.0,85.0,82990.0,1200.0,14.0,2014.0,5885.0,2922.0,7113.0,165962.0,23332.2,512.0,1271.0,2482.4,94068.0,3700.0,,599895.0,3189.0,68877.0,21598.3,35729.0,174868.0,4894.3,,6000.0,0.0,600.0
705,Slovenia,2003,13789.0,39733.0,2881.5,5200.0,473242.0,80.0,210.0,2625.0,,,,24618.0,2920.0,15600.0,21977.0,1341.0,267469.0,18200.0,13572.0,199.0,162320.0,43136.0,266.0,28367.0,44213.0,1559.0,28000.0,400.0,14.0,856242.0,73700.0,86.0,90030.0,1240.0,14.0,1964.0,3647.0,1856.9,6832.0,107610.0,15750.9,731.0,1266.53,1732.6,107400.0,3700.0,,655665.0,3927.0,63055.0,16056.8,35585.0,122920.0,3454.3,,6000.0,0.0,300.0
705,Slovenia,2004,15324.0,59729.0,3897.7,5400.0,450226.0,66.0,211.0,3197.0,,,,23800.0,2524.0,18300.0,23291.0,1001.0,241964.0,14518.0,14503.0,242.0,151029.0,40079.0,265.0,26247.0,41398.0,1577.0,21611.0,306.0,14.0,852837.0,71323.0,84.0,94434.0,1379.0,15.0,1854.0,5296.0,2856.5,6833.0,171475.0,25095.1,771.0,1988.0,2578.5,105660.0,4000.0,,620506.0,3608.0,81000.0,22450.1,32385.0,146829.0,4533.9,,5400.0,0.0,0.0
705,Slovenia,2005,15451.0,61239.0,3963.4,5400.0,451136.0,193.0,669.0,3466.3,,,,22000.0,1754.0,15500.0,23031.0,1056.0,238839.0,14330.0,13570.0,226.0,137618.0,37382.0,272.0,26645.0,42978.0,1613.0,24410.0,340.0,14.0,730217.0,62600.0,86.0,114813.0,1618.0,14.0,2731.0,7629.0,2793.5,6306.0,144714.0,22948.6,2054.0,5740.0,2794.5,119264.0,4000.0,,533998.0,3592.0,86322.0,24031.7,30059.0,141293.0,4700.5,,5400.0,0.0,0.0
705,Slovenia,2006,17044.0,61623.0,3615.5,5500.0,452517.0,399.0,1243.0,3115.3,,,,20400.0,1598.0,13800.0,25480.0,1120.0,238839.0,14330.0,12795.0,213.0,136785.0,37908.0,277.0,25683.0,41396.0,1612.0,26131.0,369.0,14.0,689456.0,61151.0,89.0,116403.0,1630.0,14.0,2471.0,6285.0,2543.5,5900.0,106974.0,18131.2,4020.0,10584.0,2632.8,129352.0,4000.0,,547432.0,4056.0,77208.0,19035.5,32083.0,134449.0,4190.7,,5400.0,0.0,0.0
705,Slovenia,2007,18532.0,67904.0,3664.1,5500.0,454033.0,401.0,995.0,2481.3,,,,18748.0,1567.0,15200.0,27798.0,1338.0,263353.0,15801.0,11809.0,197.0,128087.0,36203.0,283.0,32492.0,51185.0,1575.0,27210.0,386.0,14.0,639552.0,57331.0,90.0,118770.0,1692.0,14.0,2332.0,5547.0,2378.6,5736.0,131050.0,22846.9,2349.0,6047.0,2574.3,131528.0,4000.0,,575116.0,3506.0,63825.0,18204.5,32040.0,133339.0,4161.6,,5100.0,0.0,0.0
705,Slovenia,2008,19229.0,76788.0,3993.3,5600.0,479581.0,374.0,1273.0,3403.7,,,,19537.0,2837.0,15200.0,28228.0,1378.0,322411.0,19345.0,14038.0,234.0,131533.0,36943.0,281.0,33622.0,51898.0,1544.0,23833.0,329.0,14.0,599218.0,54566.0,91.0,114290.0,1599.0,14.0,1887.0,4987.0,2642.8,4427.0,100319.0,22660.7,1590.0,4282.0,2693.1,131180.0,4000.0,,542590.0,4235.0,76548.0,18075.1,35413.0,160297.0,4526.5,,5100.0,0.0,0.0
705,Slovenia,2009,20089.0,70793.0,3524.0,5600.0,469983.0,388.0,1284.0,3309.3,,,,18455.0,2393.0,15200.0,24228.0,1553.0,358822.0,21529.0,13863.0,231.0,125264.0,35260.0,281.0,33365.0,53737.0,1611.0,24008.0,350.0,15.0,475388.0,44090.0,93.0,117799.0,1667.0,14.0,1773.0,4260.0,2402.7,4175.0,103425.0,24772.5,1057.0,2131.0,2016.1,138958.0,4000.0,,432011.0,4219.0,81897.0,19411.5,34534.0,136904.0,3964.3,,5100.0,0.0,0.0
705,Slovenia,2010,18730.0,80120.0,4277.6,2640.0,472878.0,208.0,545.0,2620.2,,,,18340.0,2945.0,14660.0,29896.0,1504.0,360300.0,21618.0,14374.0,240.0,124858.0,35772.0,287.0,32130.0,53886.0,1677.0,28948.0,396.0,14.0,469282.0,44130.0,94.0,120040.0,1631.0,14.0,1773.0,5168.0,2914.8,4125.0,101208.0,24535.3,970.0,2149.0,2215.5,138108.0,4000.0,,415230.0,2771.0,58966.0,21279.7,31946.0,153481.0,4804.4,,5100.0,0.0,
705,Slovenia,2011,17477.0,79386.0,4542.3,2670.0,470151.0,272.0,849.0,3121.3,0.0,0.0,,18330.0,2529.0,14210.0,26197.0,1365.0,357086.0,21425.0,15696.0,262.0,124447.0,35571.0,286.0,31351.0,52375.0,1671.0,25682.0,350.0,14.0,419540.0,38975.0,93.0,113625.0,1538.0,14.0,1842.0,5818.0,3158.5,3640.0,96179.0,26422.8,1358.0,4365.0,3214.3,129788.0,4000.0,,395593.0,3779.0,72382.0,19153.7,29665.0,153575.0,5177.0,,0.0,0.0,
705,Slovenia,2012,17967.0,84727.0,4715.7,2590.0,462300.0,228.0,989.0,4337.7,,,,17610.0,2155.0,13330.0,26645.0,1145.0,369204.0,22152.0,19347.0,322.0,115711.0,33089.0,286.0,32161.0,54558.0,1696.0,25505.0,347.0,14.0,382876.0,35607.0,93.0,104635.0,1405.0,13.0,1369.0,4351.0,3178.2,3386.0,79253.0,23406.1,837.0,1862.0,2224.6,119976.0,4000.0,,347310.0,4079.0,66501.0,16303.3,34586.0,188065.0,5437.6,,4800.0,0.0,
705,Slovenia,2013,17314.0,69303.0,4002.7,2290.0,460063.0,290.0,1166.0,4020.7,0.0,0.0,,15980.0,3172.0,12790.0,26351.0,1380.0,322704.0,19362.0,14030.0,234.0,110326.0,32104.0,291.0,32078.0,52611.0,1640.0,22115.0,294.0,13.0,324731.0,29569.0,91.0,97433.0,1310.0,13.0,1203.0,3107.0,2582.7,3307.0,62155.0,18795.0,752.0,1070.0,1422.9,114152.0,4000.0,,296097.0,4588.0,67987.0,14818.4,31758.0,138235.0,4352.8,,0.0,0.0,
705,Slovenia,2014,18482.0,89700.0,4853.4,2320.0,460576.0,506.0,2171.0,4290.5,,,,16640.0,2827.0,12060.0,21240.0,1358.0,357589.0,21455.0,15799.0,263.0,108391.0,31566.0,291.0,33159.0,55284.0,1667.0,20419.0,285.0,14.0,323008.0,29709.0,92.0,96313.0,1339.0,14.0,1364.0,4448.0,3261.0,3600.0,96820.0,26894.4,691.0,1522.0,2202.6,108779.0,3829.05,,288350.0,4782.0,74011.0,15477.0,33124.0,173245.0,5230.2,,4385.63,0.0,
705,Slovenia,2015,20110.0,93174.0,4633.2,2260.0,468253.0,209.0,1254.0,6000.0,0.0,0.0,,15160.0,3281.0,12140.0,22283.0,1458.0,340323.0,20419.0,14005.0,233.0,112038.0,33583.0,300.0,32858.0,53939.0,1642.0,21391.0,305.0,14.0,298739.0,27317.0,91.0,98695.0,1359.0,14.0,1506.0,5023.0,3335.3,3318.0,91036.0,27437.0,847.0,1895.0,2237.3,113648.0,3768.41,,281319.0,5003.0,95548.0,19098.1,30734.0,157058.0,5110.2,,4097.93,0.0,
705,Slovenia,2016,19184.0,91653.0,4777.6,2370.0,484192.0,206.0,840.0,4077.7,0.0,0.0,,15220.0,3479.0,12110.0,26959.0,1458.0,391253.0,23476.0,16102.0,268.0,116952.0,35656.0,305.0,35488.0,58769.0,1656.0,24242.0,333.0,14.0,327148.0,30724.0,94.0,94022.0,1307.0,14.0,1332.0,4321.0,3244.0,3163.0,84897.0,26840.7,1258.0,2881.0,2290.1,109406.0,3665.53,,271385.0,5515.0,105505.0,19130.6,31461.0,163165.0,5186.3,,4036.11,0.0,
705,Slovenia,2017,20369.0,97929.0,4807.7,2740.0,488598.0,230.0,671.0,2917.4,0.0,0.0,,16590.0,3639.0,12200.0,22405.0,1718.0,386939.0,23217.0,13514.0,225.0,120116.0,35795.0,298.0,38012.0,63383.0,1667.0,20945.0,297.0,14.0,325944.0,31438.0,96.0,101987.0,1423.0,14.0,1448.0,4641.0,3205.1,3165.0,77076.0,24352.6,1306.0,2692.0,2061.3,119845.0,3550.65,,265744.0,5436.0,95318.0,17534.6,28016.0,140961.0,5031.4,,4017.94,0.0,
705,Slovenia,2018,20990.0,88060.0,4195.3,2630.0,476810.0,4140.0,4710.0,1137.7,0.0,0.0,,16230.0,3866.0,12150.0,25664.0,1764.0,397006.0,23820.0,13503.0,225.0,115760.0,34870.0,301.0,37780.0,64020.0,1695.0,25670.0,370.0,14.0,325360.0,31290.0,96.0,100700.0,1440.0,14.0,1250.0,3400.0,2720.0,2810.0,72920.0,25950.2,1070.0,2500.0,2336.4,108761.0,3423.97,,259130.0,5097.0,97962.0,19219.5,27820.0,121900.0,4381.7,,3465.01,0.0,
705,Slovenia,2019,21140.0,102480.0,4847.7,2540.0,483070.0,3690.0,3690.0,1000.0,0.0,0.0,,15800.0,4028.0,12150.0,24360.0,1870.0,412982.0,24779.0,13251.0,221.0,116300.0,35740.0,307.0,38325.0,64230.0,1676.0,24060.0,340.0,14.0,331540.0,32210.0,97.0,97840.0,1370.0,14.0,1210.0,4030.0,3330.6,2800.0,65960.0,23557.1,1030.0,2530.0,2456.3,110260.0,2587.89,,240140.0,6203.0,116194.0,18731.9,26730.0,139810.0,5230.5,,3519.5,0.0,
705,Slovenia,2020,22210.0,122180.0,5501.1,2630.0,485610.0,4710.0,4310.0,915.1,0.0,0.0,,15560.0,5770.0,11920.0,25680.0,1605.0,390967.0,,,244.0,118120.0,36500.0,309.0,39629.0,67040.0,1692.0,24420.0,360.0,15.0,297700.0,28950.0,97.0,96020.0,1400.0,15.0,950.0,3230.0,3400.0,2970.0,89880.0,30262.6,740.0,1790.0,2418.9,113734.0,2576.13,,229480.0,6746.0,131194.0,19447.7,27290.0,158180.0,5796.3,,3395.49,0.0,
705,Slovenia,2021,21860.0,119130.0,5449.7,2470.0,482620.0,4840.0,4570.0,944.2,0.0,0.0,,15480.0,4671.0,11980.0,25684.0,1713.0,415141.0,,,242.0,123300.0,37540.0,304.0,39115.0,66600.0,1703.0,24910.0,360.0,14.0,311230.0,30030.0,96.0,97230.0,1410.0,15.0,1200.0,4120.0,3433.3,2730.0,64040.0,23457.9,750.0,1580.0,2106.7,119267.0,2513.53,,215710.0,5997.0,111317.0,18562.1,26790.0,154450.0,5765.2,9920.0,0.0,0.0,
705,Slovenia,2022,22550.0,112460.0,4987.1,2160.0,464910.0,4850.0,3570.0,736.1,0.0,0.0,,15830.0,5023.0,10510.0,25960.0,1419.0,412565.0,,,291.0,122620.0,36080.0,294.0,40916.0,68440.0,1673.0,22810.0,330.0,14.0,269570.0,26210.0,97.0,92720.0,1360.0,15.0,1010.0,3160.0,3128.7,2890.0,58230.0,20148.8,730.0,1260.0,1726.0,117200.0,2162.94,,202150.0,5772.0,86119.0,14920.1,27560.0,150750.0,5469.9,12970.0,0.0,,
705,Slovenia,2023,21950.0,101050.0,4603.6,2539.31,456050.0,4070.0,3160.0,776.4,0.0,0.0,,15460.0,4059.0,10160.0,26824.0,1757.0,432288.0,,,246.0,112030.0,33270.0,297.0,41758.0,69660.0,1668.0,23740.0,340.0,14.0,246510.0,23190.0,94.0,100850.0,1420.0,14.0,870.0,2510.0,2885.1,2940.0,68580.0,23326.5,690.0,1130.0,1637.7,116323.0,2237.51,,196140.0,4182.0,73582.0,17594.9,28710.0,145420.0,5065.1,15060.0,0.0,,
724,Spain,2000,3278025.0,11063008.0,3374.9,38600.0,6216883.0,19415.0,25967.63,1337.5,35600.0,47000.0,0.0,114300.0,171283.0,78800.0,2627000.0,46443.0,11742000.0,657552.0,14158.0,253.0,2543165.0,651093.0,256.0,663000.0,965000.0,1456.0,1951097.0,16488.0,8.0,35500900.0,2904615.0,82.0,20501532.0,232331.0,11.0,432137.0,953692.0,2206.9,118754.0,3078059.0,25919.6,457184.0,388764.0,850.3,23965000.0,5100.0,12150.0,22418238.0,331596.0,10461022.24,31547.5,2353027.0,7293623.0,3099.7,,,34000.0,10900.0
724,Spain,2001,2992088.0,6249139.0,2088.6,31900.0,6410780.0,21581.0,28978.22,1342.7,40000.0,47300.0,0.0,116000.0,172039.0,103600.0,2875659.0,47096.0,11928000.0,667968.0,14183.0,253.0,2550177.0,650841.0,255.0,692840.0,1008531.0,1456.0,1764830.0,15369.0,9.0,36263900.0,2989146.0,82.0,20820600.0,235807.0,11.0,445926.0,665200.0,1491.7,115126.0,2992422.0,25992.6,459322.0,309870.0,674.6,24400000.0,7400.0,21150.0,22149308.0,327751.0,10628178.1,32427.6,2177005.0,5007698.0,2300.3,,,34000.0,14100.0
724,Spain,2002,3101524.0,8362328.0,2696.2,55500.0,6477895.0,24008.0,31941.89,1330.5,41800.0,48700.0,400.0,125600.0,175433.0,104600.0,3046716.0,46919.0,13112964.0,734326.0,15651.0,279.0,2692375.0,678838.0,252.0,670000.0,1191190.0,1778.0,1829730.0,15072.0,8.0,37023544.0,3070116.0,83.0,20950728.0,237071.0,11.0,455185.0,916000.0,2012.4,110146.0,3078140.0,27946.0,551384.0,489098.0,887.0,23813172.0,10600.0,12600.0,23518040.0,325816.0,11030745.94,33855.8,2406643.0,6822160.0,2834.7,,,30000.0,15000.0
724,Spain,2003,3170400.0,8698400.0,2743.6,52000.0,6548379.0,26405.0,32928.48,1247.0,40100.0,49300.0,0.0,134400.0,173794.0,92900.0,3163804.0,48428.0,13721840.0,768423.0,15867.0,283.0,2763096.0,706369.0,256.0,597829.0,1185382.0,1983.0,1684989.0,14240.0,8.0,38180100.0,3189508.0,84.0,20782188.0,236155.0,11.0,477000.0,873400.0,1831.0,101101.0,2664955.0,26359.3,572795.0,521655.0,910.7,23485948.0,13100.0,6750.0,24055676.0,324197.0,10985069.75,33884.0,2151500.0,6290100.0,2923.6,,,28000.0,13200.0
724,Spain,2004,3178755.0,10639817.0,3347.2,49189.0,6653087.0,27214.0,33739.0,1239.8,39500.0,49100.0,0.0,130000.0,173670.0,93000.0,2833221.0,52433.0,15213320.0,851946.0,16248.0,290.0,2732049.0,713886.0,261.0,571340.0,1082999.0,1896.0,1603647.0,13373.0,8.0,37834640.0,3076120.0,81.0,20214116.0,231463.0,11.0,479801.0,1042975.0,2173.8,102120.0,2773567.0,27159.9,577596.0,596385.0,1032.5,22909668.0,13283.0,11250.0,24894956.0,340983.0,11480228.56,33668.1,2175028.0,7096724.0,3262.8,,,28000.0,13200.0
724,Spain,2005,3156123.0,4626059.0,1465.7,58900.0,6463430.0,27872.0,15709.0,563.6,38800.0,48900.0,0.0,134200.0,173741.0,93000.0,2904690.0,51142.0,13122144.0,708446.0,13853.0,257.0,2757560.0,715329.0,259.0,572649.0,1083968.0,1893.0,1580549.0,13622.0,9.0,38705240.0,3168039.0,82.0,19390776.0,224126.0,12.0,457847.0,542108.0,1184.0,94998.0,2563464.0,26984.4,501604.0,303350.34,604.8,22749484.0,13400.0,7650.0,24884022.0,335883.0,11584826.0,34490.7,2274109.0,4026694.0,1770.7,,,28000.0,14000.0
724,Spain,2006,3197365.0,8136389.0,2544.7,46700.0,6184092.0,34725.0,53073.0,1528.4,40400.0,50900.0,0.0,129500.0,173894.0,96000.0,2956729.0,51090.0,13122144.0,826695.0,16181.0,257.0,2599045.0,670048.0,258.0,556861.0,1064944.0,1912.0,1517507.0,11690.0,8.0,39276972.0,3235241.0,82.0,18623364.0,214179.0,12.0,524389.0,948185.0,1808.2,87199.0,2515001.0,28842.1,317546.0,346389.0,1090.8,22451628.0,13400.0,7200.0,26218706.0,323419.0,11056490.0,34186.3,1920233.0,5521582.0,2875.5,,,28000.0,14000.0
724,Spain,2007,3228357.0,11945319.0,3700.1,39100.0,6584980.0,31302.0,54559.0,1743.0,40200.0,49700.0,0.0,128980.0,174215.0,115000.0,2891574.0,50495.0,13095288.0,825003.0,16338.0,259.0,2428000.0,620166.0,255.0,591394.0,1131031.0,1912.0,1358000.0,10446.0,8.0,41489000.0,3439442.0,83.0,17440400.0,203290.0,12.0,531432.0,1309450.0,2464.0,85728.0,2479582.0,28923.8,280112.0,305791.0,1091.7,22194256.0,13400.0,7200.0,26061232.0,307068.0,11105561.19,36166.4,1803313.0,6436359.0,3569.2,,,28000.0,14000.0
724,Spain,2008,3462400.0,11261100.0,3252.4,40600.0,6020200.0,30061.0,58213.0,1936.5,40800.0,51000.0,0.0,127100.0,174792.0,145000.0,2959300.0,49995.0,12895900.0,812440.0,16250.0,258.0,2477918.0,658332.0,266.0,578344.0,1081740.0,1870.0,1219934.0,9253.0,8.0,41305540.0,3484363.0,84.0,13812018.0,156985.0,11.0,505511.0,1188300.0,2350.7,81825.0,2145171.0,26216.6,207168.0,247380.0,1194.1,19952300.0,13400.0,8100.0,26025672.0,303522.0,10846649.0,35736.0,2067000.0,6714300.0,3248.3,,,28000.0,14000.0
724,Spain,2009,3024726.0,7295934.0,2412.1,36700.0,6082400.0,36053.0,55708.0,1545.2,37900.0,54000.0,0.0,123500.0,180000.0,146000.0,2933782.0,50593.0,13166122.0,829465.0,16395.0,260.0,2306584.0,598431.0,259.0,658612.0,1179466.0,1791.0,1172779.0,8830.0,8.0,40887908.0,3290571.0,80.0,11392288.0,124424.0,11.0,561238.0,923946.0,1646.3,85366.0,2719291.0,31854.5,311115.0,285879.0,918.9,19718200.0,13400.0,8100.0,26289600.0,310661.0,11498766.98,37013.9,1772752.0,4804772.0,2710.3,,,28000.0,14000.0
724,Spain,2010,2885612.0,8154392.0,2825.9,37900.0,6075100.0,38368.0,53212.0,1386.9,16200.0,44800.0,0.0,124100.0,178329.0,118200.0,2903779.0,51109.0,12896400.0,812470.0,15897.0,252.0,2302089.0,606596.0,263.0,631885.0,1115987.0,1766.0,1375865.0,10618.0,8.0,40847016.0,3368921.0,82.0,11735996.0,131236.0,11.0,511329.0,1024661.0,2003.9,79162.0,2326654.0,29391.0,369748.0,444110.0,1201.1,18551600.0,9200.0,3150.0,25704040.0,302626.0,11007111.0,36372.0,1948073.0,5941197.0,3049.8,103200.0,26600.0,45500.0,1100.0
724,Spain,2011,2700679.0,8287073.0,3068.5,42100.0,5923200.0,41195.0,56702.0,1376.4,16500.0,43200.0,800.0,133300.0,178335.0,111500.0,2692898.0,49494.0,12995363.0,818700.0,16541.0,263.0,2314752.0,604113.0,261.0,637134.0,1205749.0,1892.0,1422596.0,11142.0,8.0,41743364.0,3469345.0,83.0,11377295.0,130587.0,11.0,508344.0,1119214.0,2201.7,79865.0,2455101.0,30740.6,452407.0,449017.0,992.5,17002700.0,5100.0,1350.0,25634900.0,298989.0,11054557.0,36973.1,1994653.0,6876657.0,3447.5,97700.0,34700.0,35300.0,1000.0
724,Spain,2012,2691100.0,5956300.0,2213.3,36720.0,5812600.0,52209.0,49661.0,951.2,21090.0,65180.0,600.0,112080.0,180161.0,153450.0,2637340.0,43642.0,11409116.0,718774.0,16470.0,261.0,2285924.0,591319.0,259.0,637726.0,1193931.0,1872.0,1307087.0,9696.0,7.0,41594556.0,3466323.0,83.0,10518668.0,122003.0,12.0,438700.0,683500.0,1558.0,72023.0,2192284.0,30438.7,396161.0,296631.0,748.8,16339370.0,12330.0,8550.0,25250400.0,292928.0,11235378.0,38355.4,2188171.0,5189828.0,2371.8,120640.0,25360.0,34040.0,1020.0
724,Spain,2013,2784300.0,10005000.0,3593.4,35500.0,5696910.0,44984.0,68101.0,1513.9,22800.0,51100.0,600.0,124900.0,182760.0,128600.0,2609990.0,44668.0,11787412.0,742607.0,16625.0,264.0,2222003.0,580840.0,261.0,685539.0,1121295.0,1636.0,1213751.0,8940.0,7.0,41418464.0,3431214.0,83.0,10312037.0,118261.0,11.0,444500.0,957700.0,2154.6,71100.0,2199600.0,30936.7,310833.0,387129.32,1245.5,16118590.0,7100.0,11700.0,25494720.0,292948.0,11081117.0,37826.2,2125000.0,7744900.0,3644.7,130900.0,27500.0,63500.0,3300.0
724,Spain,2014,2792110.0,6983109.0,2501.0,39760.0,6078700.0,32292.0,41349.72,1280.5,34300.0,69140.0,668.44,161080.0,183156.0,101610.0,2704250.0,46513.0,12498000.0,787374.0,16928.0,269.0,2182590.0,585218.0,268.0,720094.0,1209069.0,1679.0,1130000.0,8622.0,8.0,43484000.0,3555606.0,82.0,9928000.0,114220.0,12.0,430280.0,649097.0,1508.5,75956.0,2543930.0,33492.2,423413.0,416323.11,983.3,15431800.0,17500.0,7114.74,26567600.0,313058.0,12574291.6,40166.0,2171200.0,6471400.0,2980.6,128770.0,32220.0,63820.0,4710.0
724,Spain,2015,2598896.0,6705106.0,2580.0,42520.0,6182908.0,29441.0,36758.35,1248.5,46890.0,74160.0,1121.71,160910.0,184311.0,123310.0,3009582.0,47835.0,12780000.0,805140.0,16832.0,267.0,2333895.0,626104.0,268.0,736455.0,1203021.8,1634.0,1210269.0,9120.0,8.0,45890524.0,3854658.0,84.0,9960176.0,115864.0,12.0,490041.0,790432.0,1613.0,71676.0,2284073.0,31866.6,463403.0,501751.01,1082.8,16522956.0,19260.0,16393.21,28367335.0,312793.0,12513474.75,40005.6,2176354.0,6362694.0,2923.6,175790.0,24056.0,43630.0,8330.0
724,Spain,2016,2563195.0,9176159.0,3580.0,45250.0,6257057.0,6131.0,15412.0,2513.8,47110.0,67070.0,1062.61,205610.0,182200.0,99220.0,3088035.0,48140.0,13183446.0,830557.08,17253.0,274.0,2373850.0,637012.74,268.0,700340.0,1326577.24,1894.0,1306444.0,9904.03,8.0,49083785.0,4181090.79,85.0,10112327.0,117053.62,12.0,509849.0,1110117.0,2177.3,72136.0,2246204.0,31138.5,460227.0,647720.0,1407.4,15962892.0,15240.0,15652.78,29231595.0,326542.0,13136700.0,40229.7,2256848.0,7873135.0,3488.6,125790.0,25963.0,36800.0,23586.67
724,Spain,2017,2597527.0,5785944.0,2227.5,51190.0,6465747.0,1946.0,4284.0,2201.4,52000.0,75130.0,1222.08,200510.0,187784.0,119490.0,3059731.0,48904.0,13503425.0,850715.76,17396.0,276.0,2391003.0,643860.64,269.0,690837.0,1317486.64,1907.0,1358402.0,10713.41,8.0,50072755.0,4298788.89,86.0,9833126.0,115113.78,12.0,558767.0,843259.0,1509.1,70878.0,2239470.0,31596.1,521386.0,476139.0,913.2,15963106.0,19450.0,16208.64,29971357.0,330134.0,13146752.0,39822.5,2096058.0,4875957.0,2326.3,157220.0,41310.0,28810.0,26699.15
724,Spain,2018,2569460.0,9554160.0,3718.4,50990.0,6510590.0,6670.0,17650.0,2646.2,64230.0,69600.0,1096.08,178830.0,,97040.0,2764790.0,48122.0,13186132.0,839346.86,17442.0,274.0,2462560.0,669010.0,272.0,695196.0,1345690.0,1936.0,1371030.0,10970.0,8.0,52289200.0,4530480.0,87.0,10105710.0,119640.0,12.0,556500.0,1547460.0,2780.7,67490.0,2010930.0,29796.0,472920.0,690650.0,1460.4,15852530.0,15550.0,18000.0,30804100.0,313100.0,12455120.0,39780.0,2063680.0,8322510.0,4032.8,200990.0,44240.0,45830.0,14150.0
724,Spain,2019,2693510.0,7744150.0,2875.1,48650.0,6600330.0,9120.0,25850.0,2834.4,51680.0,69900.0,1200.0,185890.0,,125210.0,2659110.0,48228.0,12872028.0,831701.0,17245.0,267.0,2510770.0,695170.0,277.0,716259.0,1412220.0,1972.0,1303400.0,10420.0,8.0,52982310.0,4641160.0,88.0,10060050.0,121340.0,12.0,453430.0,841200.0,1855.2,66650.0,2259320.0,33898.3,420550.0,403010.0,958.3,15478620.0,15170.0,21000.0,31246040.0,323410.0,13259340.0,40998.5,1920090.0,6041170.0,3146.3,148450.0,32030.0,48170.0,14000.0
724,Spain,2020,2749040.0,11465350.0,4170.7,49810.0,6636430.0,9310.0,31750.0,3410.3,63130.0,70300.0,1300.0,193600.0,193476.0,171630.0,2651040.0,56859.0,13648278.0,872951.0,15353.0,240.0,2422410.0,677740.0,280.0,696387.0,1401410.0,2012.0,1209480.0,10150.0,8.0,56130030.0,5003430.0,89.0,9563680.0,115120.0,12.0,506170.0,1377690.0,2721.8,65400.0,2051830.0,31373.5,366930.0,571680.0,1558.0,15439220.0,21880.0,30600.0,32796070.0,325170.0,12668790.0,38960.5,1914660.0,8143510.0,4253.2,125740.0,25890.0,60300.0,11550.0
724,Spain,2021,2514560.0,9275920.0,3688.9,52250.0,6576300.0,8950.0,27860.0,3112.8,63620.0,72160.0,1295.64,223710.0,,115730.0,2589760.0,49079.0,13342142.0,853377.0,17388.0,272.0,2552370.0,717880.0,281.0,680711.0,1331410.0,1956.0,1175570.0,10130.0,9.0,58370490.0,5180060.0,89.0,9711250.0,120390.0,12.0,504000.0,1194500.0,2370.0,63280.0,2081110.0,32887.3,361610.0,444560.0,1229.4,15081350.0,20320.0,30497.35,34454090.0,337530.0,13535730.0,40102.3,2128470.0,8564630.0,4023.8,126110.0,26260.0,61890.0,11600.0
724,Spain,2022,2398000.0,7029720.0,2931.5,47280.0,6455130.0,2480.0,5510.0,2221.8,52300.0,74950.0,1477.91,263190.0,,121460.0,2463450.0,49446.0,14321359.0,861324.0,17419.0,290.0,2595980.0,731530.0,282.0,696489.0,1349990.0,1938.0,1233220.0,11070.0,9.0,56657420.0,5066350.0,89.0,9333300.0,119150.0,13.0,459120.0,867850.0,1890.2,60060.0,1881920.0,31334.0,361770.0,338460.0,935.6,14452590.0,24910.0,34787.62,34073380.0,313290.0,11833890.0,37773.0,2172700.0,6508800.0,2995.7,219740.0,28800.0,42100.0,11320.0
724,Spain,2023,2342260.0,3757570.0,1604.2,46680.0,6294640.0,5610.0,13400.0,2388.6,52510.0,75240.0,1544.59,257620.0,,114730.0,2293470.0,50530.0,14786975.0,880168.0,17419.0,293.0,2450510.0,697830.0,285.0,710501.0,1392770.0,1960.0,1151540.0,9540.0,8.0,53094990.0,4870710.0,92.0,8370900.0,104660.0,13.0,466760.0,464140.0,994.4,59360.0,1921850.0,32376.2,605380.0,359390.0,593.7,13596560.0,26560.0,36357.37,33803040.0,312050.0,11526900.0,36939.3,1957760.0,4049230.0,2068.3,227560.0,28740.0,43820.0,11440.0
752,Sweden,2000,411224.0,1615400.0,3928.3,50300.0,1683700.0,,,,,,,126600.0,14756.0,96184.0,,5670.0,1700000.0,102000.0,17989.0,300.0,528960.0,149810.0,283.0,68617.0,89900.0,1310.0,,,,3251100.0,277000.0,85.0,202150.0,3910.0,19.0,295544.0,1137700.0,3849.5,32903.0,980100.0,29787.6,29782.0,71600.0,2404.1,431934.0,41300.0,12100.0,1917917.0,13981.0,276381.0,19768.4,401565.0,2371900.0,5906.6,,700.0,350.0,5300.0
752,Sweden,2001,397499.0,1623000.0,4083.0,49000.0,1651500.0,,,,,,,124900.0,16210.0,99800.0,,5687.0,1630000.0,97900.0,17215.0,287.0,498270.0,143190.0,287.0,73356.0,96100.0,1310.0,,,,3197800.0,275900.0,86.0,197400.0,3850.0,20.0,278174.0,952500.0,3424.1,32236.0,925000.0,28694.6,32218.0,81400.0,2526.5,451594.0,40000.0,11800.0,1891456.0,15474.0,294205.0,19012.9,399165.0,2371500.0,5941.2,,700.0,175.0,5890.0
752,Sweden,2002,416842.0,1757200.0,4215.5,48000.0,1637465.0,,,,,,,128000.0,17307.0,92542.0,,4732.0,1565000.0,93400.0,19738.0,331.0,506660.0,146480.0,289.0,77383.0,101400.0,1310.0,,,,3282100.0,283800.0,86.0,196677.0,3900.0,20.0,295002.0,1167000.0,3955.9,31731.0,913550.0,28790.5,35949.0,93300.0,2595.3,426771.0,34000.0,11000.0,1881743.0,15979.0,292488.0,18305.0,339599.0,2088100.0,6148.7,,700.0,175.0,5140.0
752,Sweden,2003,368472.0,1528400.0,4147.9,49000.0,1606674.0,,,,,,,125000.0,18416.0,91000.0,,4498.0,1538000.0,92300.0,20520.0,342.0,485760.0,140400.0,289.0,74742.0,97900.0,1310.0,,,,3304939.0,287500.0,87.0,192073.0,3700.0,19.0,279808.0,1089500.0,3893.7,30540.0,857100.0,28064.8,32608.0,87500.0,2683.4,448308.0,36000.0,11000.0,1903126.0,15845.0,296810.0,18732.1,411348.0,2256200.0,5484.9,,700.0,175.0,5579.0
752,Sweden,2004,397274.0,1691900.0,4258.8,52000.0,1628464.0,,,,,,,117800.0,19524.0,90000.0,,4995.0,1733000.0,104000.0,20821.0,347.0,491880.0,142420.0,290.0,69628.0,91200.0,1310.0,,,,3364830.0,294500.0,88.0,193228.0,3802.0,20.0,229696.0,925300.0,4028.4,31671.0,979100.0,30914.7,38626.0,100400.0,2599.3,465561.0,50000.0,11000.0,1818037.0,16457.0,314300.0,19098.3,403408.0,2412300.0,5979.8,,700.0,175.0,11830.0
752,Sweden,2005,378564.0,1592900.0,4207.7,45000.0,1604933.0,,,,,,,118000.0,24775.0,89000.0,,5065.0,1700000.0,102000.0,20138.0,336.0,466079.0,135940.0,292.0,73458.0,96230.0,1310.0,,,,3159930.0,275131.0,87.0,205980.0,4067.0,20.0,200122.0,746300.0,3729.2,30453.0,947300.0,31107.0,30590.0,80300.0,2625.0,471284.0,36000.0,11000.0,1811216.0,16595.0,309278.92,18636.9,354755.0,2246800.0,6333.4,,700.0,175.0,32390.0
752,Sweden,2006,306930.0,1110600.0,3618.4,42000.0,1590409.0,,,,,,,119000.0,21310.0,90400.0,,4524.0,1650000.0,99000.0,21883.0,365.0,466141.0,137410.0,295.0,72906.0,95506.0,1310.0,,,,3022262.0,264448.0,88.0,212907.0,4205.0,20.0,196720.0,624400.0,3174.1,28180.0,777800.0,27601.1,25470.0,63900.0,2508.8,505466.0,28000.0,11000.0,1680535.0,15826.0,329700.0,20833.1,360150.0,1967400.0,5462.7,,700.0,175.0,32500.0
752,Sweden,2007,320900.0,1439000.0,4484.3,38000.0,1559725.0,,,,,,,108800.0,21916.0,94100.0,,5328.0,1583000.0,95000.0,17830.0,297.0,449711.0,133540.0,297.0,73666.0,105410.0,1431.0,,,,3004115.0,264869.0,88.0,231008.0,4603.0,20.0,203500.0,889800.0,4372.5,28522.0,789000.0,27662.9,18760.0,49400.0,2633.3,508921.0,36000.0,11000.0,1676327.0,16040.0,289500.0,18048.6,360500.0,2255700.0,6257.1,17500.0,700.0,175.0,32500.0
752,Sweden,2008,399400.0,1671600.0,4185.3,38470.0,1558381.0,,,,,,,114200.0,22494.0,96500.0,,5546.0,1617000.0,102000.0,18392.0,292.0,430120.0,128790.0,299.0,75086.0,107220.0,1428.0,,,,3072876.0,270758.0,88.0,234875.0,4631.0,20.0,222500.0,820000.0,3685.4,26900.0,853200.0,31717.5,16980.0,42800.0,2520.6,524780.0,36000.0,11000.0,1609289.0,15732.0,288197.16,18319.7,360500.0,2202200.0,6108.7,11600.0,700.0,350.0,37000.0
752,Sweden,2009,361800.0,1680900.0,4645.9,40790.0,1538281.0,,,,,,,107600.0,23078.0,103900.0,,5261.0,1667000.0,105000.0,19958.0,317.0,459480.0,139830.0,304.0,73504.0,105180.0,1431.0,,,,2956433.0,260748.0,88.0,255067.0,5063.0,20.0,186100.0,744200.0,3998.9,26960.0,857900.0,31821.2,24270.0,75000.0,3090.2,540487.0,40000.0,11000.0,1528740.0,15967.0,331084.94,20735.0,374800.0,2277900.0,6077.6,13200.0,1050.0,175.0,36000.0
752,Sweden,2010,310300.0,1232300.0,3971.3,38380.0,1536700.0,,,,,,,103140.0,22344.0,109690.0,,6061.0,1762000.0,111000.0,18314.0,291.0,451140.0,137800.0,305.0,78507.0,111983.0,1426.0,,,,2936240.0,263478.0,90.0,254635.0,4993.0,20.0,158300.0,559300.0,3533.2,27100.0,816300.0,30121.8,35650.0,85200.0,2389.9,564922.0,25860.0,11000.0,1519900.0,15910.0,296091.75,18610.4,397100.0,2143000.0,5396.6,184320.0,3100.0,710.0,15580.0
752,Sweden,2011,323000.0,1409100.0,4362.5,25360.0,1511846.0,,,,,,,103300.0,24667.0,109940.0,,6376.0,1840000.0,116000.0,18193.0,289.0,456120.0,137880.0,302.0,78182.0,111530.0,1427.0,,,,2845390.0,256080.0,90.0,261570.0,5070.0,19.0,175600.0,692000.0,3940.8,27590.0,882000.0,31968.1,31800.0,95800.0,3012.6,622711.0,27930.0,11000.0,1482592.0,15364.0,318814.0,20750.7,418900.0,2253100.0,5378.6,184590.0,3110.0,2950.0,15030.0
752,Sweden,2012,369000.0,1701700.0,4611.7,36770.0,1500293.0,,,,,,,101160.0,25757.0,112700.0,,6735.0,1936500.0,122000.0,18114.0,288.0,419940.0,125340.0,298.0,76840.0,109670.0,1427.0,,,,2585680.0,232980.0,90.0,260170.0,5030.0,19.0,191400.0,731200.0,3820.3,24720.0,805400.0,32580.9,30770.0,93300.0,3032.2,610500.0,25880.0,11000.0,1363364.0,15750.0,358370.0,22753.7,367000.0,2289300.0,6237.9,175080.0,2950.0,1490.0,28300.0
752,Sweden,2013,387700.0,1940100.0,5004.1,34710.0,1496526.0,,,,,,,88970.0,27027.0,103850.0,,6874.0,2047620.0,129000.0,18766.0,298.0,417380.0,125880.0,302.0,81826.0,117400.0,1435.0,,,,2555860.0,234570.0,92.0,252530.0,4900.0,19.0,195010.0,851500.0,4366.4,23880.0,806100.0,33756.3,29660.0,102100.0,3442.3,576769.0,31280.0,11000.0,1398875.0,16436.0,345260.0,21006.3,323330.0,1868600.0,5779.2,160830.0,2710.0,930.0,34060.0
752,Sweden,2014,329090.0,1574200.0,4783.5,37560.0,1493119.0,,,,0.0,0.0,,88120.0,26375.0,105160.0,,6549.0,2000000.0,125000.0,19087.0,305.0,430820.0,131620.0,306.0,91479.0,135160.0,1477.0,,,,2566040.0,236480.0,92.0,257800.0,5090.0,20.0,159570.0,665900.0,4173.1,23800.0,822100.0,34542.0,33290.0,107600.0,3232.2,588757.0,38450.0,16739.19,1377351.0,17439.0,372157.56,21340.2,453480.0,3086400.0,6806.0,131710.0,2220.0,2390.0,42030.0
752,Sweden,2015,318830.0,1672300.0,5245.1,40330.0,1428400.0,,,,0.0,0.0,,90240.0,28958.0,112370.0,,7520.0,2000000.0,130000.0,17287.0,266.0,466720.0,143980.0,308.0,97559.0,145780.0,1494.0,,,,2560450.0,233500.0,91.0,256010.0,5120.0,20.0,161420.0,744700.0,4613.4,23100.0,802500.0,34740.3,47135.0,168617.23,3577.3,594730.0,38400.0,10038.38,1435300.0,17998.0,377552.93,20977.1,457550.0,3300400.0,7213.2,134880.0,2270.0,2430.0,37370.0
752,Sweden,2016,318620.0,1530400.0,4803.2,41040.0,1436050.0,,,,0.0,0.0,,87250.0,29761.0,112670.0,,8174.0,2214679.0,139538.0,17071.0,271.0,411020.0,131250.0,319.0,102401.0,153870.0,1503.0,,,,2526500.0,233890.0,93.0,251200.0,5000.0,20.0,172870.0,767900.0,4442.1,24140.0,862500.0,35729.1,54820.0,197100.0,3595.4,578174.0,44300.0,11372.12,1471200.0,17680.0,372340.0,21060.0,448470.0,2834500.0,6320.4,130410.0,2200.0,2500.0,27780.0
752,Sweden,2017,309405.0,1635200.0,5285.0,40240.0,1448590.0,,,,0.0,0.0,,82660.0,30559.0,105230.0,,8500.0,2187000.0,137762.0,16207.0,257.0,406030.0,132070.0,325.0,103407.0,152500.0,1475.0,,,,2576290.0,240700.0,93.0,261600.0,5260.0,20.0,151343.0,676400.0,4469.3,24570.0,852500.0,34696.8,54350.0,191600.0,3525.3,606080.0,55050.0,14366.42,1382300.0,10790.0,340250.0,31533.8,471962.0,3298600.0,6989.1,123540.0,2080.0,2880.0,23430.0
752,Sweden,2018,360810.0,1094400.0,3033.2,37590.0,1435450.0,,,,0.0,0.0,,81840.0,31756.0,102360.0,11200.0,,2298690.0,141100.0,,,435130.0,138420.0,318.0,98503.0,146280.0,1485.0,1370.0,20.0,15.0,2659270.0,250140.0,94.0,297400.0,6000.0,20.0,141270.0,363500.0,2573.1,23910.0,723000.0,30238.4,48720.0,83420.0,1712.2,587147.0,45860.0,11910.42,1417200.0,10560.0,276680.0,26200.8,372500.0,1620300.0,4349.8,122350.0,2050.0,2840.0,34100.0
752,Sweden,2019,291760.0,1546500.0,5300.6,38370.0,1404670.0,,,,0.0,0.0,,81700.0,33900.0,96860.0,12000.0,,2439259.0,149800.0,,,441780.0,141150.0,320.0,103451.0,153620.0,1485.0,1390.0,20.0,14.0,2586030.0,241490.0,93.0,270620.0,5530.0,20.0,141130.0,671200.0,4755.9,23650.0,846900.0,35809.7,39360.0,129180.0,3282.0,371230.0,42300.0,1429.07,1481200.0,11780.0,310250.0,26337.0,469490.0,3476800.0,7405.5,122140.0,2040.0,2740.0,34570.0
752,Sweden,2020,292660.0,1513500.0,5171.5,38690.0,1390960.0,,,,0.0,0.0,,83480.0,,74070.0,,11497.0,2428847.0,149100.0,12968.0,211.0,443690.0,142520.0,321.0,107186.0,166830.0,1556.0,1000.0,10.0,10.0,2635910.0,247770.0,94.0,257940.0,5280.0,20.0,178120.0,807600.0,4534.0,24070.0,877200.0,36443.7,42300.0,130950.0,3095.7,367740.0,36410.0,1260.82,1389300.0,12910.0,342880.0,26559.3,449170.0,3214300.0,7156.1,124800.0,2090.0,2850.0,29430.0
752,Sweden,2021,270500.0,1060400.0,3920.1,38450.0,1389890.0,,,,0.0,0.0,,84200.0,,65880.0,,,2086842.0,128100.0,,,420950.0,137370.0,326.0,112403.0,179690.0,1599.0,670.0,10.0,15.0,2664370.0,253810.0,95.0,245210.0,5180.0,21.0,166750.0,551200.0,3305.5,23750.0,826000.0,34778.9,43050.0,104760.0,2433.4,348770.0,36660.0,1264.69,1372500.0,13660.0,353600.0,25885.8,479130.0,3027800.0,6319.4,125880.0,2110.0,2870.0,29430.0
752,Sweden,2022,274800.0,1509500.0,5493.1,39780.0,1390550.0,,,,0.0,0.0,,78470.0,,64290.0,12000.0,,2519990.0,134610.0,,,421240.0,136750.0,325.0,109581.0,167170.0,1526.0,950.0,10.0,11.0,2685760.0,255520.0,95.0,244390.0,5090.0,21.0,153760.0,734800.0,4778.9,23410.0,852200.0,36403.2,46460.0,163610.0,3521.5,340840.0,37090.0,1268.01,1416270.0,14350.0,335690.0,23393.0,461570.0,3228700.0,6995.0,117310.0,1960.0,2830.0,29430.0
752,Sweden,2023,259700.0,855500.0,3294.2,40980.0,1369000.0,,,,0.0,0.0,,79440.0,25729.0,66880.0,,12433.0,2170844.0,114670.0,9223.0,175.0,430590.0,139640.0,324.0,106311.0,166880.0,1570.0,950.0,10.0,11.0,2584210.0,244660.0,95.0,244930.0,5120.0,21.0,139460.0,411500.0,2950.7,22500.0,810000.0,36000.0,47120.0,102990.0,2185.7,338550.0,36400.0,1250.51,1326440.0,14510.0,327270.0,22554.8,507530.0,2768200.0,5454.3,117430.0,1960.0,3342.27,29430.0
764,Thailand,2000,6132.0,11461.0,1869.0,,4601697.0,20000.0,50000.0,2500.0,,,,1176.0,224726.0,180.0,144227.0,75000.0,8540280.0,514563.0,6861.0,114.0,335923.0,130894.0,390.0,923830.0,1045628.0,1132.0,43300.0,649.5,15.0,9493407.0,692950.0,73.0,14000.0,210.0,15.0,,,,7656.0,100122.0,13077.6,334981.0,281865.0,841.4,37312.0,,,6558147.0,591970.0,3380643.0,5710.8,1148.0,800.0,696.9,1715.0,,,
764,Thailand,2001,6913.0,13131.0,1899.5,,4640355.0,25000.0,64000.0,2560.0,,,,1032.0,232714.0,120.0,188497.0,79910.0,8264805.0,496000.0,6207.0,103.0,430902.0,124457.0,289.0,1003790.0,1136129.0,1132.0,56600.0,849.0,15.0,9716135.0,701708.0,72.0,16000.0,240.0,15.0,,,,7522.0,90944.0,12090.4,353491.0,297341.67,841.2,42720.0,,,6688904.0,630138.0,3741064.13,5936.9,1000.0,701.02,701.0,1505.0,,,
764,Thailand,2002,7000.0,13595.0,1942.1,,4819713.0,27000.0,66000.0,2444.4,,,,1032.0,235233.0,120.0,177944.0,80000.0,8966710.0,538000.0,6725.0,112.0,371319.0,115593.0,311.0,1042774.0,1180253.0,1132.0,53400.0,801.0,15.0,10600000.0,786841.0,74.0,15000.0,225.0,15.0,,,,8066.0,97370.0,12071.7,330440.0,274315.0,830.2,39326.0,,,6878642.0,617780.0,3791434.94,6137.2,1163.0,821.46,706.5,1505.0,,,
764,Thailand,2003,11500.0,22863.42,1988.1,,5048170.0,28000.0,70000.0,2500.0,,,,1320.0,241087.0,360.0,213917.0,82192.0,9230055.0,553857.0,6739.0,112.0,336176.0,111636.0,332.0,1117075.0,1264350.0,1132.0,53500.0,802.5,15.0,11928000.0,866951.0,73.0,17000.0,255.0,15.0,,,,6669.0,86732.0,13005.2,310680.0,258000.0,830.4,42883.0,,,7064196.0,554066.0,3316600.25,5985.9,1195.0,883.0,738.8,1925.0,,,
764,Thailand,2004,12000.0,24969.7,2080.8,,5296839.0,30000.0,75000.0,2500.0,,,,1200.0,250955.0,864.0,250076.0,57000.0,6555291.0,393360.0,6901.0,115.0,366499.0,116154.0,317.0,694359.0,868860.0,1251.0,73500.0,1102.5,15.0,12096000.0,872019.0,72.0,17000.0,240.0,14.0,,,,6969.0,99813.0,14322.4,256760.0,214892.0,836.9,47811.0,,,7254057.0,518418.0,3624523.0,6991.5,1204.0,911.05,756.6,1750.0,,22500.0,
764,Thailand,2005,14000.0,28444.0,2031.7,,5609790.0,35000.0,86000.0,2457.1,,,,5520.0,187371.0,864.0,338355.0,67700.0,7811080.0,468665.0,6923.0,115.0,403856.0,110766.0,274.0,817239.0,1007205.0,1232.0,84500.0,1267.5,15.0,12257436.0,907050.0,74.0,10282.0,140.0,14.0,,,,7538.0,113881.0,15107.6,231800.0,192000.0,828.3,50779.0,,,7533690.0,473438.0,3217951.19,6797.0,1227.0,952.21,775.7,8050.0,,26550.0,
764,Thailand,2006,17785.0,36528.02,2053.9,,6042039.0,42000.0,105000.0,2500.0,,,,6000.0,203201.0,864.0,324150.0,74000.0,8553867.0,513232.0,6936.0,116.0,448176.0,118141.0,264.0,849881.0,1068811.0,1258.0,80000.0,1200.0,15.0,13314567.0,985278.0,74.0,11370.0,153.0,13.0,,,,7759.0,118569.0,15281.5,224120.0,192452.0,858.7,51151.0,,,7688137.0,450090.0,3040179.12,6754.6,1262.0,1000.0,792.2,8750.0,,6525.0,
764,Thailand,2007,21885.0,45435.3,2076.1,,6480876.0,74000.0,185000.0,2500.0,,,,4680.0,209105.0,864.0,444774.0,77000.0,8989854.0,539391.0,7005.0,117.0,506549.0,141950.0,280.0,879981.0,1106664.0,1258.0,110000.0,1650.0,15.0,13544699.0,1002308.0,74.0,13138.0,177.0,13.0,,,,7981.0,125703.0,15750.3,221880.0,193253.0,871.0,50963.0,,,8381122.0,470235.0,3283077.47,6981.8,1254.0,1013.61,808.3,10760.75,,9900.0,
764,Thailand,2008,25568.0,53648.44,2098.3,,6699999.0,74000.0,185000.0,2500.0,,,,4680.0,219150.0,864.0,374029.0,79000.0,9425963.0,565558.0,7159.0,119.0,546854.0,141582.0,259.0,920754.0,1157940.0,1258.0,93000.0,1395.0,15.0,12087851.0,894501.0,74.0,18526.0,250.0,13.0,,,,7610.0,114499.0,15045.9,223880.0,205000.0,915.7,43738.0,,,7845346.0,465186.0,3231927.28,6947.6,1267.0,1045.22,824.8,10128.0,,25200.0,
764,Thailand,2009,29217.0,61954.19,2120.5,,6647325.0,80000.0,200000.0,2500.0,,,,4680.0,228207.0,864.0,383796.0,79474.0,9617832.0,603000.0,7587.0,121.0,584784.0,145200.0,248.0,917263.0,1153550.0,1258.0,95000.0,1425.0,15.0,11770533.0,871019.0,74.0,14492.0,196.0,14.0,,,,7616.0,126386.0,16594.8,227083.0,200076.97,881.1,40269.0,,,7480530.0,453218.0,3236910.59,7142.1,1253.0,1063.01,848.3,8693.75,,23400.0,
764,Thailand,2010,32670.0,70000.0,2142.7,1795.93,6497996.0,85000.0,210000.0,2470.6,,,,3164.36,231918.0,3164.36,380277.0,80510.0,9756565.0,612500.0,7608.0,121.0,620245.0,154958.0,250.0,970943.0,1220256.0,1257.0,95000.0,1425.0,15.0,12099175.0,895339.0,74.0,8578.0,116.0,14.0,,,,9481.0,134645.0,14201.6,233244.0,207067.57,887.8,43139.0,,,7623730.0,470063.0,3305586.54,7032.2,1260.0,1107.41,878.6,9556.19,,23747.34,
764,Thailand,2011,36954.0,80000.0,2164.9,1942.92,5890701.0,81635.0,205000.0,2511.2,,,,3423.35,240712.0,3423.35,427567.0,83000.0,10024435.0,628000.0,7566.0,121.0,565272.0,149039.0,264.0,994319.0,1262034.0,1269.0,105000.0,1575.0,15.0,11886122.0,879573.0,74.0,5157.0,70.0,14.0,,,,9539.0,139671.0,14642.1,224513.0,213000.0,948.7,51735.0,,,7785525.0,432375.0,3203827.58,7409.8,1221.0,1115.48,913.4,4992.39,,26007.98,
764,Thailand,2012,40466.0,88500.0,2187.0,2024.18,5392579.0,83000.0,215000.0,2590.4,,,,3566.52,247202.0,3566.52,461814.0,83000.0,10998332.0,687396.0,8282.0,133.0,1026491.0,140713.0,137.0,1150952.0,1541112.53,1339.0,121000.0,1815.0,15.0,12828363.0,949299.0,74.0,11902.0,161.0,14.0,,,,9073.0,139160.0,15337.8,231037.0,208000.0,900.3,54221.0,,,7824421.0,408213.0,3135227.03,7680.4,1150.0,1000.0,869.6,5201.17,,27343.29,
764,Thailand,2013,43001.0,95000.0,2209.2,2163.22,5147521.0,85000.0,220000.0,2588.2,,,,3811.51,259242.0,3811.51,420354.0,85000.0,11148489.0,696781.0,8197.0,131.0,995207.0,136425.0,137.0,1202385.0,1610620.81,1340.0,123000.0,1845.0,15.0,13071563.0,967296.0,74.0,23490.0,317.0,13.0,,,,7010.0,105160.0,15001.4,226768.0,213255.87,940.4,42040.0,,,7605891.0,368171.0,2615735.0,7104.7,1200.0,1500.0,1250.0,5558.45,,27633.46,
764,Thailand,2014,53808.0,120000.0,2230.1,2102.86,4898575.0,90281.0,228851.64,2534.9,,,,3705.16,266962.0,3705.16,447546.0,92000.0,11705651.0,731603.0,7952.0,127.0,974708.0,133616.0,137.0,1308900.0,1756536.05,1342.0,122175.0,1832.94,15.0,12822990.0,948901.26,74.0,10086.0,136.0,13.0,,,,6168.0,99175.0,16079.0,222337.0,210360.17,946.1,43901.0,,,7591530.0,359059.0,2582242.37,7191.7,1213.0,1312.77,1082.3,6825.0,,29178.1,
764,Thailand,2015,53051.0,120000.0,2262.0,2363.54,4750000.0,103397.0,260516.92,2519.6,,,,4164.46,272202.0,4164.46,447869.0,90979.0,12545455.0,690000.0,7584.0,138.0,960000.0,144702.05,151.0,1213208.0,1629034.5,1343.0,116269.0,1744.59,15.0,12612936.0,936355.62,74.0,12107.0,163.06,13.0,,,,7603.0,125665.0,16528.3,215116.0,206530.19,960.1,43153.0,,,7633877.0,355022.0,2647020.92,7455.9,1259.0,1265.48,1005.0,6073.18,,32795.16,
764,Thailand,2016,52380.0,120000.0,2291.0,2362.54,4700000.0,92893.0,236456.19,2545.5,,,,4162.7,276482.0,4162.7,450276.0,92092.0,12545455.0,690000.0,7492.0,136.0,950000.0,140000.0,147.0,1215636.0,1628708.17,1340.0,117707.0,1766.07,15.0,12228426.0,912676.04,75.0,14041.0,169.73,12.0,,,,7048.0,119778.0,16994.5,221407.0,210048.74,948.7,41972.0,,,7680117.0,363668.0,2697461.05,7417.4,1258.0,1303.89,1036.3,6070.6,,24976.2,
764,Thailand,2017,60430.0,140000.0,2316.7,2358.57,4680000.0,93377.0,235420.42,2521.2,,,,4155.71,270998.0,4155.71,457843.0,93000.0,11000000.0,695000.0,7473.0,118.0,940000.0,145000.0,154.0,1242128.0,1659115.62,1336.0,119459.0,1792.19,15.0,12395716.0,927726.16,75.0,14454.0,190.97,13.0,,,,5922.0,107103.0,18085.6,222619.0,211501.8,950.1,42461.0,,,7740088.0,366052.0,2757851.53,7534.0,1260.0,1350.35,1071.9,6060.41,,24934.28,
764,Thailand,2018,55543.0,130000.0,2340.5,3142.17,4643381.0,93384.0,235048.65,2517.0,,,,2076.14,272699.0,4152.28,459575.0,91635.0,12909091.0,710000.0,7748.0,141.0,950000.0,140000.0,147.0,1211752.0,1614654.77,1332.0,119426.0,1791.63,15.0,12051578.0,904585.04,75.0,12864.0,167.38,13.0,,,,5967.0,108291.0,18148.3,219882.0,210156.28,955.8,42357.0,,,7789624.0,367376.0,2823211.18,7684.8,1268.0,1306.58,1030.6,3027.7,,24913.67,
764,Thailand,2019,61365.0,145000.0,2362.9,3076.01,4600000.0,94507.0,237814.34,2516.4,,,,2032.43,275892.0,6503.76,463461.0,92386.0,12599378.0,692965.79,7501.0,136.0,873195.0,143000.0,164.0,1236114.0,1645816.8,1331.0,120270.0,1804.4,15.0,12325813.0,925126.95,75.0,13032.0,151.49,12.0,,,,7179.0,127935.0,17820.7,225539.0,215757.6,956.6,41739.0,,,7820731.0,369980.0,2788032.18,7535.6,1293.0,1320.27,1021.1,8188.18,,15243.2,
764,Thailand,2020,67938.0,162000.0,2384.5,3002.55,4557716.0,95678.0,240791.08,2516.7,,,,1983.89,281153.0,6348.44,466497.0,93769.0,12839396.0,706166.8,7531.0,137.0,900773.0,123662.58,137.0,1263167.0,1682369.67,1332.0,120590.0,1809.27,15.0,12431042.0,933309.68,75.0,13356.0,140.06,10.0,,,,6895.0,126864.0,18399.3,227714.0,218472.52,959.4,41289.0,,,7848826.0,360177.0,2808271.74,7796.9,1296.0,1325.73,1022.7,2893.17,,14879.16,
764,Thailand,2021,70935.0,171361.49,2415.8,3783.67,4445086.0,97993.0,246643.14,2516.9,,,,2500.0,278876.0,5000.0,466556.0,93321.0,12785836.0,703220.96,7536.0,137.0,863307.0,133924.85,155.0,1255721.0,1792712.33,1428.0,125160.0,1877.91,15.0,12474542.0,939660.07,75.0,13041.0,153.41,12.0,,,,6349.0,119897.0,18884.4,224378.0,214795.47,957.3,41768.0,,,7879613.0,360907.0,2810570.26,7787.5,1305.0,1317.53,1009.8,20915.78,,30000.0,
764,Thailand,2022,72399.0,174878.7,2415.5,4918.77,4503210.0,98216.0,247127.36,2516.2,,,,3250.0,283989.0,6500.0,471831.0,94673.0,12988312.0,714357.14,7546.0,137.0,818854.0,127028.94,155.0,1276276.0,1832282.18,1436.0,124537.0,1868.62,15.0,12430345.0,935845.66,75.0,12635.0,151.4,12.0,,,,6080.0,110860.0,18233.6,225877.0,216341.86,957.8,41836.0,,,7852721.0,356636.0,2735056.06,7669.0,1288.0,1321.18,1025.9,14596.04,1901.23,39000.0,
764,Thailand,2023,74941.0,182574.91,2436.3,3723.13,4405006.0,98947.0,248963.27,2516.1,,,,2460.0,289612.0,4920.0,477716.0,96145.0,13208329.0,726458.1,7556.0,137.0,766507.0,118908.33,155.0,1308024.0,1874720.27,1433.0,125447.0,1882.3,15.0,12442762.0,937839.56,75.0,12528.0,149.28,12.0,,,,6511.0,120474.0,18503.1,225989.0,216536.62,958.2,41750.0,,,7859968.0,352258.0,2708935.33,7690.2,1292.0,1321.48,1023.0,14632.92,1906.03,12915.0,
826,United Kingdom of Great Britain and Northern Ireland,2000,1128000.0,6492000.0,5755.3,132000.0,11133000.0,,,,,,,340000.0,154504.0,75000.0,77164.0,48815.0,9804000.0,568600.0,11648.0,201.0,2427000.0,705000.0,290.0,797400.0,1214800.0,1523.0,,,,12694600.0,899000.0,71.0,18381000.0,383000.0,21.0,108894.0,639915.0,5876.5,166000.0,6636000.0,39975.9,207600.0,789000.0,3800.6,42264000.0,83000.0,100000.0,6482000.0,153847.0,3183670.0,20693.7,2085990.0,16703526.0,8007.5,20000.0,55600.0,,105000.0
826,United Kingdom of Great Britain and Northern Ireland,2001,1245000.0,6660000.0,5349.4,126000.0,10600000.0,,,,,,,395000.0,163876.0,70000.0,76218.0,51345.0,10332000.0,599250.0,11671.0,201.0,2164000.0,645000.0,298.0,818655.0,1262730.0,1542.0,,,,10625900.0,777000.0,73.0,12964000.0,267000.0,21.0,112308.0,620839.0,5528.0,165000.0,6649000.0,40297.0,275400.0,967000.0,3511.3,36716000.0,71000.0,100000.0,5845000.0,117182.0,2840731.0,24242.0,1634996.0,11580107.0,7082.7,13000.0,56000.0,,87000.0
826,United Kingdom of Great Britain and Northern Ireland,2002,1101000.0,6128000.0,5565.8,136000.0,10343000.0,,,,,,,371000.0,155005.0,80000.0,74784.0,49869.0,10272000.0,595800.0,11947.0,206.0,2282000.0,694000.0,304.0,818805.0,1272046.0,1554.0,,,,10574800.0,774000.0,73.0,14993000.0,307000.0,20.0,125546.0,753344.0,6000.5,158000.0,6966000.0,44088.6,249000.0,922800.0,3706.0,35834280.0,87000.0,100000.0,5588000.0,114216.0,2578997.0,22580.0,1995868.0,15972556.0,8002.8,14000.0,56000.0,,105000.0
826,United Kingdom of Great Britain and Northern Ireland,2003,1076000.0,6360000.0,5910.8,131000.0,10517000.0,,,,,,,352000.0,165324.0,100000.0,93380.0,48547.0,10116000.0,586700.0,12085.0,208.0,2275000.0,699000.0,307.0,840198.0,1294783.0,1541.0,,,,9374000.0,716000.0,76.0,15095000.0,303000.0,20.0,121433.0,748590.0,6164.6,145000.0,5918000.0,40813.8,235000.0,922800.0,3926.8,35846000.0,115000.0,100000.0,5046800.0,121361.0,2587964.0,21324.5,1835762.0,14281852.0,7779.8,11800.0,56000.0,,102000.0
826,United Kingdom of Great Britain and Northern Ireland,2004,1007000.0,5799000.0,5758.7,122000.0,10551000.0,,,,,,,359000.0,165931.0,68000.0,89000.0,47936.0,10704000.0,620800.0,12951.0,223.0,2345000.0,719000.0,307.0,842694.0,1294573.0,1536.0,,,,9208000.0,708000.0,77.0,15161000.0,312000.0,21.0,107846.0,625971.0,5804.3,148700.0,6316500.0,42478.1,242080.0,875866.0,3618.1,35848000.0,88000.0,100000.0,5160600.0,108855.0,2547607.0,23403.7,1990000.0,15473000.0,7775.4,16800.0,56000.0,,80000.0
826,United Kingdom of Great Britain and Northern Ireland,2005,938000.0,5495000.0,5858.2,130000.0,10770200.0,,,,,,,391000.0,160528.0,63000.0,92000.0,49034.0,10608000.0,609000.0,12420.0,216.0,2413000.0,762000.0,316.0,864060.0,1333789.0,1544.0,,,,9173000.0,706000.0,77.0,16284000.0,331000.0,20.0,90366.0,528500.0,5848.4,137400.0,5979000.0,43515.3,227100.0,877200.0,3862.6,35253048.0,69000.0,100000.0,4863600.0,114487.0,2714585.0,23710.9,1867000.0,14863000.0,7960.9,14000.0,85000.0,,52000.0
826,United Kingdom of Great Britain and Northern Ireland,2006,881000.0,5239000.0,5946.7,117000.0,10579000.0,,,,,,,393300.0,158202.0,58600.0,98000.0,47530.0,10224000.0,594000.0,12497.0,215.0,2644477.0,847281.0,320.0,843514.0,1288832.0,1528.0,,,,9096574.0,696549.0,77.0,16413810.0,333500.0,20.0,121497.0,727763.0,5990.0,141000.0,5864000.0,41588.7,228200.0,758000.0,3321.6,34722000.0,65000.0,79000.0,4933000.0,110599.0,2512683.0,22718.9,1836125.0,14755222.0,8036.1,12500.0,85000.0,,49000.0
826,United Kingdom of Great Britain and Northern Ireland,2007,898000.0,5079000.0,5655.9,120000.0,10304000.0,,,,,,,373700.0,157513.0,36000.0,95000.0,47719.0,9972000.0,579245.0,12139.0,209.0,2661000.0,882000.0,331.0,835753.0,1270170.0,1520.0,,,,9484000.0,739000.0,78.0,15804000.0,329500.0,21.0,129382.0,711696.0,5500.7,140200.0,5635000.0,40192.6,160800.0,695000.0,4322.1,33946000.0,67000.0,76500.0,4834000.0,111169.0,2382717.0,21433.3,1830000.0,13220620.0,7224.4,12800.0,85000.0,,50000.0
826,United Kingdom of Great Britain and Northern Ireland,2008,1032000.0,6144000.0,5953.5,111000.0,10107000.0,,,,,,,343400.0,154180.0,36000.0,92000.0,44321.0,10404000.0,600102.0,13540.0,235.0,2632000.0,862000.0,328.0,822753.0,1259060.0,1530.0,,,,9427000.0,740000.0,78.0,16697000.0,331600.0,20.0,135022.0,783574.0,5803.3,144000.0,5999000.0,41659.7,148176.0,641000.0,4325.9,33131000.0,51300.0,77000.0,4714000.0,110978.0,2554786.0,23020.7,2080209.0,17227051.0,8281.4,8000.0,88000.0,,43000.0
826,United Kingdom of Great Britain and Northern Ireland,2009,1143000.0,6668000.0,5833.8,118000.0,10025000.0,,,,,,,360000.0,159288.0,36000.0,88000.0,42663.0,10319000.0,603000.0,14134.0,242.0,2513000.0,833000.0,331.0,839000.0,1270000.0,1514.0,,,,9030841.0,720253.0,80.0,15600000.0,313100.0,20.0,129106.0,744417.0,5765.9,144000.0,6396000.0,44416.7,228000.0,839400.0,3681.6,31445000.0,61700.0,74300.0,4540000.0,116932.0,2608880.0,22311.1,1775337.0,14075596.0,7928.4,2000.0,85000.0,,40000.0
826,United Kingdom of Great Britain and Northern Ireland,2010,921000.0,5252000.0,5702.5,120000.0,10112000.0,,,,,,,372500.0,152000.0,36000.0,93000.0,47107.0,11274000.0,658000.0,13968.0,239.0,2710000.0,908000.0,335.0,904000.0,1376000.0,1522.0,,,,9454000.0,758000.0,80.0,13999000.0,286800.0,20.0,124459.0,685310.0,5506.3,138000.0,6056000.0,43884.1,275000.0,917000.0,3334.5,31084000.0,65300.0,75500.0,4460000.0,114161.0,2679389.0,23470.3,1938577.0,14877835.0,7674.6,6500.0,76000.0,,45000.0
826,United Kingdom of Great Britain and Northern Ireland,2011,970000.0,5494000.0,5663.9,130000.0,9933000.0,,,,,,,390600.0,151000.0,36000.0,94000.0,48610.0,11200680.0,657000.0,13516.0,230.0,2838000.0,936000.0,330.0,899000.0,1353000.0,1505.0,,,,10062000.0,806000.0,80.0,14477000.0,300700.0,21.0,108604.0,613369.0,5647.8,146000.0,6310000.0,43219.2,211000.0,723000.0,3426.5,31634000.0,66600.0,78200.0,4441000.0,116847.0,2818109.0,24117.9,1969383.0,15257083.0,7747.1,3000.0,80000.0,,45000.0
826,United Kingdom of Great Britain and Northern Ireland,2012,1002000.0,5522000.0,5511.0,145000.0,9900000.0,,,,,,,392700.0,149000.0,60000.0,98000.0,46633.0,10806200.0,643000.0,13789.0,232.0,2681000.0,885000.0,330.0,919000.0,1379000.0,1501.0,,,,10299000.0,825000.0,80.0,13746000.0,275000.0,20.0,121924.0,627045.0,5142.9,149000.0,4553000.0,30557.0,167000.0,550000.0,3293.4,32215000.0,50300.0,77300.0,4481000.0,114908.0,2471800.0,21511.1,1992000.0,13261000.0,6657.1,3000.0,75000.0,,35000.0
826,United Kingdom of Great Britain and Northern Ireland,2013,1213000.0,7092000.0,5846.7,145000.0,9844000.0,,,,,,,384000.0,152000.0,40000.0,98000.0,47024.0,11517000.0,672000.0,14291.0,245.0,2625000.0,847000.0,323.0,945000.0,1443000.0,1527.0,,,,10302000.0,833000.0,81.0,14517000.0,289000.0,20.0,176541.0,963563.0,5458.0,139000.0,5685000.0,40899.3,196500.0,657000.0,3343.5,32856000.0,66600.0,77600.0,4885000.0,117168.0,2593779.0,22137.3,1614511.0,11921304.0,7383.8,3500.0,65000.0,,45000.0
826,United Kingdom of Great Britain and Northern Ireland,2014,1080000.0,6911000.0,6399.1,143000.0,9837000.0,,,,,,,410000.0,159000.0,46287.59,100000.0,47000.0,11653000.0,680000.0,14468.0,248.0,2669000.0,877000.0,329.0,942000.0,1442000.0,1531.0,,,,10470000.0,863000.0,82.0,14620000.0,298000.0,20.0,137233.0,819985.0,5975.1,141000.0,5911000.0,41922.0,229438.0,799711.57,3485.5,33743000.0,90510.17,116385.27,4815000.0,117322.0,2802695.0,23888.9,1935737.0,16606009.0,8578.6,3284.83,76227.89,,61734.07
826,United Kingdom of Great Britain and Northern Ireland,2015,1101000.0,7370000.0,6693.9,145000.0,9919000.0,,,,,,,430000.0,157000.0,50769.21,101000.0,52461.0,11966000.0,699000.0,13324.0,228.0,2649000.0,885000.0,334.0,998000.0,1521000.0,1524.0,,,,10872000.0,900000.0,83.0,14797000.0,302000.0,20.0,131000.0,799000.0,6099.2,129000.0,5644000.0,43751.9,263351.0,924177.46,3509.3,33337000.0,99282.43,131490.45,4739000.0,122149.0,2564931.4,20998.3,1832000.0,16444000.0,8976.0,3524.75,77653.32,,67935.58
826,United Kingdom of Great Britain and Northern Ireland,2016,1122000.0,6655000.0,5931.4,143000.0,10033000.0,,,,,,,440000.0,161000.0,44973.24,104000.0,53469.0,12370000.0,722000.0,13503.0,231.0,2780000.0,915000.0,329.0,1050000.0,1608000.0,1531.0,,,,10990000.0,919000.0,84.0,14556000.0,291000.0,20.0,141000.0,816000.0,5787.2,139000.0,5395000.0,38812.9,321600.0,1109800.0,3450.9,33943000.0,85814.17,107915.44,4866000.0,117679.0,2604446.83,22131.7,1823000.0,14383000.0,7889.7,3530.86,74672.24,,58406.79
826,United Kingdom of Great Britain and Northern Ireland,2017,1177000.0,7169000.0,6090.9,161000.0,10004000.0,,,,,,,460000.0,171000.0,47516.92,104000.0,54000.0,12886000.0,752000.0,13926.0,239.0,2754000.0,905000.0,329.0,1090000.0,1660000.0,1523.0,,,,10657000.0,903000.0,85.0,14872000.0,299000.0,20.0,161000.0,875000.0,5434.8,146000.0,6218000.0,42589.0,327800.0,1211000.0,3694.3,34832000.0,102866.1,132607.5,4969000.0,119262.0,2709207.64,22716.4,1792000.0,14837000.0,8279.6,3402.34,75215.13,,70186.51
826,United Kingdom of Great Britain and Northern Ireland,2018,1138000.0,6510000.0,5720.6,152000.0,9892000.0,,,,,,,470000.0,178000.0,10386.52,104000.0,57657.0,13303000.0,777000.0,13476.0,231.0,2811000.0,922000.0,328.0,1137000.0,1750000.0,1539.0,,,,10938000.0,927000.0,85.0,14418000.0,289000.0,20.0,171000.0,850000.0,4970.8,140000.0,5060000.0,36142.9,284746.0,777934.13,2732.0,33781000.0,103838.33,133973.32,5055000.0,120387.0,2498324.6,20752.4,1748000.0,13555000.0,7754.6,3894.5,81053.13,,70858.25
826,United Kingdom of Great Britain and Northern Ireland,2019,1162000.0,8048000.0,6926.0,194000.0,9739000.0,,,,,,,471000.0,176000.0,10601.14,111000.0,57200.0,13541000.0,791000.0,13829.0,237.0,2826000.0,914000.0,323.0,1108000.0,1726000.0,1558.0,,,,11107000.0,957000.0,86.0,14852000.0,307000.0,21.0,182000.0,1076000.0,5912.1,144000.0,5307000.0,36854.2,271299.0,980791.38,3615.2,33580000.0,97690.46,126041.28,5078000.0,121194.0,2556286.42,21092.5,1816000.0,16225000.0,8934.5,7013.35,83472.71,,66663.0
826,United Kingdom of Great Britain and Northern Ireland,2020,1388000.0,8117000.0,5848.0,200000.0,9615000.0,,,,,,,490000.0,172000.0,10475.52,112000.0,56330.0,13266000.0,774000.0,13740.0,236.0,2826000.0,932000.0,330.0,1155000.0,1794000.0,1553.0,,,,11165000.0,984000.0,88.0,14494000.0,296000.0,20.0,210000.0,1031000.0,4909.5,142413.0,5512813.08,38710.0,323684.0,977359.34,3019.5,32697000.0,100054.54,129091.43,5055000.0,129288.0,2628201.48,20328.2,1387000.0,9658000.0,6963.2,10998.29,80049.31,,68276.22
826,United Kingdom of Great Britain and Northern Ireland,2021,1150000.0,6961000.0,6053.0,214100.0,9603000.0,,,,,,,497000.0,180000.0,10933.26,111000.0,58262.0,13404674.0,759100.0,13029.0,230.0,2749000.0,906200.0,330.0,1172000.0,1841000.0,1571.0,,,,11520000.0,1035100.0,90.0,13519000.0,283000.0,21.0,200000.0,1123000.0,5615.0,136950.0,5127386.91,37440.0,340661.0,1158017.28,3399.3,32957000.0,112015.52,144523.61,5323000.0,125022.0,2576777.4,20610.5,1790000.0,13988000.0,7814.5,10482.7,67276.44,,76438.28
826,United Kingdom of Great Britain and Northern Ireland,2022,1104000.0,7385000.0,6689.3,208600.0,9631892.0,,,,,,,511800.0,174193.0,10934.25,111000.0,56974.0,12525737.0,705406.0,12381.0,220.0,2813347.0,923400.0,328.0,1143200.0,1846770.0,1615.0,,,,11423000.0,1041400.0,91.0,13945700.0,291200.0,21.0,174000.0,1107000.0,6362.1,126422.0,5062283.0,40042.7,361051.0,1063985.67,2946.9,33173748.0,108469.05,139947.92,5220443.0,124456.0,2409508.72,19360.3,1809000.0,15540000.0,8590.4,10733.36,68885.17,,74018.2
826,United Kingdom of Great Britain and Northern Ireland,2023,1137000.0,6963000.0,6124.0,200900.0,9555426.0,,,,,,,509900.0,170233.0,10745.99,111000.0,56107.0,13128000.0,802222.0,14298.0,234.0,2766096.0,900600.0,326.0,1153300.0,1851010.0,1605.0,,,,10262000.0,926400.0,90.0,13928500.0,286000.0,21.0,167000.0,830000.0,4970.1,115076.0,4703724.0,40874.9,366702.0,1134961.43,3095.0,31802536.0,104903.06,135347.04,4683319.0,124641.0,2335356.6,18736.6,1720000.0,13980000.0,8127.9,10734.96,68895.47,,71584.8
840,United States of America,2000,2104390.0,6919370.0,3288.1,569727.0,98199000.0,,,,,,333450.0,3745765.0,1381000.0,3510.0,2300000.0,329067.0,84717000.0,5017000.0,15246.0,257.0,37587800.0,12016583.0,320.0,8430000.0,14072482.0,1669.0,662658.0,9768.37,15.0,98105900.0,8596946.41,88.0,3527000.0,106100.0,30.0,940900.0,2165120.0,2301.1,545320.0,23293964.0,42716.1,864508.0,1576777.0,1823.9,7032000.0,661000.0,479200.0,59110300.0,1342439.0,37477819.0,27917.7,21474064.0,60639376.0,2823.8,52300.0,539000.0,66100.0,50500.0
840,United States of America,2001,1729240.0,5406730.0,3126.7,558752.0,97297500.0,,,,,,336800.0,3746958.0,1398000.0,5400.0,2400000.0,336330.0,86093000.0,5099000.0,15161.0,256.0,36576400.0,12195753.0,333.0,8614000.0,14415894.0,1674.0,685318.0,10102.41,15.0,98081900.0,8691293.74,89.0,3290000.0,101200.0,31.0,773360.0,1706990.0,2207.2,494086.0,19852512.0,40180.3,729763.0,1289836.0,1767.5,6965000.0,645000.0,440000.0,59721600.0,1284883.0,34694595.0,27002.1,19616538.0,52999932.0,2701.8,37000.0,474400.0,63770.0,18800.0
840,United States of America,2002,1668540.0,4940300.0,2960.9,614685.0,96723000.0,,,,,,339490.0,3876980.0,1432000.0,3240.0,2530466.0,339293.0,87252000.0,5167000.0,15229.0,257.0,36970000.0,11890031.0,322.0,8716099.0,14871856.0,1706.0,716087.0,10555.98,15.0,100377600.0,8928976.42,89.0,3350800.0,101000.0,30.0,832850.0,1683760.0,2021.7,512297.0,20782288.0,40566.9,950326.0,1769645.0,1862.1,6623000.0,727340.0,478900.0,59554200.0,1271546.0,36843187.0,28975.1,18544516.0,43703968.0,2356.7,49000.0,505900.0,60300.0,21500.0
840,United States of America,2003,1912970.0,6058900.0,3167.3,563524.0,96100000.0,,,,,,349052.0,3881500.0,1415000.0,6300.0,2530000.0,338579.0,87516000.0,5183000.0,15308.0,258.0,36686200.0,12334552.0,336.0,8684434.0,15082695.0,1737.0,709471.0,10458.46,15.0,101042700.0,9056889.62,90.0,3042300.0,92000.0,30.0,898410.0,2095710.0,2332.7,505701.0,20783556.0,41098.5,811011.0,1421468.0,1752.7,6321000.0,723317.0,427262.0,60453200.0,1265209.0,35769938.0,28272.0,21474070.0,63803256.0,2971.2,52000.0,492223.0,92691.0,17500.0
840,United States of America,2004,1627260.0,6090680.0,3742.9,565484.0,94888000.0,,,,,,353300.0,4024800.0,1457000.0,6300.0,2525000.0,342395.0,89198000.0,5283000.0,15430.0,261.0,33759700.0,11947637.0,354.0,8895748.0,15679617.0,1763.0,707099.0,,,103573400.0,9312716.02,90.0,2906300.0,88450.0,30.0,723180.0,1679310.0,2322.1,471869.0,20675012.0,43815.2,856743.0,1556774.0,1817.1,6105000.0,643000.0,423900.0,60443700.0,1213446.0,37761911.0,31119.6,20221956.0,58697040.0,2902.6,41380.0,469422.0,87538.0,18900.0
840,United States of America,2005,1322930.0,4613490.0,3487.3,611153.0,95018000.0,,,,,,355900.0,4150063.0,1479000.0,9000.0,2715000.0,345027.0,90343000.0,5350000.0,15506.0,262.0,33311400.0,11180612.0,336.0,9000473.0,16275452.0,1808.0,738855.0,,,103690100.0,9391822.63,91.0,2762800.0,84820.0,31.0,737750.0,1667170.0,2259.8,439574.0,19222700.0,43730.3,1150813.0,2145174.0,1864.1,6135000.0,695400.0,490800.0,60975000.0,1189517.0,34902284.0,29341.6,20276588.0,57241992.0,2823.1,35946.0,472000.0,86573.0,14700.0
840,United States of America,2006,1194240.0,3922630.0,3284.6,656995.0,96701504.0,,,,,,352895.0,4320267.0,1478000.0,10800.0,2837000.0,349700.0,91788000.0,5436000.0,15545.0,262.0,34596600.0,11242845.0,325.0,8968666.0,16331289.0,1821.0,749400.0,11047.0,15.0,104842300.0,9558699.46,91.0,2767500.0,83910.0,30.0,632940.0,1357470.0,2144.7,453334.0,19989724.0,44094.9,1209838.0,1935661.0,1599.9,6230000.0,689403.0,563279.0,61448900.0,1177204.0,35133099.0,29844.5,18939492.0,49216040.0,2598.6,45934.0,503313.0,83816.0,13845.0
840,United States of America,2007,1417220.0,4574610.0,3227.9,695307.0,96573000.0,,,,,,354709.0,4400069.0,1484000.0,13500.0,3048000.0,346498.0,91101000.0,5395000.0,15570.0,263.0,35209200.0,11909626.0,338.0,9035620.0,16627438.0,1840.0,827300.0,12196.0,15.0,109277500.0,9961898.2,91.0,2528000.0,82550.0,33.0,608650.0,1312590.0,2156.6,454143.0,20179192.0,44433.6,1109159.0,2156151.0,1944.0,6120000.0,683025.0,756590.0,62515800.0,1156956.0,36558498.0,31598.9,20638784.0,55820360.0,2704.6,50497.0,514310.0,83897.0,14400.0
840,United States of America,2008,1527700.0,5205180.0,3407.2,745613.0,96034500.0,,,,,,355000.0,4495614.0,1502000.0,15300.0,3118000.0,339933.0,90239000.0,5344000.0,15721.0,265.0,35497600.0,12030872.0,339.0,9075112.0,16994092.0,1873.0,865800.0,12763.0,15.0,116558400.0,10598969.44,91.0,2647400.0,81693.0,31.0,572230.0,1307090.0,2284.2,423666.0,18826578.0,44437.3,1078460.0,1892979.0,1755.3,5950000.0,840000.0,697796.0,68176800.0,1120822.0,34876076.74,31116.5,22540828.0,68016096.0,3017.5,47145.0,490754.0,98090.0,22740.0
840,United States of America,2009,1260200.0,4933700.0,3915.0,713269.0,94721000.0,,,,,,356000.0,4569800.0,1425000.0,18000.0,3069000.0,338846.0,90737000.0,5374000.0,15860.0,268.0,34449200.0,12091245.0,351.0,8658603.0,16334044.0,1886.0,839000.0,12368.0,15.0,113732300.0,10441708.78,92.0,2611200.0,80377.0,31.0,542280.0,1321490.0,2436.9,422492.0,19622476.0,46444.6,1151825.0,2293180.0,1990.9,5747000.0,786000.0,687067.0,64887200.0,1128443.0,36639164.88,32468.8,20191200.0,60365728.0,2989.7,41503.0,454126.0,89513.0,27016.0
840,United States of America,2010,997560.0,3924280.0,3933.9,709406.0,94081200.0,,,,,,356000.0,4737045.0,1437000.0,18450.0,3038000.0,341505.0,91811000.0,5437000.0,15921.0,269.0,35285000.0,11818953.0,335.0,8790284.0,16970632.0,1931.0,779100.0,11485.0,15.0,110367000.0,10185655.58,92.0,2552800.0,76340.0,30.0,512740.0,1188140.0,2317.2,408288.0,18350034.0,44943.8,1361739.0,2594682.0,1905.4,5620000.0,824000.0,723953.0,64925000.0,1079463.0,34723851.95,32167.7,19270930.0,60062408.0,3116.7,40353.0,459503.0,76643.0,31732.0
840,United States of America,2011,906910.0,3370110.0,3716.0,820890.0,92887400.0,,,,,,356000.0,4805820.0,1435000.0,22500.0,2996000.0,340598.0,92450000.0,5475000.0,16075.0,271.0,35087500.0,11969954.0,341.0,8683643.0,17111218.0,1971.0,773800.0,11407.0,15.0,110956300.0,10330714.59,93.0,2257500.0,69536.0,31.0,354100.0,727580.0,2054.7,436454.0,19506150.0,44692.3,841544.0,1487149.0,1767.2,5480000.0,882000.0,731850.0,66360800.0,1031700.0,33970838.65,32927.0,18496174.0,54418808.0,2942.2,44765.0,458181.0,66718.0,29840.0
840,United States of America,2012,1324960.0,4767940.0,3598.6,843473.0,91160200.0,,,,,,360000.0,4937922.0,1410000.0,22950.0,2703000.0,344844.0,94364000.0,5589000.0,16207.0,274.0,33861900.0,11916067.0,352.0,8576195.0,17035082.0,1986.0,727400.0,10723.0,15.0,113246600.0,10554199.82,93.0,2275400.0,72938.0,32.0,406710.0,892470.0,2194.4,460735.0,21090685.0,45776.2,1214471.0,2363525.0,1946.1,5375000.0,973000.0,752462.0,66224000.0,1057455.0,35260077.71,33344.3,19797644.0,61677384.0,3115.4,36552.0,453093.0,82991.0,26368.0
840,United States of America,2013,1230260.0,4719070.0,3835.8,844832.0,90095200.0,,,,,,363000.0,5035684.0,1422000.0,23400.0,2632000.0,354844.0,97555000.0,5778000.0,16283.0,275.0,33352500.0,11788608.0,353.0,8648756.0,17396797.0,2011.0,689200.0,10160.0,15.0,112160500.0,10524534.84,94.0,2412200.0,73074.0,30.0,408330.0,938280.0,2297.8,425290.0,19715480.0,46357.7,1099826.0,2241339.0,2037.9,5360000.0,956400.0,753575.0,64774600.0,1023974.0,33637342.56,32849.8,18345410.0,58104610.0,3167.3,40329.0,473000.0,75072.0,32683.0
840,United States of America,2014,1010510.0,3952610.0,3911.5,841556.0,88526000.0,,,,,,391962.97,5221803.0,1424000.0,23853.8,2611000.0,364707.0,100879000.0,5974000.0,16380.0,277.0,30857300.0,11698116.0,379.0,8669628.0,17729278.0,2045.0,634000.0,9346.0,15.0,106957700.0,10368226.72,97.0,2404000.0,72892.0,30.0,418850.0,1019410.0,2433.8,425370.0,20056500.0,47150.7,1233894.0,2394750.0,1940.8,5245000.0,1047000.0,773393.0,67776300.0,1024658.0,35662549.7,34804.3,18771550.0,55147120.0,2937.8,41951.0,394490.0,69945.0,46775.0
840,United States of America,2015,1258180.0,4665770.0,3708.3,838936.0,89143000.0,,,,,,386839.71,5366686.0,1448000.0,24311.52,2650000.0,352411.0,97208200.0,5756587.0,16335.0,276.0,29320300.0,10817307.0,369.0,8822692.0,18402752.88,2086.0,590700.0,8708.86,15.0,115512200.0,11120747.53,96.0,2318600.0,70579.7,30.0,516380.0,1299600.0,2516.8,426710.0,20012720.0,46900.0,1420025.0,2574961.0,1813.3,5280000.0,1029000.0,782670.0,68919300.0,934201.0,34474392.54,36902.5,19058470.0,55839540.0,2929.9,55289.0,443417.0,124088.0,49000.0
840,United States of America,2016,1038030.0,4352610.0,4193.1,834346.0,91888000.0,,,,,,393480.37,5525512.0,1463000.0,24773.97,2615000.0,365997.0,102111500.0,6046956.0,16522.0,279.0,31188800.0,11507221.0,369.0,8908986.0,18708464.57,2100.0,577500.0,8514.67,15.0,118303900.0,11320182.0,96.0,2332600.0,70488.98,30.0,396190.0,938070.0,2367.7,419943.0,20426359.0,48640.8,1679135.0,3414555.0,2033.5,5295000.0,1049000.0,783956.0,71345400.0,992338.0,34135076.18,34398.6,17744851.0,62831507.0,3540.8,57845.0,433156.0,96963.0,45000.0
840,United States of America,2017,794000.0,3119070.0,3928.3,838008.0,93624600.0,,,,,,401245.24,5733390.0,1486000.0,25408.86,2627000.0,381175.0,107241600.0,6350756.0,16661.0,281.0,32817400.0,11943486.0,364.0,9050702.0,19140570.0,2115.0,597700.0,8811.93,15.0,121389700.0,11610981.0,96.0,2274200.0,68130.27,30.0,325370.0,719720.0,2212.0,422690.0,20453430.0,48388.7,1657680.0,2614420.0,1577.2,5270000.0,1073000.0,753332.0,73144900.0,962162.0,32081873.4,33343.5,15198130.0,47379810.0,3117.5,49975.0,470332.0,92688.0,56000.0
840,United States of America,2018,802100.0,3342660.0,4167.4,892801.0,94298000.0,,,,,,194929.22,5913715.0,1506000.0,26607.02,2639000.0,394361.0,110073700.0,6518471.0,16529.0,279.0,33703400.0,12255874.0,364.0,9160910.0,19568042.0,2136.0,621700.0,9165.47,15.0,124508400.0,11942965.0,96.0,2357200.0,71758.0,30.0,350060.0,814720.0,2327.4,410670.0,20421560.0,49727.4,1438290.0,2815990.0,1957.9,5265000.0,1067000.0,720870.0,75070200.0,935279.0,31731880.94,33927.7,16030580.0,51305540.0,3200.5,49525.0,453300.0,95564.0,65000.0
840,United States of America,2019,898820.0,3755720.0,4178.5,904521.0,94804701.0,,,,,,201595.59,5959034.0,1530000.0,21314.28,2622000.0,399500.0,113206100.0,6706770.0,16788.0,283.0,34264800.0,12384649.0,361.0,9339249.0,20197090.45,2163.0,675200.0,9954.84,15.0,129990000.0,12542865.0,96.0,2413200.0,69490.0,29.0,335080.0,773040.0,2307.0,379320.0,19251320.0,50752.2,1254530.0,2473130.0,1971.4,5230000.0,1107000.0,703568.0,78227600.0,860704.0,29510628.51,34286.6,15132980.0,52580890.0,3474.6,57273.0,443413.0,99191.0,64000.0
840,United States of America,2020,895980.0,3719010.0,4150.8,973141.0,93793300.0,,,,,,211806.54,6005461.0,1537000.0,21906.3,2655000.0,391772.0,111734400.0,6658784.0,16997.0,285.0,33366100.0,12388505.0,371.0,9346660.0,18814264.0,2013.0,624400.0,9206.3,15.0,131639000.0,12845097.0,98.0,2318400.0,64910.0,28.0,408330.0,953550.0,2335.2,368960.0,19051790.0,51636.5,1374050.0,2983690.0,2171.5,5200000.0,1209000.0,665171.0,77312000.0,833524.0,29223752.58,35060.5,14888140.0,49751180.0,3341.7,49428.0,434994.0,76820.0,63000.0
840,United States of America,2021,806950.0,2625600.0,3253.7,935636.0,93586500.0,,,,,,200000.0,6241897.0,1522000.0,27873.52,2606000.0,391242.0,111395300.0,6639446.0,16970.0,285.0,34360100.0,12733653.0,371.0,9325584.0,19230123.0,2062.0,598500.0,8824.66,15.0,129062400.0,12559837.0,97.0,2355200.0,64773.0,28.0,263050.0,578220.0,2198.1,376200.0,18717000.0,49752.8,1270850.0,1718485.0,1352.2,5200000.0,1249000.0,666516.0,74606100.0,885946.0,29255461.33,33021.7,15032210.0,44803690.0,2980.5,56059.0,404602.0,76805.0,67267.0
840,United States of America,2022,981370.0,3786660.0,3858.5,933840.0,91788700.0,,,,,,208863.49,6388679.0,1532000.0,28261.29,2570000.0,379304.0,109514100.0,6528357.0,17211.0,289.0,34811900.0,12889961.0,370.0,9546222.0,19841239.0,2078.0,607300.0,8954.74,15.0,125400200.0,12251984.0,98.0,2166600.0,61779.0,29.0,356130.0,837060.0,2350.4,371590.0,18236860.0,49077.9,1241550.0,2294580.0,1848.2,5165000.0,1195000.0,654864.0,74955500.0,879693.0,29415319.24,33438.2,14360420.0,44897830.0,3126.5,54598.0,619775.0,68662.0,62084.0
840,United States of America,2023,1033980.0,4028680.0,3896.3,957773.0,88841000.0,,,,,,206721.32,6420928.0,1539000.0,28641.07,2527000.0,382791.0,109619500.0,6535414.1,17073.0,286.0,33254800.0,12286638.0,369.0,9501611.0,19901890.0,2095.0,636600.0,9386.9,15.0,128047400.0,12391146.0,97.0,2263800.0,61280.0,27.0,336300.0,828010.0,2462.1,388580.0,19992090.0,51449.1,1201480.0,2367610.0,1970.6,5130000.0,1166000.0,699846.0,75461300.0,845522.0,31253511.27,36963.6,15083610.0,49313930.0,3269.4,63370.0,654308.0,74443.0,50290.0
858,Uruguay,2000,88600.0,213900.0,2414.2,15600.0,10353000.0,,,,,,9000.0,31279.0,13000.0,337.5,15000.0,3990.0,673000.0,37000.0,9274.0,169.0,1910639.0,453123.0,237.0,56206.0,52000.0,925.0,,,,317500.0,26000.0,82.0,3150000.0,51000.0,16.0,11683.0,15000.0,1283.9,8750.0,108565.0,12407.4,6850.0,6700.0,978.1,13198000.0,15000.0,,294000.0,14934.0,137879.17,9232.4,128000.0,324400.0,2534.4,,,,18000.0
858,Uruguay,2001,129000.0,117700.0,912.4,15800.0,10595000.0,,,,,,11000.0,32367.0,13100.0,495.0,15000.0,3400.0,574170.0,31600.0,9294.0,169.0,1410718.0,317000.0,225.0,54998.0,54998.0,1000.0,,,,302100.0,22600.0,75.0,3160000.0,51200.0,16.0,11748.0,15000.0,1276.8,8269.0,121135.0,14649.3,6850.0,6650.0,970.8,12083000.0,10000.0,,282000.0,14437.0,148709.4,10300.4,125000.0,143600.0,1148.8,,231.0,,22000.0
858,Uruguay,2002,102800.0,217360.0,2114.4,16100.0,11268000.0,,,,,,11000.0,28090.0,13200.0,153.0,15000.0,4200.0,703036.0,38667.0,9206.0,167.0,1675951.0,411841.0,246.0,45181.0,45181.0,1000.0,,,,263081.0,19521.0,74.0,1865000.0,30837.0,17.0,12600.0,15600.0,1238.1,10913.0,141213.0,12939.9,6990.0,6810.0,974.2,10801000.0,15500.0,,270000.0,13186.0,164570.01,12480.6,135000.0,270000.0,2000.0,,994.0,,33600.0
858,Uruguay,2003,117700.0,323700.0,2750.2,17146.0,11708000.0,,,,,,11000.0,27301.0,13300.0,549.0,16000.0,3750.0,627945.0,34537.0,9210.0,167.0,1772660.0,424211.0,239.0,30686.0,30686.0,1000.0,,,,218833.0,16797.0,77.0,1593000.0,26934.0,17.0,22067.0,29800.0,1350.4,10680.0,173812.0,16274.5,7080.0,6880.0,971.8,9975000.0,15500.0,,240000.0,12990.0,186583.0,14363.6,137100.0,205800.0,1501.1,,2408.0,,23600.0
858,Uruguay,2004,136600.0,406500.0,2975.8,16520.0,11958000.0,,,,,,11000.0,34420.0,13500.0,585.0,16000.0,3940.0,659055.0,36248.0,9200.0,167.0,2170275.0,496498.0,229.0,40997.0,40997.0,1000.0,,,,261400.0,17424.0,67.0,1568000.0,26504.0,17.0,18200.0,26300.0,1445.1,8627.0,137950.0,15990.5,6960.0,6760.0,971.3,9766000.0,12200.0,,235000.0,13206.0,174119.0,13184.8,117700.0,326000.0,2769.8,,7007.0,,27500.0
858,Uruguay,2005,78100.0,242300.0,3102.4,16400.0,11956000.0,,,,,,11000.0,40858.0,14000.0,990.0,16000.0,4500.0,755600.0,41558.0,9235.0,168.0,2420830.0,590000.0,244.0,51762.0,51762.0,1000.0,,,,281400.0,19754.0,70.0,2000000.0,33000.0,17.0,18000.0,27000.0,1500.0,8326.0,157636.0,18933.0,7086.0,7050.0,994.9,10847000.0,13500.0,,255000.0,12364.0,171874.0,13901.2,179300.0,532600.0,2970.4,,7826.0,,42000.0
858,Uruguay,2006,127500.0,432100.0,3389.0,19000.0,12437000.0,,,,,,11000.0,41686.0,14000.0,720.0,16500.0,4590.0,769000.0,42295.0,9215.0,168.0,2620607.0,600000.0,229.0,60387.0,60387.0,1000.0,,,,277500.0,18511.0,67.0,1865242.0,31000.0,17.0,27500.0,42900.0,1560.0,8569.0,147981.0,17269.3,6980.0,6880.0,985.7,11087000.0,22000.0,,240000.0,12258.0,179988.23,14683.3,153500.0,454100.0,2958.3,,9499.0,,42000.0
858,Uruguay,2007,138200.0,310200.0,2244.6,15808.0,12368000.0,,,,,,15800.0,47984.0,14000.0,500.4,16500.0,5150.0,792859.0,47572.0,9237.0,154.0,2230776.0,522982.0,234.0,50121.0,50121.0,1000.0,,,,297300.0,21057.0,71.0,1631959.0,27272.0,17.0,13900.0,21100.0,1518.0,7925.0,118362.0,14935.3,7148.0,6931.84,969.7,10323000.0,12000.0,,245000.0,10782.0,173578.49,16098.4,193400.0,611200.0,3160.3,,19500.6,,52000.0
858,Uruguay,2008,129900.0,409500.0,3152.4,18000.0,12657000.0,,,,,,15800.0,53737.0,16000.0,270.0,16700.0,6300.0,972124.0,58327.0,9258.0,154.0,2248405.0,526869.0,234.0,75300.0,75300.0,1000.0,,,,278300.0,20869.0,75.0,1855488.0,30022.0,16.0,15100.0,19000.0,1258.3,6294.0,106557.0,16929.9,7300.0,7050.0,965.8,9558000.0,12000.0,,235000.0,10568.0,160003.0,15140.3,245300.0,697143.0,2842.0,,16625.0,,50000.0
858,Uruguay,2009,140573.0,464071.0,3301.3,15878.0,12490000.0,,,,,,12000.0,55355.0,17000.0,270.0,16700.0,5800.0,874900.0,52495.0,9051.0,151.0,2357582.0,491213.0,208.0,72800.0,72800.0,1000.0,,,,236800.0,17290.0,73.0,2467465.0,32718.0,13.0,31497.0,54425.0,1727.9,6353.0,102287.0,16100.6,7410.0,7180.0,969.0,8662000.0,18000.0,,200000.0,9571.0,158735.17,16584.5,475000.0,1356600.0,2856.0,,18060.0,,58750.0
858,Uruguay,2010,61900.0,186400.0,3011.3,16262.0,11800000.0,,,,,,12000.0,63753.0,16500.0,951.43,16700.0,6000.0,864720.0,52488.0,8748.0,144.0,2242436.0,524000.0,234.0,69200.0,69200.0,1000.0,,,,250000.0,18397.0,74.0,1904500.0,20563.0,11.0,22300.0,36644.42,1643.2,5707.0,114662.0,20091.5,7240.0,7008.21,968.0,7710000.0,18000.0,,210000.0,9460.0,158320.05,16735.5,549215.0,1844416.0,3358.3,,19600.0,,55000.0
858,Uruguay,2011,104600.0,326900.0,3125.2,25389.0,11808000.0,,,,,,15200.0,67867.0,17500.0,1000.5,17000.0,6200.0,991800.0,54600.0,8806.0,160.0,2046903.0,485814.0,237.0,85342.0,85342.0,1000.0,,,,262000.0,20853.0,80.0,1904760.0,20337.0,11.0,22861.0,37650.2,1646.9,5076.0,90155.0,17761.0,7198.0,6968.7,968.2,7474000.0,28000.0,,220000.0,9354.0,169094.02,18076.6,404000.0,1300700.0,3219.6,,23100.0,,60000.0
858,Uruguay,2012,117300.0,220000.0,1875.5,25580.0,11406000.0,,,,,,15200.0,69359.0,18000.0,1319.28,17300.0,6200.0,904680.0,50219.0,8100.0,146.0,2072000.0,510160.0,246.0,84400.0,84400.0,1000.0,,,,250000.0,17223.0,69.0,1934500.0,19300.0,10.0,23203.0,39145.78,1687.1,4957.0,109000.0,21989.1,7050.0,6800.0,964.5,8225000.0,30000.0,,207000.0,8957.0,179284.0,20016.1,593400.0,2016300.0,3397.9,,23100.0,,64000.0
858,Uruguay,2013,99500.0,200300.0,2013.1,30984.0,11536000.0,,,,,,15200.0,67000.0,20000.0,1237.47,17500.0,6300.0,910000.0,55896.0,8872.0,144.0,1982000.0,491700.0,248.0,33500.0,83225.0,2484.0,,,,252000.0,17650.0,70.0,1651000.0,27458.0,17.0,34100.0,61700.0,1809.4,3967.0,89033.0,22443.4,6850.0,6800.0,992.7,8190000.0,35000.0,,210000.0,7781.0,153373.22,19712.1,450000.0,982000.0,2182.2,,23100.0,,65000.0
858,Uruguay,2014,71900.0,252400.0,3510.4,32667.0,11834000.0,,,,,,15200.0,64598.0,19000.0,600.0,17400.0,2367.0,799200.0,47952.0,20259.0,338.0,2103700.0,517500.0,246.0,34000.0,84873.0,2496.0,,,,241000.0,16916.0,70.0,1514000.0,23994.0,16.0,14000.0,23000.0,1642.9,4041.0,82561.0,20430.8,6710.0,6620.0,986.6,7427000.0,30774.65,,208000.0,8272.0,167466.0,20244.9,462000.0,1532796.0,3317.7,,23821.07,,67123.64
858,Uruguay,2015,99500.0,243200.0,2444.2,18310.0,11911000.0,,,,,,12012.41,66634.0,36997.0,1990.0,17438.0,2478.0,684000.0,44460.0,17942.0,276.0,2204400.0,536769.21,243.0,34500.0,85205.0,2470.0,,,,227000.0,14211.45,63.0,856798.0,14521.48,17.0,42000.0,76000.0,1809.5,4234.0,72913.0,17220.8,6701.0,6635.55,990.2,6647000.0,25149.34,,216000.0,8574.0,178116.61,20774.5,399000.0,1076000.0,2696.7,,21674.6,,87800.0
858,Uruguay,2016,92700.0,354800.0,3827.4,16325.0,11993000.0,,,,,,8989.02,65421.0,35615.0,640.0,17530.0,2588.0,720000.0,46800.0,18082.0,278.0,2263767.0,564877.59,250.0,33692.0,83288.0,2472.0,,,,215000.0,14983.0,70.0,830219.0,14325.85,17.0,22100.0,42000.0,1900.5,4424.0,89000.0,20117.5,6681.0,6613.88,989.9,6546000.0,19194.87,,187000.0,8336.0,172148.73,20650.4,330080.0,1191000.0,3608.2,,16670.51,,128500.0
858,Uruguay,2017,190000.0,678000.0,3568.4,17150.0,11739000.0,,,,,,10500.0,61186.0,32788.0,580.0,17655.0,2771.0,756000.0,49140.0,17736.0,273.0,2345654.0,594122.19,253.0,31149.0,74428.0,2389.0,,,,209000.0,14267.0,68.0,827908.0,14405.6,17.0,19000.0,32000.0,1684.2,4769.0,94327.0,19779.2,6674.0,6639.92,994.9,6565000.0,21878.82,,175000.0,8646.0,177058.67,20479.5,215000.0,757000.0,3520.9,,15459.16,,110000.0
858,Uruguay,2018,153000.0,385000.0,2516.3,16371.0,11468000.0,,,,,,9827.36,56940.0,31678.0,600.0,17802.0,2450.0,752400.0,48906.0,19962.0,307.0,2355240.0,589732.0,250.0,30126.0,70417.0,2337.0,,,,154712.0,13175.0,85.0,953463.0,17562.0,18.0,25700.0,52700.0,2050.6,4167.0,87000.0,20878.3,6602.0,6591.39,998.4,6399000.0,20677.36,,171000.0,8474.0,177858.03,20987.5,193000.0,440000.0,2279.8,,16005.5,,146000.0
858,Uruguay,2019,167300.0,637800.0,3812.3,19060.0,11411000.0,,,,,,14132.91,55968.0,43894.0,602.59,17977.0,2653.0,864000.0,56160.0,21168.0,326.0,2231997.0,580320.0,260.0,29535.0,71651.0,2426.0,,,,142761.0,10000.0,70.0,857117.0,17658.0,21.0,15589.0,34816.0,2233.4,4053.0,94400.0,23291.4,6500.0,6517.09,1002.6,6562000.0,19907.0,,165000.0,8453.0,178499.66,21117.8,198400.0,727600.0,3667.3,,16629.56,,135480.0
858,Uruguay,2020,164900.0,606700.0,3679.2,22773.0,11182000.0,,,,,,15384.19,55731.0,44694.0,649.01,18134.0,3184.0,892800.0,58032.0,18226.0,280.0,2006547.0,510160.0,254.0,29700.0,70291.0,2367.0,,,,144786.0,10526.0,73.0,1007716.0,23639.0,23.0,20737.0,45483.0,2193.3,3642.0,73706.0,20237.8,6408.0,6454.57,1007.3,6337000.0,19704.0,,162000.0,8361.0,180233.73,21556.7,237500.0,776300.0,3268.6,,18105.86,,148698.0
858,Uruguay,2021,185500.0,888800.0,4791.4,20258.0,11910000.0,,,,,,12567.39,60070.0,43675.0,648.15,18265.0,2838.0,864000.0,56160.0,19789.0,304.0,2534363.0,572522.0,226.0,32638.0,79373.0,2432.0,,,,192000.0,12691.0,66.0,1325000.0,24637.0,19.0,14500.0,30749.0,2120.6,3806.0,93121.0,24466.9,6510.0,6517.1,1001.1,6230000.0,22300.0,,169000.0,8425.0,179450.95,21299.3,223900.0,936400.0,4182.2,,17527.64,,155000.0
858,Uruguay,2022,224300.0,920100.0,4102.1,21651.0,11572000.0,,,,,,15397.83,56517.0,47399.0,624.34,18317.0,2800.0,824400.0,58032.0,20726.0,294.0,2405390.0,616485.23,256.0,32808.0,79727.0,2430.0,,,,183000.0,11681.0,64.0,1309601.0,24074.0,18.0,14100.0,30317.3,2150.2,3830.0,91000.0,23759.8,6466.0,6505.7,1006.2,6164000.0,27634.0,,161000.0,8411.0,178901.6,21270.7,301900.0,1283100.0,4250.1,,17729.83,,140882.0
858,Uruguay,2023,211000.0,897200.0,4252.1,21123.0,11877000.0,,,,,,8641.33,64636.0,49779.0,890.58,18418.0,2880.0,867600.0,56394.0,19580.0,301.0,2290974.0,599000.0,261.0,32074.0,74218.0,2314.0,,,,180000.0,12608.0,70.0,1265655.0,22305.84,18.0,13500.0,29930.4,2217.1,3002.0,68000.0,22651.6,6465.0,6501.01,1005.6,5927000.0,12898.0,,153000.0,8398.0,179540.7,21379.6,266800.0,1343800.0,5036.7,,16866.06,,166129.0
